id,image
jeremiyah-love,"https://www.maddenratings.com/wp-content/uploads/jeremiyah-love-16370.png"
josh-sweat,"https://www.maddenratings.com/wp-content/uploads/josh-sweat-13259-madden-photo.png"
hjalte-froholdt,"https://www.maddenratings.com/wp-content/uploads/hjalte-froholdt-20377-madden-photo.png"
trey-mcbride,"https://www.maddenratings.com/wp-content/uploads/trey-mcbride-22093-madden-photo.png"
budda-baker,"https://www.maddenratings.com/wp-content/uploads/budda-baker-12549-madden-photo.png"
michael-wilson,"https://www.maddenratings.com/wp-content/uploads/michael-wilson-22810-madden-photo.png"
paris-johnson-jr,"https://www.maddenratings.com/wp-content/uploads/paris-johnson-jr-22699-madden-photo.png"
isaac-seumalo,"https://www.maddenratings.com/wp-content/uploads/isaac-seumalo-17776-madden-photo.png"
walter-nolen,"https://www.maddenratings.com/wp-content/uploads/walter-nolen-15235-madden-photo.png"
james-conner,"https://www.maddenratings.com/wp-content/uploads/james-conner-12664-madden-photo.png"
marvin-harrison-jr,"https://www.maddenratings.com/wp-content/uploads/marvin-harrison-jr-14643-madden-photo.png"
garrett-williams,"https://www.maddenratings.com/wp-content/uploads/garrett-williams-23028-madden-photo.png"
tyler-allgeier,"https://www.maddenratings.com/wp-content/uploads/tyler-allgeier-22315-madden-photo.png"
mack-wilson,"https://www.maddenratings.com/wp-content/uploads/mack-wilson-sr-20582-madden-photo.png"
kendrick-bourne,"https://www.maddenratings.com/wp-content/uploads/kendrick-bourne-12998-madden-photo.png"
sean-murphy-bunting,"https://www.maddenratings.com/wp-content/uploads/sean-murphy-bunting-20608-madden-photo.png"
will-johnson,"https://www.maddenratings.com/wp-content/uploads/will-johnson-4685408-madden-photo.png"
trey-benson,"https://www.maddenratings.com/wp-content/uploads/trey-benson-14622-madden-photo.png"
andrew-wingard,"https://www.maddenratings.com/wp-content/uploads/andrew-wingard-20631-madden-photo.png"
zaven-collins,"https://www.maddenratings.com/wp-content/uploads/zaven-collins-21495-madden-photo.png"
chad-ryland,"https://www.maddenratings.com/wp-content/uploads/chad-ryland-23110-madden-photo.png"
chase-bisontis,"https://www.maddenratings.com/wp-content/uploads/chase-bisontis-16419.png"
blake-gillikin,"https://www.maddenratings.com/wp-content/uploads/blake-gillikin-21407-madden-photo.png"
keitrel-clark,"https://www.maddenratings.com/wp-content/uploads/keitrel-clark-23054-madden-photo.png"
devin-duvernay,"https://www.maddenratings.com/wp-content/uploads/devin-duvernay-21071-madden-photo.png"
max-melton,"https://www.maddenratings.com/wp-content/uploads/max-melton-14953-madden-photo.png"
andrew-billings,"https://www.maddenratings.com/wp-content/uploads/andrew-billings-17655-madden-photo.png"
bj-ojulari,"https://www.maddenratings.com/wp-content/uploads/bj-ojulari-22701-madden-photo.png"
isaiah-oliver,"https://www.maddenratings.com/wp-content/uploads/isaiah-oliver-13105-madden-photo.png"
baron-browning,"https://www.maddenratings.com/wp-content/uploads/baron-browning-21677-madden-photo.png"
jack-gibbens,"https://www.maddenratings.com/wp-content/uploads/jack-gibbens-22678-madden-photo.png"
dadrion-taylor-demerson,"https://www.maddenratings.com/wp-content/uploads/dadrion-taylor-demerson-15000-madden-photo.png"
jacoby-brissett,"https://www.maddenratings.com/wp-content/uploads/jacoby-brissett-17566-madden-photo.png"
roy-lopez,"https://www.maddenratings.com/wp-content/uploads/roy-lopez-21929-madden-photo.png"
denzel-burke,"https://www.maddenratings.com/wp-content/uploads/denzel-burke-15297-madden-photo.png"
dante-stills,"https://www.maddenratings.com/wp-content/uploads/dante-stills-22960-madden-photo.png"
matt-pryor,"https://www.maddenratings.com/wp-content/uploads/matt-pryor-13470-madden-photo.png"
elijah-wilkinson,"https://www.maddenratings.com/wp-content/uploads/elijah-wilkinson-13028-madden-photo.png"
elijah-jones,"https://www.maddenratings.com/wp-content/uploads/elijah-jones-1074-madden-photo.png"
andre-szmyt,"https://www.maddenratings.com/wp-content/uploads/andre-szmyt-4258620-madden-photo.png"
casey-kreiter,"https://www.maddenratings.com/wp-content/uploads/casey-kreiter-17900-madden-photo.png"
cody-simon,"https://www.maddenratings.com/wp-content/uploads/cody-simon-15249-madden-photo.png"
darius-robinson,"https://www.maddenratings.com/wp-content/uploads/darius-robinson-14872-madden-photo.png"
gardner-minshew-ii,"https://www.maddenratings.com/wp-content/uploads/gardner-minshew-ii-20347-madden-photo.png"
jordan-burch,"https://www.maddenratings.com/wp-content/uploads/jordan-burch-15178-madden-photo.png"
zonovan-knight,"https://www.maddenratings.com/wp-content/uploads/zonovan-knight-22331-madden-photo.png"
isaiah-adams,"https://www.maddenratings.com/wp-content/uploads/isaiah-adams-14716-madden-photo.png"
jonah-williams-lb,"https://www.maddenratings.com/wp-content/uploads/jonah-williams-21996-madden-photo.png"
elijah-higgins,"https://www.maddenratings.com/wp-content/uploads/elijah-higgins-22779-madden-photo.png"
reggie-virgil,"https://www.maddenratings.com/wp-content/uploads/reggie-virgil-16340.png"
jon-gaines-ii,"https://www.maddenratings.com/wp-content/uploads/jon-gaines-ii-23123-madden-photo.png"
lj-collier,"https://www.maddenratings.com/wp-content/uploads/lj-collier-20422-madden-photo.png"
carson-beck,"https://www.maddenratings.com/wp-content/uploads/carson-beck-16161.png"
christian-jones,"https://www.maddenratings.com/wp-content/uploads/christian-jones-14740-madden-photo.png"
ihmir-smith-marsette,"https://www.maddenratings.com/wp-content/uploads/ihmir-smith-marsette-21605-madden-photo.png"
olisaemeka-udoh,"https://www.maddenratings.com/wp-content/uploads/olisaemeka-udoh-20479-madden-photo.png"
simi-fehoko,"https://www.maddenratings.com/wp-content/uploads/simi-fehoko-21742-madden-photo.png"
corey-kiner,"https://www.maddenratings.com/wp-content/uploads/Corey-Kiner-15039.png"
demontrey-jacobs,"https://www.maddenratings.com/wp-content/uploads/demontrey-jacobs-4250935-madden-photo.png"
karson-sharar,"https://www.maddenratings.com/wp-content/uploads/karson-sharar-16303.png"
jalen-brooks,"https://www.maddenratings.com/wp-content/uploads/jalen-brooks-23118-madden-photo.png"
owen-pappoe,"https://www.maddenratings.com/wp-content/uploads/owen-pappoe-22999-madden-photo.png"
kalen-king,"https://www.maddenratings.com/wp-content/uploads/kalen-king-14937-madden-photo.png"
zachary-carter,"https://www.maddenratings.com/wp-content/uploads/zach-carter-22168-madden-photo.png"
jayden-williams,"https://www.maddenratings.com/wp-content/uploads/jayden-williams-16379.png"
pj-mustipher,"https://www.maddenratings.com/wp-content/uploads/pj-mustipher-4361421-madden-photo.png"
tip-reiman,"https://www.maddenratings.com/wp-content/uploads/tip-reiman-1072-madden-photo.png"
kitan-crawford,"https://www.maddenratings.com/wp-content/uploads/kitan-crawford-15343-madden-photo.png"
austin-keys,"https://www.maddenratings.com/wp-content/uploads/austin-keys-4429185-madden-photo.png"
xavier-weaver,"https://www.maddenratings.com/wp-content/uploads/xavier-weaver-4428811-madden-photo.png"
hayden-conner,"https://www.maddenratings.com/wp-content/uploads/hayden-conner-15154-madden-photo.png"
joey-blount,"https://www.maddenratings.com/wp-content/uploads/joey-blount-22604-madden-photo.png"
bijan-robinson,"https://www.maddenratings.com/wp-content/uploads/bijan-robinson-22690-madden-photo.png"
teagan-quitoriano,"https://www.maddenratings.com/wp-content/uploads/teagan-quitoriano-22349-madden-photo.png"
kenny-yeboah,"https://www.maddenratings.com/wp-content/uploads/kenny-yeboah-21627-madden-photo.png"
josh-fryar,"https://www.maddenratings.com/wp-content/uploads/josh-fryar-4429782-madden-photo.png"
eku-leota,"https://www.maddenratings.com/wp-content/uploads/eku-leota-22990-madden-photo.png"
drake-london,"https://www.maddenratings.com/wp-content/uploads/drake-london-22068-madden-photo.png"
jessie-bates-iii,"https://www.maddenratings.com/wp-content/uploads/jessie-bates-iii-13202-madden-photo.png"
chris-lindstrom,"https://www.maddenratings.com/wp-content/uploads/chris-lindstrom-20369-madden-photo.png"
aj-terrell-jr,"https://www.maddenratings.com/wp-content/uploads/aj-terrell-jr-21002-madden-photo.png"
jake-matthews,"https://www.maddenratings.com/wp-content/uploads/jake-matthews-12349-madden-photo.png"
divine-deablo,"https://www.maddenratings.com/wp-content/uploads/divine-deablo-21667-madden-photo.png"
kyle-pitts,"https://www.maddenratings.com/wp-content/uploads/kyle-pitts-21565-madden-photo.png"
nick-folk,"https://www.maddenratings.com/wp-content/uploads/nick-folk-28142-madden-photo.png"
kedon-slovis,"https://www.maddenratings.com/wp-content/uploads/kedon-slovis-4428512-madden-photo.png"
ryan-neuzil,"https://www.maddenratings.com/wp-content/uploads/ryan-neuzil-21846-madden-photo.png"
jalon-walker,"https://www.maddenratings.com/wp-content/uploads/jalon-walker-15265-madden-photo.png"
james-pearce-jr,"https://www.maddenratings.com/wp-content/uploads/james-pearce-jr-15202-madden-photo.png"
brian-robinson,"https://www.maddenratings.com/wp-content/uploads/brian-robinson-jr-22055-madden-photo.png"
xavier-watts,"https://www.maddenratings.com/wp-content/uploads/xavier-watts-15331-madden-photo.png"
matthew-bergeron,"https://www.maddenratings.com/wp-content/uploads/matthew-bergeron-22878-madden-photo.png"
jawaan-taylor,"https://www.maddenratings.com/wp-content/uploads/jawaan-taylor-20534-madden-photo.png"
samson-ebukam,"https://www.maddenratings.com/wp-content/uploads/samson-ebukam-12834-madden-photo.png"
austin-hooper,"https://www.maddenratings.com/wp-content/uploads/austin-hooper-17645-madden-photo.png"
avieon-terrell,"https://www.maddenratings.com/wp-content/uploads/madden-nfl-player.png"
clark-phillips-iii,"https://www.maddenratings.com/wp-content/uploads/clark-phillips-iii-23035-madden-photo.png"
mike-hughes,"https://www.maddenratings.com/wp-content/uploads/mike-hughes-13148-madden-photo.png"
jake-bailey,"https://www.maddenratings.com/wp-content/uploads/jake-bailey-20480-madden-photo.png"
billy-bowman-jr,"https://www.maddenratings.com/wp-content/uploads/billy-bowman-jr-15332-madden-photo.png"
dashawn-hand,"https://www.maddenratings.com/wp-content/uploads/dashawn-hand-13241-madden-photo.png"
azeez-ojulari,"https://www.maddenratings.com/wp-content/uploads/azeez-ojulari-21509-madden-photo.png"
michael-penix-jr,"https://www.maddenratings.com/wp-content/uploads/michael-penix-jr-14608-madden-photo.png"
zachariah-branch,"https://www.maddenratings.com/wp-content/uploads/madden-nfl-player.png"
jahan-dotson,"https://www.maddenratings.com/wp-content/uploads/jahan-dotson-22073-madden-photo.png"
zach-harrison,"https://www.maddenratings.com/wp-content/uploads/zach-harrison-22920-madden-photo.png"
mike-ford,"https://www.maddenratings.com/wp-content/uploads/mike-ford-jr-13881-madden-photo.png"
brandon-dorlus,"https://www.maddenratings.com/wp-content/uploads/brandon-dorlus-14768-madden-photo.png"
sydney-brown,"https://www.maddenratings.com/wp-content/uploads/sydney-brown-23081-madden-photo.png"
olamide-zaccheaus,"https://www.maddenratings.com/wp-content/uploads/olamide-zaccheaus-20802-madden-photo.png"
christian-harris,"https://www.maddenratings.com/wp-content/uploads/christian-harris-22405-madden-photo.png"
darnay-holmes,"https://www.maddenratings.com/wp-content/uploads/darnay-holmes-21006-madden-photo.png"
layden-robinson,"https://www.maddenratings.com/wp-content/uploads/layden-robinson-14729-madden-photo.png"
troy-andersen,"https://www.maddenratings.com/wp-content/uploads/troy-andersen-22194-madden-photo.png"
bralen-trice,"https://www.maddenratings.com/wp-content/uploads/bralen-trice-14754-madden-photo.png"
cj-henderson,"https://www.maddenratings.com/wp-content/uploads/cj-henderson.png"
cameron-thomas,"https://www.maddenratings.com/wp-content/uploads/cameron-thomas-22312-madden-photo.png"
kendal-daniels,"https://www.maddenratings.com/wp-content/uploads/madden-nfl-player.png"
matthew-hayball,"https://www.maddenratings.com/wp-content/uploads/matthew-hayball-4571597-madden-photo.png"
demarcco-hellams,"https://www.maddenratings.com/wp-content/uploads/demarcco-hellams-23050-madden-photo.png"
jammie-robinson,"https://www.maddenratings.com/wp-content/uploads/jammie-robinson-23045-madden-photo.png"
jd-bertrand,"https://www.maddenratings.com/wp-content/uploads/jd-bertrand-14915-madden-photo.png"
lacale-london,"https://www.maddenratings.com/wp-content/uploads/lacale-london-21951-madden-photo.png"
maason-smith,"https://www.maddenratings.com/wp-content/uploads/maason-smith-14859-madden-photo.png"
wanya-morris,"https://www.maddenratings.com/wp-content/uploads/wanya-morris-22869-madden-photo.png"
ethan-onianwa,"https://www.maddenratings.com/wp-content/uploads/madden-nfl-player.png"
darren-hall,"https://www.maddenratings.com/wp-content/uploads/darren-hall-21487-madden-photo.png"
tyler-goodson,"https://www.maddenratings.com/wp-content/uploads/tyler-goodson-22325-madden-photo.png"
anterio-thompson,"https://www.maddenratings.com/wp-content/uploads/madden-nfl-player.png"
nate-carter,"https://www.maddenratings.com/wp-content/uploads/nate-carter-4605841-madden-photo.png"
michael-jerrell,"https://www.maddenratings.com/wp-content/uploads/michael-jerrell-1120-madden-photo.png"
channing-tindall,"https://www.maddenratings.com/wp-content/uploads/channing-tindall-22204-madden-photo.png"
dylan-drummond,"https://www.maddenratings.com/wp-content/uploads/Dylan-Drummond-4774.png"
charlie-woerner,"https://www.maddenratings.com/wp-content/uploads/charlie-woerner-21327-madden-photo.png"
cobee-bryant,"https://www.maddenratings.com/wp-content/uploads/cobee-bryant-4429324-madden-photo.png"
corey-levin,"https://www.maddenratings.com/wp-content/uploads/corey-levin-12763-madden-photo.png"
harold-perkins-jr,"https://www.maddenratings.com/wp-content/uploads/madden-nfl-player.png"
brandon-walton,"https://www.maddenratings.com/wp-content/uploads/brandon-walton-22578-madden-photo.png"
james-brockermeyer,"https://www.maddenratings.com/wp-content/uploads/madden-nfl-player.png"
andrew-stueber,"https://www.maddenratings.com/wp-content/uploads/andrew-stueber-22109-madden-photo.png"
liam-mccullough,"https://www.maddenratings.com/wp-content/uploads/liam-mccullough-22504-madden-photo.png"
kyle-hinton,"https://www.maddenratings.com/wp-content/uploads/kyle-hinton-24426-madden-photo.png"
chris-williams,"https://www.maddenratings.com/wp-content/uploads/chris-williams-4034530-madden-photo.png"
storm-norton,"https://www.maddenratings.com/wp-content/uploads/storm-norton-13013-madden-photo.png"
lamar-jackson,"https://www.maddenratings.com/wp-content/uploads/lamar-jackson-13092-madden-photo.png"
derrick-henry,"https://www.maddenratings.com/wp-content/uploads/derrick-henry-17557-madden-photo.png"
jack-nelson,"https://www.maddenratings.com/wp-content/uploads/jack-nelson-15145-madden-photo.png"
natrone-brooks,"https://www.maddenratings.com/wp-content/uploads/natrone-brooks-4689989-madden-photo.png"
roquan-smith,"https://www.maddenratings.com/wp-content/uploads/roquan-smith-13082-madden-photo.png"
kyle-hamilton,"https://www.maddenratings.com/wp-content/uploads/kyle-hamilton-22226-madden-photo.png"
trey-hendrickson,"https://www.maddenratings.com/wp-content/uploads/trey-hendrickson-12692-madden-photo.png"
zay-flowers,"https://www.maddenratings.com/wp-content/uploads/zay-flowers-22768-madden-photo.png"
justin-madubuike,"https://www.maddenratings.com/wp-content/uploads/nnamdi-madubuike-20982-madden-photo.png"
mark-andrews,"https://www.maddenratings.com/wp-content/uploads/mark-andrews-13112-madden-photo.png"
deangelo-malone,"https://www.maddenratings.com/wp-content/uploads/deangelo-malone-22152-madden-photo.png"
chidobe-awuzie,"https://www.maddenratings.com/wp-content/uploads/chidobe-awuzie-12587-madden-photo.png"
ronnie-stanley,"https://www.maddenratings.com/wp-content/uploads/ronnie-stanley-17545-madden-photo.png"
marlon-humphrey,"https://www.maddenratings.com/wp-content/uploads/marlon-humphrey-12544-madden-photo.png"
nate-wiggins,"https://www.maddenratings.com/wp-content/uploads/nate-wiggins-14924-madden-photo.png"
calais-campbell,"https://www.maddenratings.com/wp-content/uploads/calais-campbell-28363-madden-photo.png"
john-simpson,"https://www.maddenratings.com/wp-content/uploads/john-simpson-21103-madden-photo.png"
olaivavega-ioane,"https://www.maddenratings.com/wp-content/uploads/olaivavega-ioane-16217.png"
jaylinn-hawkins,"https://www.maddenratings.com/wp-content/uploads/jaylinn-hawkins-21272-madden-photo.png"
malaki-starks,"https://www.maddenratings.com/wp-content/uploads/malaki-starks-15357-madden-photo.png"
roger-rosengarten,"https://www.maddenratings.com/wp-content/uploads/roger-rosengarten-14733-madden-photo.png"
trenton-simpson,"https://www.maddenratings.com/wp-content/uploads/trenton-simpson-22704-madden-photo.png"
travis-jones,"https://www.maddenratings.com/wp-content/uploads/travis-jones-22179-madden-photo.png"
justice-hill,"https://www.maddenratings.com/wp-content/uploads/justice-hill-20490-madden-photo.png"
rashod-bateman,"https://www.maddenratings.com/wp-content/uploads/rashod-bateman-21584-madden-photo.png"
zion-young,"https://www.maddenratings.com/wp-content/uploads/zion-young-1863.png"
tavius-robinson,"https://www.maddenratings.com/wp-content/uploads/tavius-robinson-23142-madden-photo.png"
tyler-loop,"https://www.maddenratings.com/wp-content/uploads/tyler-loop-15363-madden-photo.png"
john-jenkins,"https://www.maddenratings.com/wp-content/uploads/john-jenkins-1073-madden-photo.png"
andrew-vorhees,"https://www.maddenratings.com/wp-content/uploads/andrew-vorhees-22854-madden-photo.png"
chandler-rivers,"https://www.maddenratings.com/wp-content/uploads/chandler-rivers-16276.png"
mike-green,"https://www.maddenratings.com/wp-content/uploads/mike-green-15200-madden-photo.png"
ryan-eckley,"https://www.maddenratings.com/wp-content/uploads/ryan-eckley-16341.png"
devontez-walker,"https://www.maddenratings.com/wp-content/uploads/devontez-walker-14653-madden-photo.png"
jakobi-lane,"https://www.maddenratings.com/wp-content/uploads/jakobi-lane-10170.png"
adisa-isaac,"https://www.maddenratings.com/wp-content/uploads/adisa-isaac-14769-madden-photo.png"
durham-smythe,"https://www.maddenratings.com/wp-content/uploads/durham-smythe-13291-madden-photo.png"
elijah-sarratt,"https://www.maddenratings.com/wp-content/uploads/elijah-sarratt-16322.png"
kvon-wallace,"https://www.maddenratings.com/wp-content/uploads/kvon-wallace-21167-madden-photo.png"
broderick-washington-jr,"https://www.maddenratings.com/wp-content/uploads/broderick-washington-21339-madden-photo.png"
bilhal-kone,"https://www.maddenratings.com/wp-content/uploads/bilhal-kone-15304-madden-photo.png"
robert-longerbeam,"https://www.maddenratings.com/wp-content/uploads/robert-longerbeam-15324-madden-photo.png"
emery-jones-jr,"https://www.maddenratings.com/wp-content/uploads/emery-jones-jr-15164-madden-photo.png"
nick-moore,"https://www.maddenratings.com/wp-content/uploads/nick-moore-20484-madden-photo.png"
lajohntay-wester,"https://www.maddenratings.com/wp-content/uploads/lajohntay-wester-15100-madden-photo.png"
rasheen-ali,"https://www.maddenratings.com/wp-content/uploads/rasheen-ali-14638-madden-photo.png"
tyler-huntley,"https://www.maddenratings.com/wp-content/uploads/tyler-huntley.png"
tj-tampa,"https://www.maddenratings.com/wp-content/uploads/tj-tampa-14936-madden-photo.png"
amani-oruwariye,"https://www.maddenratings.com/wp-content/uploads/amani-oruwariye-20448-madden-photo.png"
cornelius-johnson,"https://www.maddenratings.com/wp-content/uploads/cornelius-johnson-15018-madden-photo.png"
rayshaun-benny,"https://www.maddenratings.com/wp-content/uploads/rayshaun-benny-16175.png"
danny-pinter,"https://www.maddenratings.com/wp-content/uploads/danny-pinter-21337-madden-photo.png"
carson-vinson,"https://www.maddenratings.com/wp-content/uploads/carson-vinson-4604-madden-photo.png"
aeneas-peebles,"https://www.maddenratings.com/wp-content/uploads/aeneas-peebles-15213-madden-photo.png"
adam-randall,"https://www.maddenratings.com/wp-content/uploads/adam-randall-16272.png"
aaron-graves,"https://www.maddenratings.com/wp-content/uploads/madden-nfl-player.png"
evan-beerntsen,"https://www.maddenratings.com/wp-content/uploads/evan-beerntsen-10181.png"
keyon-martin,"https://www.maddenratings.com/wp-content/uploads/keyon-martin-4694334-madden-photo.png"
cortez-braham-jr,"https://www.maddenratings.com/wp-content/uploads/madden-nfl-player.png"
diego-pavia,"https://www.maddenratings.com/wp-content/uploads/diego-pavia-10174.png"
kaimon-rucker,"https://www.maddenratings.com/wp-content/uploads/kaimon-rucker-15195-madden-photo.png"
josh-cuevas,"https://www.maddenratings.com/wp-content/uploads/josh-cuevas-1888.png"
marquise-robinson,"https://www.maddenratings.com/wp-content/uploads/marquise-robinson-5082541-madden-photo.png"
matthew-hibner,"https://www.maddenratings.com/wp-content/uploads/matthew-hibner-10179.png"
skylar-thompson,"https://www.maddenratings.com/wp-content/uploads/skylar-thompson-22385-madden-photo.png"
dominic-deluca,"https://www.maddenratings.com/wp-content/uploads/madden-nfl-player.png"
jovaughn-gwyn,"https://www.maddenratings.com/wp-content/uploads/jovaughn-gwyn-23125-madden-photo.png"
jay-higgins,"https://www.maddenratings.com/wp-content/uploads/jay-higgins-15261-madden-photo.png"
jared-penning,"https://www.maddenratings.com/wp-content/uploads/jared-penning-4428225-madden-photo.png"
corey-bullock,"https://www.maddenratings.com/wp-content/uploads/corey-bullock-4576075-madden-photo.png"
c-j-okoye,"https://www.maddenratings.com/wp-content/uploads/cj-okoye-5144942-madden-photo.png"
diego-pounds,"https://www.maddenratings.com/wp-content/uploads/madden-nfl-player.png"
silas-walters,"https://www.maddenratings.com/wp-content/uploads/madden-nfl-player.png"
keondre-jackson,"https://www.maddenratings.com/wp-content/uploads/keondre-jackson-4878287-madden-photo.png"
james-cook,"https://www.maddenratings.com/wp-content/uploads/james-cook-22054-madden-photo.png"
josh-allen,"https://www.maddenratings.com/wp-content/uploads/josh-allen-13197-madden-photo.png"
carl-jones,"https://www.maddenratings.com/wp-content/uploads/carl-jones-4569428-madden-photo.png"
gregory-rousseau,"https://www.maddenratings.com/wp-content/uploads/greg-rousseau-21517-madden-photo.png"
spencer-brown,"https://www.maddenratings.com/wp-content/uploads/spencer-brown-21649-madden-photo.png"
dion-dawkins,"https://www.maddenratings.com/wp-content/uploads/dion-dawkins-12622-madden-photo.png"
dj-moore,"https://www.maddenratings.com/wp-content/uploads/dj-moore-13184-madden-photo.png"
terrel-bernard,"https://www.maddenratings.com/wp-content/uploads/terrel-bernard-22192-madden-photo.png"
connor-mcgovern-lg,"https://www.maddenratings.com/wp-content/uploads/connor-mcgovern-20665-madden-photo.png"
dalton-kincaid,"https://www.maddenratings.com/wp-content/uploads/dalton-kincaid-22823-madden-photo.png"
christian-benford,"https://www.maddenratings.com/wp-content/uploads/christian-benford-22487-madden-photo.png"
khalil-shakir,"https://www.maddenratings.com/wp-content/uploads/khalil-shakir-22074-madden-photo.png"
cole-bishop,"https://www.maddenratings.com/wp-content/uploads/cole-bishop-14958-madden-photo.png"
joe-fagnano,"https://www.maddenratings.com/wp-content/uploads/madden-nfl-player.png"
bradley-chubb,"https://www.maddenratings.com/wp-content/uploads/bradley-chubb-13079-madden-photo.png"
maxwell-hairston,"https://www.maddenratings.com/wp-content/uploads/maxwell-hairston-15328-madden-photo.png"
geno-stone,"https://www.maddenratings.com/wp-content/uploads/geno-stone-21018-madden-photo.png"
austin-corbett,"https://www.maddenratings.com/wp-content/uploads/austin-corbett-13177-madden-photo.png"
dawson-knox,"https://www.maddenratings.com/wp-content/uploads/dawson-knox-20523-madden-photo.png"
mike-danna,"https://www.maddenratings.com/wp-content/uploads/mike-danna-21231-madden-photo.png"
tj-parker,"https://www.maddenratings.com/wp-content/uploads/tj-parker-16266.png"
dee-alford,"https://www.maddenratings.com/wp-content/uploads/dee-alford-22628-madden-photo.png"
cj-gardner-johnson,"https://www.maddenratings.com/wp-content/uploads/cj-gardner-johnson-20621-madden-photo.png"
josh-palmer,"https://www.maddenratings.com/wp-content/uploads/joshua-palmer-21615-madden-photo.png"
keon-coleman,"https://www.maddenratings.com/wp-content/uploads/keon-coleman-14646-madden-photo.png"
lloyd-cushenberry-iii,"https://www.maddenratings.com/wp-content/uploads/lloyd-cushenberry-iii-20974-madden-photo.png"
ocyrus-torrence,"https://www.maddenratings.com/wp-content/uploads/ocyrus-torrence-22852-madden-photo.png"
michael-hoecht,"https://www.maddenratings.com/wp-content/uploads/michael-hoecht-21386-madden-photo.png"
ray-davis,"https://www.maddenratings.com/wp-content/uploads/ray-davis-14626-madden-photo.png"
mitch-wishnowsky,"https://www.maddenratings.com/wp-content/uploads/mitch-wishnowsky.png"
ty-johnson,"https://www.maddenratings.com/wp-content/uploads/ty-johnson-20734-madden-photo.png"
landon-jackson,"https://www.maddenratings.com/wp-content/uploads/landon-jackson-15174-madden-photo.png"
dorian-williams,"https://www.maddenratings.com/wp-content/uploads/dorian-williams-23015-madden-photo.png"
davison-igbinosun,"https://www.maddenratings.com/wp-content/uploads/davison-igbinosun-16184.png"
damar-hamlin,"https://www.maddenratings.com/wp-content/uploads/damar-hamlin-21663-madden-photo.png"
mecole-hardman,"https://www.maddenratings.com/wp-content/uploads/mecole-hardman-20508-madden-photo.png"
tommy-doman-jr,"https://www.maddenratings.com/wp-content/uploads/tommy-doman-jr-16177.png"
deone-walker,"https://www.maddenratings.com/wp-content/uploads/deone-walker-15242-madden-photo.png"
skyler-bell,"https://www.maddenratings.com/wp-content/uploads/skyler-bell-1853.png"
trent-sherfield,"https://www.maddenratings.com/wp-content/uploads/trent-sherfield-sr-13759-madden-photo.png"
kaleb-elarms-orr,"https://www.maddenratings.com/wp-content/uploads/kaleb-elarms-orr-16262.png"
dorian-strong,"https://www.maddenratings.com/wp-content/uploads/dorian-strong-15295-madden-photo.png"
tj-sanders,"https://www.maddenratings.com/wp-content/uploads/tj-sanders-15241-madden-photo.png"
dewayne-carter,"https://www.maddenratings.com/wp-content/uploads/dewayne-carter-14867-madden-photo.png"
jordan-hancock,"https://www.maddenratings.com/wp-content/uploads/jordan-hancock-15316-madden-photo.png"
javon-solomon,"https://www.maddenratings.com/wp-content/uploads/javon-solomon-14896-madden-photo.png"
reid-ferguson,"https://www.maddenratings.com/wp-content/uploads/reid-ferguson-13039-madden-photo.png"
joe-andreessen,"https://www.maddenratings.com/wp-content/uploads/joe-andreessen-4366349-madden-photo.png"
jude-bowry,"https://www.maddenratings.com/wp-content/uploads/jude-bowry-16251.png"
phidarian-mathis,"https://www.maddenratings.com/wp-content/uploads/phidarian-mathis-22167-madden-photo.png"
sam-franklin,"https://www.maddenratings.com/wp-content/uploads/sam-franklin-jr-21401-madden-photo.png"
jackson-hawes,"https://www.maddenratings.com/wp-content/uploads/jackson-hawes-15104-madden-photo.png"
tyrell-shavers,"https://www.maddenratings.com/wp-content/uploads/tyrell-shavers-4241476-madden-photo.png"
zane-durant,"https://www.maddenratings.com/wp-content/uploads/zane-durant-16219.png"
ben-vansumeren,"https://www.maddenratings.com/wp-content/uploads/ben-vansumeren-4372070-madden-photo.png"
toriano-pride-jr,"https://www.maddenratings.com/wp-content/uploads/toriano-pride-jr-1872.png"
armaj-reed-adams,"https://www.maddenratings.com/wp-content/uploads/armaj-reed-adams-1851.png"
alec-anderson,"https://www.maddenratings.com/wp-content/uploads/alec-anderson-22436-madden-photo.png"
sedrick-van-pran-granger,"https://www.maddenratings.com/wp-content/uploads/sedrick-van-pran-granger-14710-madden-photo.png"
jalon-kilgore,"https://www.maddenratings.com/wp-content/uploads/jalon-kilgore-16403.png"
tommy-akingbesote,"https://www.maddenratings.com/wp-content/uploads/tommy-akingbesote-15233-madden-photo.png"
chase-lundt,"https://www.maddenratings.com/wp-content/uploads/chase-lundt-15142-madden-photo.png"
deven-thompkins,"https://www.maddenratings.com/wp-content/uploads/deven-thompkins.png"
jimmy-ciarlo,"https://www.maddenratings.com/wp-content/uploads/jimmy-ciarlo-4689804-madden-photo.png"
shane-zylstra,"https://www.maddenratings.com/wp-content/uploads/shane-zylstra-22633-madden-photo.png"
zion-logue,"https://www.maddenratings.com/wp-content/uploads/zion-logue-14889-madden-photo.png"
tylan-grable,"https://www.maddenratings.com/wp-content/uploads/tylan-grable-1119-madden-photo.png"
demetrius-flannigan-fowles,"https://www.maddenratings.com/wp-content/uploads/demetrius-flannigan-fowles-21403-madden-photo.png"
keleki-latu,"https://www.maddenratings.com/wp-content/uploads/keleki-latu-4785-madden-photo.png"
nick-broeker,"https://www.maddenratings.com/wp-content/uploads/nick-broeker-22860-madden-photo.png"
travis-clayton,"https://www.maddenratings.com/wp-content/uploads/travis-clayton-1130-madden-photo.png"
andre-jones,"https://www.maddenratings.com/wp-content/uploads/andre-jones-jr-22987-madden-photo.png"
shane-buechele,"https://www.maddenratings.com/wp-content/uploads/shane-buechele-21710-madden-photo.png"
damien-lewis,"https://www.maddenratings.com/wp-content/uploads/damien-lewis-21101-madden-photo.png"
jaycee-horn,"https://www.maddenratings.com/wp-content/uploads/jaycee-horn-21451-madden-photo.png"
devin-lloyd,"https://www.maddenratings.com/wp-content/uploads/devin-lloyd-22183-madden-photo.png"
frank-gore-jr,"https://www.maddenratings.com/wp-content/uploads/frank-gore-jr-14634-madden-photo.png"
derrick-brown,"https://www.maddenratings.com/wp-content/uploads/derrick-brown-21286-madden-photo.png"
tetairoa-mcmillan,"https://www.maddenratings.com/wp-content/uploads/tetairoa-mcmillan-15097-madden-photo.png"
kyle-allen,"https://www.maddenratings.com/wp-content/uploads/kyle-allen-13691-madden-photo.png"
chuba-hubbard,"https://www.maddenratings.com/wp-content/uploads/chuba-hubbard-21574-madden-photo.png"
robert-hunt,"https://www.maddenratings.com/wp-content/uploads/robert-hunt-21291-madden-photo.png"
trevon-moehrig,"https://www.maddenratings.com/wp-content/uploads/trevon-moehrig-21490-madden-photo.png"
ikem-ekwonu,"https://www.maddenratings.com/wp-content/uploads/ikem-ekwonu-22439-madden-photo.png"
taylor-moton,"https://www.maddenratings.com/wp-content/uploads/taylor-moton-12636-madden-photo.png"
rasheed-walker,"https://www.maddenratings.com/wp-content/uploads/rasheed-walker-22448-madden-photo.png"
jaelan-phillips,"https://www.maddenratings.com/wp-content/uploads/jaelan-phillips-21512-madden-photo.png"
bryce-young,"https://www.maddenratings.com/wp-content/uploads/bryce-young-22686-madden-photo.png"
jj-jansen,"https://www.maddenratings.com/wp-content/uploads/jj-jansen-10539-madden-photo.png"
brady-christensen,"https://www.maddenratings.com/wp-content/uploads/brady-christensen-21532-madden-photo.png"
jalen-coker,"https://www.maddenratings.com/wp-content/uploads/jalen-coker-1325-madden-photo.png"
mike-jackson-sr,"https://www.maddenratings.com/wp-content/uploads/mike-jackson-20607-madden-photo.png"
monroe-freeling,"https://www.maddenratings.com/wp-content/uploads/monroe-freeling-16165.png"
jonathon-brooks,"https://www.maddenratings.com/wp-content/uploads/jonathon-brooks-14621-madden-photo.png"
ryan-fitzgerald,"https://www.maddenratings.com/wp-content/uploads/ryan-fitzgerald-15369-madden-photo.png"
aj-dillon,"https://www.maddenratings.com/wp-content/uploads/aj-dillon-20917-madden-photo.png"
nic-scourton,"https://www.maddenratings.com/wp-content/uploads/nic-scourton-15203-madden-photo.png"
nick-scott,"https://www.maddenratings.com/wp-content/uploads/nick-scott-20747-madden-photo.png"
bobby-brown-iii,"https://www.maddenratings.com/wp-content/uploads/bobby-brown-iii-21922-madden-photo.png"
trevin-wallace,"https://www.maddenratings.com/wp-content/uploads/trevin-wallace-15031-madden-photo.png"
xavier-legette,"https://www.maddenratings.com/wp-content/uploads/xavier-legette-14652-madden-photo.png"
lee-hunter,"https://www.maddenratings.com/wp-content/uploads/lee-hunter-1857.png"
sam-martin,"https://www.maddenratings.com/wp-content/uploads/sam-martin-11938-madden-photo.png"
tershawn-wharton,"https://www.maddenratings.com/wp-content/uploads/tershawn-wharton-21238-madden-photo.png"
chau-smith-wade,"https://www.maddenratings.com/wp-content/uploads/chau-smith-wade-14966-madden-photo.png"
chris-brazzell-ii,"https://www.maddenratings.com/wp-content/uploads/chris-brazzell-ii-1810.png"
tommy-tremble,"https://www.maddenratings.com/wp-content/uploads/tommy-tremble-21777-madden-photo.png"
isaiah-simmons,"https://www.maddenratings.com/wp-content/uploads/isaiah-simmons-21000-madden-photo.png"
john-metchie,"https://www.maddenratings.com/wp-content/uploads/john-metchie-22361-madden-photo.png"
david-moore,"https://www.maddenratings.com/wp-content/uploads/david-moore-12859-madden-photo.png"
akayleb-evans,"https://www.maddenratings.com/wp-content/uploads/akayleb-evans-22208-madden-photo.png"
princely-umanmielen,"https://www.maddenratings.com/wp-content/uploads/princely-umanmielen-15177-madden-photo.png"
trevor-etienne,"https://www.maddenratings.com/wp-content/uploads/trevor-etienne-15050-madden-photo.png"
luke-fortner,"https://www.maddenratings.com/wp-content/uploads/luke-fortner-22425-madden-photo.png"
jatavion-sanders,"https://www.maddenratings.com/wp-content/uploads/jatavion-sanders-14679-madden-photo.png"
cam-jackson,"https://www.maddenratings.com/wp-content/uploads/cam-jackson-15207-madden-photo.png"
patrick-jones-ii,"https://www.maddenratings.com/wp-content/uploads/patrick-jones-ii-21690-madden-photo.png"
will-lee-iii,"https://www.maddenratings.com/wp-content/uploads/will-lee-iii-16315.png"
ainias-smith,"https://www.maddenratings.com/wp-content/uploads/ainias-smith-14664-madden-photo.png"
trevis-gipson,"https://www.maddenratings.com/wp-content/uploads/trevis-gipson.png"
brycen-tremayne,"https://www.maddenratings.com/wp-content/uploads/brycen-tremayne-4360763-madden-photo.png"
claudin-cherelus,"https://www.maddenratings.com/wp-content/uploads/claudin-cherelus-23343-madden-photo.png"
lathan-ransom,"https://www.maddenratings.com/wp-content/uploads/lathan-ransom-15334-madden-photo.png"
mitchell-evans,"https://www.maddenratings.com/wp-content/uploads/mitchell-evans-15103-madden-photo.png"
robert-rochell,"https://www.maddenratings.com/wp-content/uploads/robert-rochell-21702-madden-photo.png"
sam-hecht,"https://www.maddenratings.com/wp-content/uploads/sam-hecht-16313.png"
nick-hampton,"https://www.maddenratings.com/wp-content/uploads/nick-hampton-22979-madden-photo.png"
jimmy-horn-jr,"https://www.maddenratings.com/wp-content/uploads/jimmy-horn-jr-14772-madden-photo.png"
zakee-wheatley,"https://www.maddenratings.com/wp-content/uploads/zakee-wheatley-16220.png"
labryan-ray,"https://www.maddenratings.com/wp-content/uploads/labryan-ray-22178-madden-photo.png"
saahdiq-charles,"https://www.maddenratings.com/wp-content/uploads/saahdiq-charles-20970-madden-photo.png"
jatyre-carter,"https://www.maddenratings.com/wp-content/uploads/jatyre-carter-22421-madden-photo.png"
thomas-incoom,"https://www.maddenratings.com/wp-content/uploads/thomas-incoom-22964-madden-photo.png"
corey-thornton,"https://www.maddenratings.com/wp-content/uploads/corey-thornton-4431426-madden-photo.png"
kenny-pickett,"https://www.maddenratings.com/wp-content/uploads/kenny-pickett-22046-madden-photo.png"
haynes-king,"https://www.maddenratings.com/wp-content/uploads/haynes-king-1876.png"
chandler-zavala,"https://www.maddenratings.com/wp-content/uploads/chandler-zavala-23263-madden-photo.png"
jared-harrison-hunte,"https://www.maddenratings.com/wp-content/uploads/jared-harrison-hunte-4427401-madden-photo.png"
stone-forsythe,"https://www.maddenratings.com/wp-content/uploads/stone-forsythe-21828-madden-photo.png"
demani-richardson,"https://www.maddenratings.com/wp-content/uploads/demani-richardson-14978-madden-photo.png"
jackson-kuwatch,"https://www.maddenratings.com/wp-content/uploads/jackson-kuwatch-10169.png"
james-mitchell,"https://www.maddenratings.com/wp-content/uploads/james-mitchell-22098-madden-photo.png"
tyrek-funderburk,"https://www.maddenratings.com/wp-content/uploads/tyrek-funderburk-4367330-madden-photo.png"
bam-martin-scott,"https://www.maddenratings.com/wp-content/uploads/bam-martin-scott-15260-madden-photo.png"
dan-chisena,"https://www.maddenratings.com/wp-content/uploads/Dan-Chisena.png"
nick-samac,"https://www.maddenratings.com/wp-content/uploads/nick-samac-1149-madden-photo.png"
joe-thuney,"https://www.maddenratings.com/wp-content/uploads/joe-thuney-17777-madden-photo.png"
caleb-williams,"https://www.maddenratings.com/wp-content/uploads/caleb-williams-14500-madden-photo.png"
feleipe-franks,"https://www.maddenratings.com/wp-content/uploads/feleipe-franks-21622-madden-photo.png"
devin-bush,"https://www.maddenratings.com/wp-content/uploads/devin-bush-20583-madden-photo.png"
darnell-wright,"https://www.maddenratings.com/wp-content/uploads/darnell-wright-22861-madden-photo.png"
dandre-swift,"https://www.maddenratings.com/wp-content/uploads/dandre-swift-20920-madden-photo.png"
maema-njongmeta,"https://www.maddenratings.com/wp-content/uploads/maema-njongmeta-1272-madden-photo.png"
jared-bartlett,"https://www.maddenratings.com/wp-content/uploads/madden-nfl-player.png"
jaylon-johnson,"https://www.maddenratings.com/wp-content/uploads/jaylon-johnson-21009-madden-photo.png"
kyler-gordon,"https://www.maddenratings.com/wp-content/uploads/kyler-gordon-22261-madden-photo.png"
rome-odunze,"https://www.maddenratings.com/wp-content/uploads/rome-odunze-14645-madden-photo.png"
tj-edwards,"https://www.maddenratings.com/wp-content/uploads/tj-edwards-20591-madden-photo.png"
gervon-dexter,"https://www.maddenratings.com/wp-content/uploads/gervon-dexter-sr-22921-madden-photo.png"
colston-loveland,"https://www.maddenratings.com/wp-content/uploads/colston-loveland-15117-madden-photo.png"
luther-burden-iii,"https://www.maddenratings.com/wp-content/uploads/luther-burden-iii-15095-madden-photo.png"
montez-sweat,"https://www.maddenratings.com/wp-content/uploads/montez-sweat-20411-madden-photo.png"
grady-jarrett,"https://www.maddenratings.com/wp-content/uploads/grady-jarrett-2549-madden-photo.png"
jonah-jackson,"https://www.maddenratings.com/wp-content/uploads/jonah-jackson-21113-madden-photo.png"
kyle-monangai,"https://www.maddenratings.com/wp-content/uploads/kyle-monangai-15035-madden-photo.png"
dillon-thieneman,"https://www.maddenratings.com/wp-content/uploads/dillon-thieneman-10193.png"
coby-bryant,"https://www.maddenratings.com/wp-content/uploads/coby-bryant-22211-madden-photo.png"
cole-kmet,"https://www.maddenratings.com/wp-content/uploads/cole-kmet-20952-madden-photo.png"
tyrique-stevenson,"https://www.maddenratings.com/wp-content/uploads/tyrique-stevenson-23038-madden-photo.png"
tory-taylor,"https://www.maddenratings.com/wp-content/uploads/tory-taylor-15008-madden-photo.png"
kalif-raymond,"https://www.maddenratings.com/wp-content/uploads/kalif-raymond-12493-madden-photo.png"
cam-lewis,"https://www.maddenratings.com/wp-content/uploads/cam-lewis-21412-madden-photo.png"
garrett-bradbury,"https://www.maddenratings.com/wp-content/uploads/garrett-bradbury-20372-madden-photo.png"
austin-booker,"https://www.maddenratings.com/wp-content/uploads/austin-booker-14875-madden-photo.png"
braxton-jones,"https://www.maddenratings.com/wp-content/uploads/braxton-jones-22135-madden-photo.png"
dayo-odeyingbo,"https://www.maddenratings.com/wp-content/uploads/dayo-odeyingbo-21692-madden-photo.png"
ozzy-trapilo,"https://www.maddenratings.com/wp-content/uploads/ozzy-trapilo-15125-madden-photo.png"
shemar-turner,"https://www.maddenratings.com/wp-content/uploads/shemar-turner-15205-madden-photo.png"
cairo-santos,"https://www.maddenratings.com/wp-content/uploads/cairo-santos-2200-madden-photo.png"
dmarco-jackson,"https://www.maddenratings.com/wp-content/uploads/dmarco-jackson-22203-madden-photo.png"
zavion-thomas,"https://www.maddenratings.com/wp-content/uploads/zavion-thomas-16343.png"
logan-jones,"https://www.maddenratings.com/wp-content/uploads/logan-jones-16304.png"
roschon-johnson,"https://www.maddenratings.com/wp-content/uploads/roschon-johnson-22747-madden-photo.png"
jack-sanborn,"https://www.maddenratings.com/wp-content/uploads/jack-sanborn-22195-madden-photo.png"
neville-gallimore,"https://www.maddenratings.com/wp-content/uploads/neville-gallimore-20563-madden-photo.png"
malik-muhammad,"https://www.maddenratings.com/wp-content/uploads/malik-muhammad-1867.png"
scotty-miller,"https://www.maddenratings.com/wp-content/uploads/scott-miller-20739-madden-photo.png"
jahdae-walker,"https://www.maddenratings.com/wp-content/uploads/jahdae-walker-5160110-madden-photo.png"
jaylon-jones,"https://www.maddenratings.com/wp-content/uploads/jaylon-jones-22530-madden-photo.png"
jedrick-wills-jr,"https://www.maddenratings.com/wp-content/uploads/jedrick-wills-jr.png"
kentavius-street,"https://www.maddenratings.com/wp-content/uploads/kentavius-street-13441-madden-photo.png"
terell-smith,"https://www.maddenratings.com/wp-content/uploads/terell-smith-23152-madden-photo.png"
elijah-hicks,"https://www.maddenratings.com/wp-content/uploads/elijah-hicks-21795-madden-photo.png"
kiran-amegadjie,"https://www.maddenratings.com/wp-content/uploads/kiran-amegadjie-1071-madden-photo.png"
noah-sewell,"https://www.maddenratings.com/wp-content/uploads/noah-sewell-22996-madden-photo.png"
ruben-hyppolite-ii,"https://www.maddenratings.com/wp-content/uploads/ruben-hyppolite-ii-4429970-madden-photo.png"
kaden-davis,"https://www.maddenratings.com/wp-content/uploads/kaden-davis-5065495-madden-photo.png"
daniel-hardy,"https://www.maddenratings.com/wp-content/uploads/daniel-hardy-22500-madden-photo.png"
salvon-ahmed,"https://www.maddenratings.com/wp-content/uploads/salvon-ahmed-20930-madden-photo.png"
theo-benedet,"https://www.maddenratings.com/wp-content/uploads/theo-benedet-5125873-madden-photo.png"
anthony-johnson-jr,"https://www.maddenratings.com/wp-content/uploads/anthony-johnson-jr.png"
jamree-kromah,"https://www.maddenratings.com/wp-content/uploads/jamree-kromah-4372463-madden-photo.png"
tony-fields-ii,"https://www.maddenratings.com/wp-content/uploads/tony-fields-ii-21679-madden-photo.png"
jordan-mcfadden,"https://www.maddenratings.com/wp-content/uploads/jordan-mcfadden-22884-madden-photo.png"
jordan-van-den-berg,"https://www.maddenratings.com/wp-content/uploads/jordan-van-den-berg-10199.png"
james-lynch,"https://www.maddenratings.com/wp-content/uploads/james-lynch-20988-madden-photo.png"
dallis-flowers,"https://www.maddenratings.com/wp-content/uploads/dallis-flowers-22280-madden-photo.png"
luke-newman,"https://www.maddenratings.com/wp-content/uploads/luke-newman-4695895-madden-photo.png"
josh-blackwell,"https://www.maddenratings.com/wp-content/uploads/josh-blackwell-22644-madden-photo.png"
keyshaun-elliott,"https://www.maddenratings.com/wp-content/uploads/keyshaun-elliott-16356.png"
jonathan-garvin,"https://www.maddenratings.com/wp-content/uploads/jonathan-garvin-20989-madden-photo.png"
nephi-sewell,"https://www.maddenratings.com/wp-content/uploads/nephi-sewell-22410-madden-photo.png"
case-keenum,"https://www.maddenratings.com/wp-content/uploads/case-keenum-11222-madden-photo.png"
jon-rhattigan,"https://www.maddenratings.com/wp-content/uploads/jon-rhattigan-21957-madden-photo.png"
brittain-brown,"https://www.maddenratings.com/wp-content/uploads/brittain-brown-4036032-madden-photo.png"
beau-gardner,"https://www.maddenratings.com/wp-content/uploads/beau-gardner-1889.png"
sam-roush,"https://www.maddenratings.com/wp-content/uploads/sam-roush-16405.png"
tyson-bagent,"https://www.maddenratings.com/wp-content/uploads/tyson-bagent-22900-madden-photo.png"
kyle-hergel,"https://www.maddenratings.com/wp-content/uploads/kyle-hergel-4384683-madden-photo.png"
jamarr-chase,"https://www.maddenratings.com/wp-content/uploads/jamarr-chase-21586-madden-photo.png"
stephen-carlson,"https://www.maddenratings.com/wp-content/uploads/stephen-carlson-20890-madden-photo.png"
maurice-alexander,"https://www.maddenratings.com/wp-content/uploads/maurice-alexander-22662-madden-photo.png"
joe-burrow,"https://www.maddenratings.com/wp-content/uploads/joe-burrow-20948-madden-photo.png"
nikola-kalinic,"https://www.maddenratings.com/wp-content/uploads/nikola-kalinic-22676-madden-photo.png"
tee-higgins,"https://www.maddenratings.com/wp-content/uploads/tee-higgins-20962-madden-photo.png"
evan-mcpherson,"https://www.maddenratings.com/wp-content/uploads/evan-mcpherson-21925-madden-photo.png"
dexter-lawrence-ii,"https://www.maddenratings.com/wp-content/uploads/dexter-lawrence-ii-20552-madden-photo.png"
chase-brown,"https://www.maddenratings.com/wp-content/uploads/chase-brown-22740-madden-photo.png"
dj-turner-ii,"https://www.maddenratings.com/wp-content/uploads/dj-turner-ii-23031-madden-photo.png"
boye-mafe,"https://www.maddenratings.com/wp-content/uploads/boye-mafe-22153-madden-photo.png"
cashius-howell,"https://www.maddenratings.com/wp-content/uploads/cashius-howell-16253.png"
bryan-cook,"https://www.maddenratings.com/wp-content/uploads/bryan-cook-22234-madden-photo.png"
daxton-hill,"https://www.maddenratings.com/wp-content/uploads/dax-hill-22263-madden-photo.png"
kyle-dugger,"https://www.maddenratings.com/wp-content/uploads/kyle-dugger-21161-madden-photo.png"
jonathan-allen,"https://www.maddenratings.com/wp-content/uploads/jonathan-allen-12521-madden-photo.png"
amarius-mims,"https://www.maddenratings.com/wp-content/uploads/amarius-mims-14698-madden-photo.png"
orlando-brown-jr,"https://www.maddenratings.com/wp-content/uploads/orlando-brown-jr-13083-madden-photo.png"
ted-karras,"https://www.maddenratings.com/wp-content/uploads/ted-karras-17860-madden-photo.png"
jordan-battle,"https://www.maddenratings.com/wp-content/uploads/jordan-battle-23025-madden-photo.png"
kris-jenkins-jr,"https://www.maddenratings.com/wp-content/uploads/kris-jenkins-jr-14767-madden-photo.png"
dalton-risner,"https://www.maddenratings.com/wp-content/uploads/dalton-risner.png"
bj-hill,"https://www.maddenratings.com/wp-content/uploads/bj-hill-13160-madden-photo.png"
shemar-stewart,"https://www.maddenratings.com/wp-content/uploads/shemar-stewart-15201-madden-photo.png"
samaje-perine,"https://www.maddenratings.com/wp-content/uploads/samaje-perine-12627-madden-photo.png"
andrei-iosivas,"https://www.maddenratings.com/wp-content/uploads/andrei-iosivas-22778-madden-photo.png"
demetrius-knight-jr,"https://www.maddenratings.com/wp-content/uploads/demetrius-knight-jr-15245-madden-photo.png"
dylan-fairchild,"https://www.maddenratings.com/wp-content/uploads/dylan-fairchild-15168-madden-photo.png"
joe-flacco,"https://www.maddenratings.com/wp-content/uploads/joe-flacco-28329-madden-photo.png"
ryan-rehkow,"https://www.maddenratings.com/wp-content/uploads/ryan-rehkow-4608820-madden-photo.png"
myles-murphy,"https://www.maddenratings.com/wp-content/uploads/myles-murphy-22914-madden-photo.png"
josh-newton,"https://www.maddenratings.com/wp-content/uploads/josh-newton-14940-madden-photo.png"
tacario-davis,"https://www.maddenratings.com/wp-content/uploads/tacario-davis-16230.png"
mitchell-tinsley,"https://www.maddenratings.com/wp-content/uploads/mitchell-tinsley-4690070-madden-photo.png"
jasir-taylor,"https://www.maddenratings.com/wp-content/uploads/jasir-taylor-22283-madden-photo.png"
tahj-brooks,"https://www.maddenratings.com/wp-content/uploads/tahj-brooks-15038-madden-photo.png"
charlie-jones,"https://www.maddenratings.com/wp-content/uploads/charlie-jones-22781-madden-photo.png"
colbie-young,"https://www.maddenratings.com/wp-content/uploads/colbie-young-16338.png"
isaiah-foskey,"https://www.maddenratings.com/wp-content/uploads/isaiah-foskey-22917-madden-photo.png"
tj-slaton-jr,"https://www.maddenratings.com/wp-content/uploads/tj-slaton-21889-madden-photo.png"
cedric-johnson,"https://www.maddenratings.com/wp-content/uploads/cedric-johnson-14876-madden-photo.png"
connor-lew,"https://www.maddenratings.com/wp-content/uploads/connor-lew-16241.png"
mckinnley-jackson,"https://www.maddenratings.com/wp-content/uploads/mckinnley-jackson-14860-madden-photo.png"
barrett-carter,"https://www.maddenratings.com/wp-content/uploads/barrett-carter-15246-madden-photo.png"
cody-ford,"https://www.maddenratings.com/wp-content/uploads/cody-ford-20531-madden-photo.png"
brian-parker-ii,"https://www.maddenratings.com/wp-content/uploads/brian-parker-ii-16277.png"
jordan-jefferson,"https://www.maddenratings.com/wp-content/uploads/jordan-jefferson-4569448-madden-photo.png"
drew-sample,"https://www.maddenratings.com/wp-content/uploads/drew-sample-20395-madden-photo.png"
oren-burks,"https://www.maddenratings.com/wp-content/uploads/oren-burks-13196-madden-photo.png"
russ-yeast,"https://www.maddenratings.com/wp-content/uploads/russ-yeast-22291-madden-photo.png"
erick-all,"https://www.maddenratings.com/wp-content/uploads/erick-all-jr-14690-madden-photo.png"
tanner-hudson,"https://www.maddenratings.com/wp-content/uploads/tanner-hudson-13731-madden-photo.png"
antwaun-powell-ryland,"https://www.maddenratings.com/wp-content/uploads/antwaun-powell-ryland-15186-madden-photo.png"
jalen-rivers,"https://www.maddenratings.com/wp-content/uploads/jalen-rivers-15133-madden-photo.png"
dj-ivey,"https://www.maddenratings.com/wp-content/uploads/dj-ivey-23282-madden-photo.png"
javon-foster,"https://www.maddenratings.com/wp-content/uploads/javon-foster-14717-madden-photo.png"
daijahn-anthony,"https://www.maddenratings.com/wp-content/uploads/daijahn-anthony-1137-madden-photo.png"
jalen-davis,"https://www.maddenratings.com/wp-content/uploads/jalen-davis-13286-madden-photo.png"
jack-endries,"https://www.maddenratings.com/wp-content/uploads/jack-endries-16260.png"
landon-robinson,"https://www.maddenratings.com/wp-content/uploads/landon-robinson-16345.png"
kendall-milton,"https://www.maddenratings.com/wp-content/uploads/kendall-milton-1536-madden-photo.png"
keshawn-williams,"https://www.maddenratings.com/wp-content/uploads/keshawn-williams-4570738-madden-photo.png"
gary-brightwell,"https://www.maddenratings.com/wp-content/uploads/gary-brightwell-21567-madden-photo.png"
william-wagner,"https://www.maddenratings.com/wp-content/uploads/william-wagner-4572051-madden-photo.png"
pj-jules,"https://www.maddenratings.com/wp-content/uploads/pj-jules-4429946-madden-photo.png"
swayze-bozeman,"https://www.maddenratings.com/wp-content/uploads/swayze-bozeman-4570546-madden-photo.png"
josh-johnson,"https://www.maddenratings.com/wp-content/uploads/josh-johnson-28334-madden-photo.png"
liam-anderson,"https://www.maddenratings.com/wp-content/uploads/liam-anderson-4368056-madden-photo.png"
cam-grandy,"https://www.maddenratings.com/wp-content/uploads/cam-grandy-4700712-madden-photo.png"
kendric-pryor,"https://www.maddenratings.com/wp-content/uploads/kendric-pryor-22646-madden-photo.png"
howard-cross-iii,"https://www.maddenratings.com/wp-content/uploads/howard-cross-iii-15230-madden-photo.png"
joe-giles-harris,"https://www.maddenratings.com/wp-content/uploads/joe-giles-harris-20584-madden-photo.png"
shaka-heyward,"https://www.maddenratings.com/wp-content/uploads/shaka-heyward-23016-madden-photo.png"
corey-robinson-ii,"https://www.maddenratings.com/wp-content/uploads/madden-nfl-player.png"
andrew-coker,"https://www.maddenratings.com/wp-content/uploads/andrew-coker-14735-madden-photo.png"
sean-clifford,"https://www.maddenratings.com/wp-content/uploads/sean-clifford-22728-madden-photo.png"
denzel-ward,"https://www.maddenratings.com/wp-content/uploads/denzel-ward-13101-madden-photo.png"
jared-verse,"https://www.maddenratings.com/wp-content/uploads/jared-verse-14752-madden-photo.png"
elgton-jenkins,"https://www.maddenratings.com/wp-content/uploads/elgton-jenkins-20376-madden-photo.png"
carson-schwesinger,"https://www.maddenratings.com/wp-content/uploads/carson-schwesinger-15266-madden-photo.png"
jeremiah-owusu-koramoah,"https://www.maddenratings.com/wp-content/uploads/jeremiah-owusu-koramoah-21500-madden-photo.png"
quinshon-judkins,"https://www.maddenratings.com/wp-content/uploads/quinshon-judkins-14811-madden-photo.png"
tytus-howard,"https://www.maddenratings.com/wp-content/uploads/tytus-howard-20397-madden-photo.png"
jerry-jeudy,"https://www.maddenratings.com/wp-content/uploads/jerry-jeudy-20940-madden-photo.png"
harold-fannin-jr,"https://www.maddenratings.com/wp-content/uploads/harold-fannin-jr-15120-madden-photo.png"
corey-bojorquez,"https://www.maddenratings.com/wp-content/uploads/corey-bojorquez-13684-madden-photo.png"
quincy-williams,"https://www.maddenratings.com/wp-content/uploads/quincy-williams-20728-madden-photo.png"
zion-johnson,"https://www.maddenratings.com/wp-content/uploads/zion-johnson-22115-madden-photo.png"
tyson-campbell,"https://www.maddenratings.com/wp-content/uploads/tyson-campbell-21696-madden-photo.png"
grant-delpit,"https://www.maddenratings.com/wp-content/uploads/grant-delpit-21019-madden-photo.png"
spencer-fano,""
ronnie-hickman,"https://www.maddenratings.com/wp-content/uploads/ronnie-hickman-22710-madden-photo.png"
teven-jenkins,"https://www.maddenratings.com/wp-content/uploads/teven-jenkins-21537-madden-photo.png"
maliek-collins,"https://www.maddenratings.com/wp-content/uploads/maliek-collins-17738-madden-photo.png"
mason-graham,"https://www.maddenratings.com/wp-content/uploads/mason-graham-15237-madden-photo.png"
emmanuel-mcneil-warren,""
cedric-tillman,"https://www.maddenratings.com/wp-content/uploads/cedric-tillman-22771-madden-photo.png"
dylan-sampson,"https://www.maddenratings.com/wp-content/uploads/dylan-sampson-15044-madden-photo.png"
kc-concepcion,""
denzel-boston,""
isaiah-mcguire,"https://www.maddenratings.com/wp-content/uploads/isaiah-mcguire-22971-madden-photo.png"
elijah-chatman,"https://www.maddenratings.com/wp-content/uploads/elijah-chatman-4429392-madden-photo.png"
damarri-mathis,"https://www.maddenratings.com/wp-content/uploads/damarri-mathis-22236-madden-photo.png"
alex-wright,"https://www.maddenratings.com/wp-content/uploads/alex-wright-22313-madden-photo.png"
austin-barber,"https://www.maddenratings.com/wp-content/uploads/madden-nfl-player.png"
zak-zinter,"https://www.maddenratings.com/wp-content/uploads/zak-zinter-14711-madden-photo.png"
michael-hall,"https://www.maddenratings.com/wp-content/uploads/mike-hall-jr-14865-madden-photo.png"
isaiah-bond,"https://www.maddenratings.com/wp-content/uploads/isaiah-bond-15098-madden-photo.png"
deshaun-watson,"https://www.maddenratings.com/wp-content/uploads/deshaun-watson-12561-madden-photo.png"
malachi-corley,"https://www.maddenratings.com/wp-content/uploads/malachi-corley-4613104-madden-photo.png"
tylan-wallace,"https://www.maddenratings.com/wp-content/uploads/tylan-wallace-21619-madden-photo.png"
raheim-sanders,"https://www.maddenratings.com/wp-content/uploads/raheim-sanders-15032-madden-photo.png"
dawand-jones,"https://www.maddenratings.com/wp-content/uploads/dawand-jones-22855-madden-photo.png"
shedeur-sanders,"https://www.maddenratings.com/wp-content/uploads/shedeur-sanders-14770-madden-photo.png"
jamari-thrash,"https://www.maddenratings.com/wp-content/uploads/jamari-thrash-14662-madden-photo.png"
kendrick-green,"https://www.maddenratings.com/wp-content/uploads/kendrick-green-21550-madden-photo.png"
julian-okwara,"https://www.maddenratings.com/wp-content/uploads/julian-okwara-21282-madden-photo.png"
dillon-gabriel,"https://www.maddenratings.com/wp-content/uploads/dillon-gabriel-16143-madden-photo.png"
nathaniel-watson,"https://www.maddenratings.com/wp-content/uploads/nathaniel-watson-14921-madden-photo.png"
myles-bryant,"https://www.maddenratings.com/wp-content/uploads/myles-bryant-21264-madden-photo.png"
justin-jefferson-16200,"https://www.maddenratings.com/wp-content/uploads/madden-nfl-player.png"
parker-brailsford,"https://www.maddenratings.com/wp-content/uploads/madden-nfl-player.png"
kalia-davis,"https://www.maddenratings.com/wp-content/uploads/kalia-davis-22453-madden-photo.png"
myles-harden,"https://www.maddenratings.com/wp-content/uploads/myles-harden-1142-madden-photo.png"
daniel-thomas,"https://www.maddenratings.com/wp-content/uploads/daniel-thomas-21353-madden-photo.png"
winston-reid,"https://www.maddenratings.com/wp-content/uploads/winston-reid-4251125-madden-photo.png"
edefuan-ulofoshio,"https://www.maddenratings.com/wp-content/uploads/edefuan-ulofoshio-14911-madden-photo.png"
kt-leveston,"https://www.maddenratings.com/wp-content/uploads/kt-leveston-1171-madden-photo.png"
gage-larvadain,"https://www.maddenratings.com/wp-content/uploads/gage-larvadain-4877203-madden-photo.png"
adin-huntington,"https://www.maddenratings.com/wp-content/uploads/adin-huntington-4605792-madden-photo.png"
luke-wypler,"https://www.maddenratings.com/wp-content/uploads/luke-wypler-22856-madden-photo.png"
brenden-bates,"https://www.maddenratings.com/wp-content/uploads/brenden-bates-4362603-madden-photo.png"
taylen-green,"https://www.maddenratings.com/wp-content/uploads/madden-nfl-player.png"
easton-mascarenas-arnold,"https://www.maddenratings.com/wp-content/uploads/easton-mascarenas-arnold-5085888-madden-photo.png"
dangelo-ross,"https://www.maddenratings.com/wp-content/uploads/dangelo-ross-3139389-madden-photo.png"
blake-whiteheart,"https://www.maddenratings.com/wp-content/uploads/blake-whiteheart-22838-madden-photo.png"
jack-stoll,"https://www.maddenratings.com/wp-content/uploads/jack-stoll-21776-madden-photo.png"
joe-royer,"https://www.maddenratings.com/wp-content/uploads/madden-nfl-player.png"
chris-edmonds,"https://www.maddenratings.com/wp-content/uploads/chris-edmonds-4572922-madden-photo.png"
donovan-mcmillon,"https://www.maddenratings.com/wp-content/uploads/donovan-mcmillon-4686027-madden-photo.png"
michael-burton,"https://www.maddenratings.com/wp-content/uploads/michael-burton-2431-madden-photo.png"
sam-kamara,"https://www.maddenratings.com/wp-content/uploads/sam-kamara-22009-madden-photo.png"
jeremiah-byers,"https://www.maddenratings.com/wp-content/uploads/jeremiah-byers-4778.png"
tre-avery,"https://www.maddenratings.com/wp-content/uploads/tre-avery.png"
kingsley-eguakun,"https://www.maddenratings.com/wp-content/uploads/kingsley-eguakun-4567410-madden-photo.png"
rex-sunahara,"https://www.maddenratings.com/wp-content/uploads/rex-sunahara-3913293-madden-photo.png"
ceedee-lamb,"https://www.maddenratings.com/wp-content/uploads/ceedee-lamb-20932-madden-photo.png"
benton-whitley,"https://www.maddenratings.com/wp-content/uploads/benton-whitley-22659-madden-photo.png"
carsen-ryan,"https://www.maddenratings.com/wp-content/uploads/madden-nfl-player.png"
george-pickens,"https://www.maddenratings.com/wp-content/uploads/george-pickens-22365-madden-photo.png"
dak-prescott,"https://www.maddenratings.com/wp-content/uploads/dak-prescott-17567-madden-photo.png"
brandon-aubrey,"https://www.maddenratings.com/wp-content/uploads/brandon-aubrey-23329-madden-photo.png"
quinnen-williams,"https://www.maddenratings.com/wp-content/uploads/quinnen-williams-20547-madden-photo.png"
javonte-williams,"https://www.maddenratings.com/wp-content/uploads/javonte-williams-21581-madden-photo.png"
daron-bland,"https://www.maddenratings.com/wp-content/uploads/daron-bland-22485-madden-photo.png"
jalen-thompson,"https://www.maddenratings.com/wp-content/uploads/jalen-thompson-20813-madden-photo.png"
jake-ferguson,"https://www.maddenratings.com/wp-content/uploads/jake-ferguson-22094-madden-photo.png"
caleb-downs,"https://www.maddenratings.com/wp-content/uploads/caleb-downs-16198.png"
rashan-gary,"https://www.maddenratings.com/wp-content/uploads/rashan-gary-20551-madden-photo.png"
tyler-booker,"https://www.maddenratings.com/wp-content/uploads/tyler-booker-15162-madden-photo.png"
kenny-clark,"https://www.maddenratings.com/wp-content/uploads/kenny-clark-17661-madden-photo.png"
malachi-lawrence,"https://www.maddenratings.com/wp-content/uploads/malachi-lawrence-1811.png"
decobie-durant,"https://www.maddenratings.com/wp-content/uploads/cobie-durant-22278-madden-photo.png"
bryan-anger,"https://www.maddenratings.com/wp-content/uploads/bryan-anger-11594-madden-photo.png"
tyler-smith,"https://www.maddenratings.com/wp-content/uploads/tyler-smith-22445-madden-photo.png"
kavontae-turpin,"https://www.maddenratings.com/wp-content/uploads/kavontae-turpin-22599-madden-photo.png"
demarvion-overshown,"https://www.maddenratings.com/wp-content/uploads/demarvion-overshown-22997-madden-photo.png"
ryan-flournoy,"https://www.maddenratings.com/wp-content/uploads/ryan-flournoy-1124-madden-photo.png"
dee-winters,"https://www.maddenratings.com/wp-content/uploads/dee-winters-23001-madden-photo.png"
donovan-ezeiruaku,"https://www.maddenratings.com/wp-content/uploads/donovan-ezeiruaku-15171-madden-photo.png"
derion-kendrick,"https://www.maddenratings.com/wp-content/uploads/derion-kendrick-22207-madden-photo.png"
terence-steele,"https://www.maddenratings.com/wp-content/uploads/terence-steele-21104-madden-photo.png"
marquez-valdes-scantling,"https://www.maddenratings.com/wp-content/uploads/marquez-valdes-scantling-13366-madden-photo.png"
malik-hooker,"https://www.maddenratings.com/wp-content/uploads/malik-hooker-12527-madden-photo.png"
pj-locke,"https://www.maddenratings.com/wp-content/uploads/pj-locke-21414-madden-photo.png"
cooper-beebe,"https://www.maddenratings.com/wp-content/uploads/cooper-beebe-14708-madden-photo.png"
jaishawn-barham,"https://www.maddenratings.com/wp-content/uploads/jaishawn-barham-16331.png"
jaydon-blue,"https://www.maddenratings.com/wp-content/uploads/jaydon-blue-15051-madden-photo.png"
hunter-luepke,"https://www.maddenratings.com/wp-content/uploads/hunter-luepke-22755-madden-photo.png"
jonathan-bullard,"https://www.maddenratings.com/wp-content/uploads/jonathan-bullard-17656-madden-photo.png"
james-houston,"https://www.maddenratings.com/wp-content/uploads/james-houston-iv-22406-madden-photo.png"
shavon-revel-jr,"https://www.maddenratings.com/wp-content/uploads/shavon-revel-jr-15282-madden-photo.png"
trent-sieg,"https://www.maddenratings.com/wp-content/uploads/trent-sieg-13645-madden-photo.png"
malik-davis,"https://www.maddenratings.com/wp-content/uploads/malik-davis.png"
markquese-bell,"https://www.maddenratings.com/wp-content/uploads/markquese-bell-22229-madden-photo.png"
devin-moore,"https://www.maddenratings.com/wp-content/uploads/devin-moore-16291.png"
tyler-guyton,"https://www.maddenratings.com/wp-content/uploads/tyler-guyton-14701-madden-photo.png"
charles-snowden,"https://www.maddenratings.com/wp-content/uploads/charles-snowden-21477-madden-photo.png"
joe-milton,"https://www.maddenratings.com/wp-content/uploads/joe-milton-iii-14614-madden-photo.png"
jonathan-mingo,"https://www.maddenratings.com/wp-content/uploads/jonathan-mingo-22770-madden-photo.png"
caelen-carson,"https://www.maddenratings.com/wp-content/uploads/caelen-carson-14945-madden-photo.png"
lt-overton,"https://www.maddenratings.com/wp-content/uploads/lt-overton-16420.png"
luke-schoonmaker,"https://www.maddenratings.com/wp-content/uploads/luke-schoonmaker-22843-madden-photo.png"
israel-abanikanda,"https://www.maddenratings.com/wp-content/uploads/israel-abanikanda-22741-madden-photo.png"
tj-bass,"https://www.maddenratings.com/wp-content/uploads/tj-bass-22890-madden-photo.png"
shemar-james,"https://www.maddenratings.com/wp-content/uploads/shemar-james-15276-madden-photo.png"
marist-liufau,"https://www.maddenratings.com/wp-content/uploads/marist-liufau-14906-madden-photo.png"
drew-shelton,"https://www.maddenratings.com/wp-content/uploads/drew-shelton-16216.png"
josh-butler,"https://www.maddenratings.com/wp-content/uploads/josh-butler-3929814-madden-photo.png"
otito-ogbonnia,"https://www.maddenratings.com/wp-content/uploads/otito-ogbonnia-22172-madden-photo.png"
matt-hennessy,"https://www.maddenratings.com/wp-content/uploads/matt-hennessy-20975-madden-photo.png"
nick-leverett,"https://www.maddenratings.com/wp-content/uploads/nick-leverett-21975-madden-photo.png"
tyler-johnson,"https://www.maddenratings.com/wp-content/uploads/tyler-johnson-21301-madden-photo.png"
ameer-speed,"https://www.maddenratings.com/wp-content/uploads/ameer-speed.png"
trikweze-bridges,"https://www.maddenratings.com/wp-content/uploads/trikweze-bridges-4426513-madden-photo.png"
phil-mafah,"https://www.maddenratings.com/wp-content/uploads/phil-mafah-15042-madden-photo.png"
trevor-keegan,"https://www.maddenratings.com/wp-content/uploads/trevor-keegan-14744-madden-photo.png"
anthony-smith,"https://www.maddenratings.com/wp-content/uploads/anthony-smith-16350.png"
alijah-clark,"https://www.maddenratings.com/wp-content/uploads/Alijah-Clark-15355.png"
brevyn-spann-ford,"https://www.maddenratings.com/wp-content/uploads/brevyn-spann-ford-14691-madden-photo.png"
jay-toia,"https://www.maddenratings.com/wp-content/uploads/jay-toia-15228-madden-photo.png"
reddy-steward,"https://www.maddenratings.com/wp-content/uploads/reddy-steward-4428584-madden-photo.png"
nathan-thomas,"https://www.maddenratings.com/wp-content/uploads/nathan-thomas-14734-madden-photo.png"
tyrus-wheat,"https://www.maddenratings.com/wp-content/uploads/tyrus-wheat.png"
ajani-cornelius,"https://www.maddenratings.com/wp-content/uploads/ajani-cornelius-15149-madden-photo.png"
isaiah-land,"https://www.maddenratings.com/wp-content/uploads/isaiah-land-22986-madden-photo.png"
chris-glaser,"https://www.maddenratings.com/wp-content/uploads/chris-glaser-4240836-madden-photo.png"
julius-wood,"https://www.maddenratings.com/wp-content/uploads/julius-wood-4872841-madden-photo.png"
zion-childress,"https://www.maddenratings.com/wp-content/uploads/zion-childress-4685841-madden-photo.png"
princeton-fant,"https://www.maddenratings.com/wp-content/uploads/princeton-fant-4242442-madden-photo.png"
patrick-surtain-ii,"https://www.maddenratings.com/wp-content/uploads/patrick-surtain-ii-21764-madden-photo.png"
garett-bolles,"https://www.maddenratings.com/wp-content/uploads/garett-bolles-12545-madden-photo.png"
quinn-meinerz,"https://www.maddenratings.com/wp-content/uploads/quinn-meinerz-21842-madden-photo.png"
sam-howell,"https://www.maddenratings.com/wp-content/uploads/sam-howell-22380-madden-photo.png"
nik-bonitto,"https://www.maddenratings.com/wp-content/uploads/nik-bonitto-22142-madden-photo.png"
zach-allen,"https://www.maddenratings.com/wp-content/uploads/zach-allen-20419-madden-photo.png"
courtland-sutton,"https://www.maddenratings.com/wp-content/uploads/courtland-sutton-13087-madden-photo.png"
talanoa-hufanga,"https://www.maddenratings.com/wp-content/uploads/talanoa-hufanga-21488-madden-photo.png"
jaylen-waddle,"https://www.maddenratings.com/wp-content/uploads/jaylen-waddle-21760-madden-photo.png"
alex-singleton,"https://www.maddenratings.com/wp-content/uploads/alex-singleton-20881-madden-photo.png"
michael-trigg,"https://www.maddenratings.com/wp-content/uploads/madden-nfl-player.png"
curtis-robinson,"https://www.maddenratings.com/wp-content/uploads/curtis-robinson-21907-madden-photo.png"
jk-dobbins,"https://www.maddenratings.com/wp-content/uploads/jk-dobbins-20926-madden-photo.png"
bo-nix,"https://www.maddenratings.com/wp-content/uploads/bo-nix-14609-madden-photo.png"
jonathon-cooper,"https://www.maddenratings.com/wp-content/uploads/jonathon-cooper-21684-madden-photo.png"
rj-harvey,"https://www.maddenratings.com/wp-content/uploads/rj-harvey-15037-madden-photo.png"
mike-mcglinchey,"https://www.maddenratings.com/wp-content/uploads/mike-mcglinchey-13116-madden-photo.png"
jaquan-mcmillian,"https://www.maddenratings.com/wp-content/uploads/jaquan-mcmillian-22267-madden-photo.png"
jeremy-crawshaw,"https://www.maddenratings.com/wp-content/uploads/jeremy-crawshaw-15367-madden-photo.png"
brandon-jones,"https://www.maddenratings.com/wp-content/uploads/brandon-jones-21267-madden-photo.png"
marvin-mims-jr,"https://www.maddenratings.com/wp-content/uploads/marvin-mims-jr-22767-madden-photo.png"
troy-franklin,"https://www.maddenratings.com/wp-content/uploads/troy-franklin-14647-madden-photo.png"
evan-engram,"https://www.maddenratings.com/wp-content/uploads/evan-engram-12589-madden-photo.png"
ben-powers,"https://www.maddenratings.com/wp-content/uploads/ben-powers-20400-madden-photo.png"
riley-moss,"https://www.maddenratings.com/wp-content/uploads/riley-moss-22218-madden-photo.png"
luke-wattenberg,"https://www.maddenratings.com/wp-content/uploads/luke-wattenberg-22435-madden-photo.png"
jahdae-barron,"https://www.maddenratings.com/wp-content/uploads/jahdae-barron-15277-madden-photo.png"
wil-lutz,"https://www.maddenratings.com/wp-content/uploads/wil-lutz-12405-madden-photo.png"
jonah-elliss,"https://www.maddenratings.com/wp-content/uploads/jonah-elliss-14764-madden-photo.png"
jonah-coleman,"https://www.maddenratings.com/wp-content/uploads/jonah-coleman-1875.png"
justin-strnad,"https://www.maddenratings.com/wp-content/uploads/justin-strnad-21273-madden-photo.png"
kris-abrams-draine,"https://www.maddenratings.com/wp-content/uploads/kris-abrams-draine-14954-madden-photo.png"
dj-jones,"https://www.maddenratings.com/wp-content/uploads/dj-jones-12824-madden-photo.png"
tyler-onyedim,"https://www.maddenratings.com/wp-content/uploads/tyler-onyedim-16310.png"
adam-trautman,"https://www.maddenratings.com/wp-content/uploads/adam-trautman-21092-madden-photo.png"
drew-sanders,"https://www.maddenratings.com/wp-content/uploads/drew-sanders-22975-madden-photo.png"
malcolm-roach,"https://www.maddenratings.com/wp-content/uploads/malcolm-roach-21341-madden-photo.png"
kage-casey,"https://www.maddenratings.com/wp-content/uploads/kage-casey-16249.png"
dondrea-tillman,"https://www.maddenratings.com/wp-content/uploads/dondrea-tillman-5216101-madden-photo.png"
alex-palczewski,"https://www.maddenratings.com/wp-content/uploads/alex-palczewski-23358-madden-photo.png"
saivion-jones,"https://www.maddenratings.com/wp-content/uploads/saivion-jones-15181-madden-photo.png"
eyioma-uwazurike,"https://www.maddenratings.com/wp-content/uploads/eyioma-uwazurike-22303-madden-photo.png"
jaleel-mclaughlin,"https://www.maddenratings.com/wp-content/uploads/jaleel-mclaughlin-23347-madden-photo.png"
pat-bryant,"https://www.maddenratings.com/wp-content/uploads/pat-bryant-15074-madden-photo.png"
que-robinson,"https://www.maddenratings.com/wp-content/uploads/que-robinson-15190-madden-photo.png"
justin-joly,"https://www.maddenratings.com/wp-content/uploads/justin-joly-16274.png"
liljordan-humphrey,"https://www.maddenratings.com/wp-content/uploads/liljordan-humphrey-20501-madden-photo.png"
tyler-badie,"https://www.maddenratings.com/wp-content/uploads/tyler-badie-22052-madden-photo.png"
mitchell-fraboni,"https://www.maddenratings.com/wp-content/uploads/mitchell-fraboni-22665-madden-photo.png"
calvin-throckmorton,"https://www.maddenratings.com/wp-content/uploads/calvin-throckmorton-21192-madden-photo.png"
alex-forsyth,"https://www.maddenratings.com/wp-content/uploads/alex-forsyth-22875-madden-photo.png"
cody-schrader,"https://www.maddenratings.com/wp-content/uploads/cody-schrader-1345-madden-photo.png"
matthew-peart,"https://www.maddenratings.com/wp-content/uploads/matt-peart-21116-madden-photo.png"
matt-henningsen,"https://www.maddenratings.com/wp-content/uploads/matt-henningsen-22298-madden-photo.png"
adam-prentice,"https://www.maddenratings.com/wp-content/uploads/adam-prentice.png"
nick-gargiulo,"https://www.maddenratings.com/wp-content/uploads/nick-gargiulo-1172-madden-photo.png"
reese-taylor,"https://www.maddenratings.com/wp-content/uploads/reese-taylor-4371946-madden-photo.png"
jordan-jackson,"https://www.maddenratings.com/wp-content/uploads/jordan-jackson-22455-madden-photo.png"
devon-key,"https://www.maddenratings.com/wp-content/uploads/devon-key-22623-madden-photo.png"
jl-skinner,"https://www.maddenratings.com/wp-content/uploads/jl-skinner-23034-madden-photo.png"
tycen-anderson,"https://www.maddenratings.com/wp-content/uploads/tycen-anderson-22240-madden-photo.png"
frank-crum,"https://www.maddenratings.com/wp-content/uploads/frank-crum-1333-madden-photo.png"
michael-deiter,"https://www.maddenratings.com/wp-content/uploads/michael-deiter-20371-madden-photo.png"
miles-scott,"https://www.maddenratings.com/wp-content/uploads/miles-scott-16296.png"
jordan-turner,"https://www.maddenratings.com/wp-content/uploads/jordan-turner-4784.png"
red-murdock,"https://www.maddenratings.com/wp-content/uploads/red-murdock-16255.png"
levelle-bailey,"https://www.maddenratings.com/wp-content/uploads/levelle-bailey-4428241-madden-photo.png"
dallen-bentley,"https://www.maddenratings.com/wp-content/uploads/dallen-bentley-1820.png"
karene-reid,"https://www.maddenratings.com/wp-content/uploads/karene-reid-15259-madden-photo.png"
nate-adkins,"https://www.maddenratings.com/wp-content/uploads/nate-adkins-4383440-madden-photo.png"
jarrett-stidham,"https://www.maddenratings.com/wp-content/uploads/jarrett-stidham-20381-madden-photo.png"
caleb-lohner,"https://www.maddenratings.com/wp-content/uploads/caleb-lohner-4432208-madden-photo.png"
michael-bandy,"https://www.maddenratings.com/wp-content/uploads/michael-bandy-22568-madden-photo.png"
johnny-walker-jr,"https://www.maddenratings.com/wp-content/uploads/johnny-walker-jr-4430973-madden-photo.png"
lucas-krull,"https://www.maddenratings.com/wp-content/uploads/lucas-krull-22346-madden-photo.png"
penei-sewell,"https://www.maddenratings.com/wp-content/uploads/penei-sewell-21540-madden-photo.png"
jahmyr-gibbs,"https://www.maddenratings.com/wp-content/uploads/jahmyr-gibbs-22691-madden-photo.png"
amon-ra-st-brown,"https://www.maddenratings.com/wp-content/uploads/amon-ra-st-brown-21606-madden-photo.png"
brian-branch,"https://www.maddenratings.com/wp-content/uploads/brian-branch-23024-madden-photo.png"
aidan-hutchinson,"https://www.maddenratings.com/wp-content/uploads/aidan-hutchinson-22145-madden-photo.png"
kerby-joseph,"https://www.maddenratings.com/wp-content/uploads/kerby-joseph-22227-madden-photo.png"
jameson-williams,"https://www.maddenratings.com/wp-content/uploads/jameson-williams-22375-madden-photo.png"
jared-goff,"https://www.maddenratings.com/wp-content/uploads/jared-goff-17540-madden-photo.png"
sam-ehlinger,"https://www.maddenratings.com/wp-content/uploads/sam-ehlinger-21554-madden-photo.png"
sam-laporta,"https://www.maddenratings.com/wp-content/uploads/sam-laporta-22826-madden-photo.png"
jack-campbell,"https://www.maddenratings.com/wp-content/uploads/jack-campbell-22705-madden-photo.png"
alim-mcneill,"https://www.maddenratings.com/wp-content/uploads/alim-mcneill-21522-madden-photo.png"
jack-fox,"https://www.maddenratings.com/wp-content/uploads/jack-fox-20716-madden-photo.png"
chuck-clark,"https://www.maddenratings.com/wp-content/uploads/chuck-clark-12785-madden-photo.png"
isaih-pacheco,"https://www.maddenratings.com/wp-content/uploads/isiah-pacheco-22334-madden-photo.png"
hogan-hatten,"https://www.maddenratings.com/wp-content/uploads/hogan-hatten-1334.png"
jake-bates,"https://www.maddenratings.com/wp-content/uploads/jake-bates-4689936-madden-photo.png"
dj-reed-jr,"https://www.maddenratings.com/wp-content/uploads/dj-reed-jr-13159-madden-photo.png"
roger-mccreary,"https://www.maddenratings.com/wp-content/uploads/roger-mccreary-22206-madden-photo.png"
derrick-moore,"https://www.maddenratings.com/wp-content/uploads/derrick-moore-16174.png"
blake-miller,"https://www.maddenratings.com/wp-content/uploads/blake-miller-16267.png"
dj-wonnum,"https://www.maddenratings.com/wp-content/uploads/dj-wonnum-21141-madden-photo.png"
cade-mays,"https://www.maddenratings.com/wp-content/uploads/cade-mays-22123-madden-photo.png"
levi-onwuzurike,"https://www.maddenratings.com/wp-content/uploads/levi-onwuzurike-21524-madden-photo.png"
tate-ratledge,"https://www.maddenratings.com/wp-content/uploads/tate-ratledge-15126-madden-photo.png"
tyleik-williams,"https://www.maddenratings.com/wp-content/uploads/tyleik-williams-15204-madden-photo.png"
avonte-maddox,"https://www.maddenratings.com/wp-content/uploads/avonte-maddox-13332-madden-photo.png"
christian-izien,"https://www.maddenratings.com/wp-content/uploads/christian-izien-4372459-madden-photo.png"
isaac-teslaa,"https://www.maddenratings.com/wp-content/uploads/isaac-teslaa-15067-madden-photo.png"
derrick-barnes,"https://www.maddenratings.com/wp-content/uploads/derrick-barnes-21674-madden-photo.png"
ennis-rakestraw-jr,"https://www.maddenratings.com/wp-content/uploads/ennis-rakestraw-jr-14934-madden-photo.png"
christian-mahogany,"https://www.maddenratings.com/wp-content/uploads/christian-mahogany-14709-madden-photo.png"
malcolm-rodriguez,"https://www.maddenratings.com/wp-content/uploads/malcolm-rodriguez-22460-madden-photo.png"
greg-dortch,"https://www.maddenratings.com/wp-content/uploads/greg-dortch-20574-madden-photo.png"
payton-turner,"https://www.maddenratings.com/wp-content/uploads/payton-turner-21688-madden-photo.png"
cedrick-wilson,"https://www.maddenratings.com/wp-content/uploads/cedrick-wilson-jr-13165-madden-photo.png"
tyler-conklin,"https://www.maddenratings.com/wp-content/uploads/tyler-conklin-13336-madden-photo.png"
ben-bartch,"https://www.maddenratings.com/wp-content/uploads/ben-bartch-21100-madden-photo.png"
mekhi-wingo,"https://www.maddenratings.com/wp-content/uploads/mekhi-wingo-14846-madden-photo.png"
larry-borom,"https://www.maddenratings.com/wp-content/uploads/larry-borom-21545-madden-photo.png"
damone-clark,"https://www.maddenratings.com/wp-content/uploads/damone-clark-22185-madden-photo.png"
kendrick-law,"https://www.maddenratings.com/wp-content/uploads/kendrick-law-16191.png"
rock-ya-sin,"https://www.maddenratings.com/wp-content/uploads/rock-ya-sin-20451-madden-photo.png"
jimmy-rolder,"https://www.maddenratings.com/wp-content/uploads/jimmy-rolder-16176.png"
chris-smith,"https://www.maddenratings.com/wp-content/uploads/chris-smith-4379413-madden-photo.png"
thomas-harper,"https://www.maddenratings.com/wp-content/uploads/Thomas-Harper-1265.png"
ahmed-hassanein,"https://www.maddenratings.com/wp-content/uploads/ahmed-hassanein-15194-madden-photo.png"
miles-frazier,"https://www.maddenratings.com/wp-content/uploads/miles-frazier-15132-madden-photo.png"
tyre-west,"https://www.maddenratings.com/wp-content/uploads/tyre-west-10200.png"
jay-tufele,"https://www.maddenratings.com/wp-content/uploads/jay-tufele-21527-madden-photo.png"
juice-scruggs,"https://www.maddenratings.com/wp-content/uploads/juice-scruggs-22877-madden-photo.png"
keith-abney-ii,"https://www.maddenratings.com/wp-content/uploads/keith-abney-ii-16233.png"
dominic-lovett,"https://www.maddenratings.com/wp-content/uploads/dominic-lovett-15060-madden-photo.png"
sione-vaki,"https://www.maddenratings.com/wp-content/uploads/sione-vaki-14999-madden-photo.png"
teddy-bridgewater,"https://www.maddenratings.com/wp-content/uploads/teddy-bridgewater-1.png"
dan-jackson,"https://www.maddenratings.com/wp-content/uploads/dan-jackson-4575115-madden-photo.png"
tom-kennedy,"https://www.maddenratings.com/wp-content/uploads/tom-kennedy-3126997-madden-photo.png"
giovanni-manu,"https://www.maddenratings.com/wp-content/uploads/giovanni-manu-1084-madden-photo.png"
joe-bachie-jr,"https://www.maddenratings.com/wp-content/uploads/joe-bachie-21276-madden-photo.png"
tyler-lacy,"https://www.maddenratings.com/wp-content/uploads/tyler-lacy-22962-madden-photo.png"
jacob-saylors,"https://www.maddenratings.com/wp-content/uploads/jacob-saylors-4383429-madden-photo.png"
luke-altmyer,"https://www.maddenratings.com/wp-content/uploads/luke-altmyer-16295.png"
nick-whiteside,"https://www.maddenratings.com/wp-content/uploads/nick-whiteside-5143915-madden-photo.png"
colby-sorsdal,"https://www.maddenratings.com/wp-content/uploads/colby-sorsdal-23264-madden-photo.png"
skyler-gill-howard,"https://www.maddenratings.com/wp-content/uploads/skyler-gill-howard-16361.png"
trevor-nowaske,"https://www.maddenratings.com/wp-content/uploads/trevor-nowaske-23370-madden-photo.png"
loren-strickland,"https://www.maddenratings.com/wp-content/uploads/loren-strickland-4917439-madden-photo.png"
seth-mclaughlin,"https://www.maddenratings.com/wp-content/uploads/seth-mclaughlin-15143-madden-photo.png"
brock-wright,"https://www.maddenratings.com/wp-content/uploads/brock-wright-21959-madden-photo.png"
micah-parsons,"https://www.maddenratings.com/wp-content/uploads/micah-parsons-21476-madden-photo.png"
michael-niese,"https://www.maddenratings.com/wp-content/uploads/michael-niese-4051353-madden-photo.png"
khalil-dorsey,"https://www.maddenratings.com/wp-content/uploads/khalil-dorsey-21422-madden-photo.png"
devin-cochran,"https://www.maddenratings.com/wp-content/uploads/devin-cochran-22422-madden-photo.png"
zach-tom,"https://www.maddenratings.com/wp-content/uploads/zach-tom-22434-madden-photo.png"
josh-jacobs,"https://www.maddenratings.com/wp-content/uploads/josh-jacobs-20488-madden-photo.png"
tucker-kraft,"https://www.maddenratings.com/wp-content/uploads/tucker-kraft-22828-madden-photo.png"
myles-adams,"https://www.maddenratings.com/wp-content/uploads/myles-adams-21963-madden-photo.png"
malik-cunningham,"https://www.maddenratings.com/wp-content/uploads/malik-cunningham-22718-madden-photo.png"
jayden-reed,"https://www.maddenratings.com/wp-content/uploads/jayden-reed-22786-madden-photo.png"
jordan-love,"https://www.maddenratings.com/wp-content/uploads/jordan-love-20915-madden-photo.png"
christian-watson,"https://www.maddenratings.com/wp-content/uploads/christian-watson-22373-madden-photo.png"
javon-hargrave,"https://www.maddenratings.com/wp-content/uploads/javon-hargrave-17670-madden-photo.png"
zaire-franklin,"https://www.maddenratings.com/wp-content/uploads/zaire-franklin-13480-madden-photo.png"
edgerrin-cooper,"https://www.maddenratings.com/wp-content/uploads/edgerrin-cooper-14902-madden-photo.png"
keisean-nixon,"https://www.maddenratings.com/wp-content/uploads/keisean-nixon-20723-madden-photo.png"
isaiah-mcduffie,"https://www.maddenratings.com/wp-content/uploads/isaiah-mcduffie-21903-madden-photo.png"
matthew-golden,"https://www.maddenratings.com/wp-content/uploads/matthew-golden-15096-madden-photo.png"
devonte-wyatt,"https://www.maddenratings.com/wp-content/uploads/devonte-wyatt-22166-madden-photo.png"
benjamin-st-juste,"https://www.maddenratings.com/wp-content/uploads/benjamin-st-juste-21704-madden-photo.png"
lukas-van-ness,"https://www.maddenratings.com/wp-content/uploads/lukas-van-ness-22926-madden-photo.png"
evan-williams,"https://www.maddenratings.com/wp-content/uploads/evan-williams-1080-madden-photo.png"
carrington-valentine,"https://www.maddenratings.com/wp-content/uploads/carrington-valentine-23077-madden-photo.png"
daniel-whelan,"https://www.maddenratings.com/wp-content/uploads/daniel-whelan-23301-madden-photo.png"
javon-bullard,"https://www.maddenratings.com/wp-content/uploads/javon-bullard-14944-madden-photo.png"
bo-melton,"https://www.maddenratings.com/wp-content/uploads/bo-melton-22084-madden-photo.png"
aaron-banks,"https://www.maddenratings.com/wp-content/uploads/aaron-banks-21544-madden-photo.png"
chris-mcclellan,"https://www.maddenratings.com/wp-content/uploads/chris-mcclellan-1859.png"
trey-smack,"https://www.maddenratings.com/wp-content/uploads/trey-smack-16290.png"
brandon-cisse,"https://www.maddenratings.com/wp-content/uploads/brandon-cisse-16349.png"
dani-dennis-sutton,"https://www.maddenratings.com/wp-content/uploads/dani-dennis-sutton-16218.png"
marshawn-lloyd,"https://www.maddenratings.com/wp-content/uploads/marshawn-lloyd-14628-madden-photo.png"
skyy-moore,"https://www.maddenratings.com/wp-content/uploads/skyy-moore-22362-madden-photo.png"
barryn-sorrell,"https://www.maddenratings.com/wp-content/uploads/barryn-sorrell-15179-madden-photo.png"
damien-martinez,"https://www.maddenratings.com/wp-content/uploads/damien-martinez-15047-madden-photo.png"
karl-brooks,"https://www.maddenratings.com/wp-content/uploads/karl-brooks-22943-madden-photo.png"
anthony-belton,"https://www.maddenratings.com/wp-content/uploads/anthony-belton-15127-madden-photo.png"
jordan-morgan,"https://www.maddenratings.com/wp-content/uploads/jordan-morgan-14699-madden-photo.png"
savion-williams,"https://www.maddenratings.com/wp-content/uploads/savion-williams-15063-madden-photo.png"
luke-musgrave,"https://www.maddenratings.com/wp-content/uploads/luke-musgrave-22825-madden-photo.png"
jager-burton,"https://www.maddenratings.com/wp-content/uploads/jager-burton-16317.png"
collin-oliver,"https://www.maddenratings.com/wp-content/uploads/collin-oliver-15184-madden-photo.png"
sean-rhyan,"https://www.maddenratings.com/wp-content/uploads/sean-rhyan-22443-madden-photo.png"
josh-whyle,"https://www.maddenratings.com/wp-content/uploads/josh-whyle-22835-madden-photo.png"
jaden-crumedy,"https://www.maddenratings.com/wp-content/uploads/jaden-crumedy-14887-madden-photo.png"
brenden-rice,"https://www.maddenratings.com/wp-content/uploads/brenden-rice-14656-madden-photo.png"
jordon-riley,"https://www.maddenratings.com/wp-content/uploads/jordon-riley-4240677-madden-photo.png"
tyrod-taylor,"https://www.maddenratings.com/wp-content/uploads/tyrod-taylor-10583-madden-photo.png"
chris-brooks,"https://www.maddenratings.com/wp-content/uploads/chris-brooks-23350-madden-photo.png"
darian-kinnard,"https://www.maddenratings.com/wp-content/uploads/darian-kinnard-22114-madden-photo.png"
will-sheppard,"https://www.maddenratings.com/wp-content/uploads/will-sheppard-4608679-madden-photo.png"
lucas-havrisik,"https://www.maddenratings.com/wp-content/uploads/Lucas-Havrisik.png"
kamal-hadden,"https://www.maddenratings.com/wp-content/uploads/kamal-hadden-14961-madden-photo.png"
domani-jackson,"https://www.maddenratings.com/wp-content/uploads/domani-jackson-16210.png"
kitan-oladapo,"https://www.maddenratings.com/wp-content/uploads/kitan-oladapo-14967-madden-photo.png"
shemar-bartholomew,"https://www.maddenratings.com/wp-content/uploads/shemar-bartholomew-4371336-madden-photo.png"
brenton-cox-jr,"https://www.maddenratings.com/wp-content/uploads/brenton-cox-22978-madden-photo.png"
jaylin-simpson,"https://www.maddenratings.com/wp-content/uploads/jaylin-simpson-14965-madden-photo.png"
tyron-hopper,"https://www.maddenratings.com/wp-content/uploads/tyron-hopper-14910-madden-photo.png"
nazir-stackhouse,"https://www.maddenratings.com/wp-content/uploads/nazir-stackhouse-15219-madden-photo.png"
pierre-strong,"https://www.maddenratings.com/wp-content/uploads/pierre-strong-jr-22061-madden-photo.png"
warren-brinson,"https://www.maddenratings.com/wp-content/uploads/warren-brinson-15212-madden-photo.png"
jacob-monk,"https://www.maddenratings.com/wp-content/uploads/jacob-monk-1092-madden-photo.png"
donovan-jennings,"https://www.maddenratings.com/wp-content/uploads/donovan-jennings-4360887-madden-photo.png"
mj-devonshire,"https://www.maddenratings.com/wp-content/uploads/mj-devonshire.png"
brant-banks,"https://www.maddenratings.com/wp-content/uploads/brant-banks-4426623-madden-photo.png"
nick-niemann,"https://www.maddenratings.com/wp-content/uploads/nick-niemann-21904-madden-photo.png"
kristian-welch,"https://www.maddenratings.com/wp-content/uploads/kristian-welch-21434-madden-photo.png"
luke-lachey,"https://www.maddenratings.com/wp-content/uploads/luke-lachey-15108-madden-photo.png"
jonathan-ford,"https://www.maddenratings.com/wp-content/uploads/jonathan-ford-22454-madden-photo.png"
travis-glover,"https://www.maddenratings.com/wp-content/uploads/travis-glover-1118-madden-photo.png"
kyle-mccord,"https://www.maddenratings.com/wp-content/uploads/kyle-mccord-14789-madden-photo.png"
john-williams,"https://www.maddenratings.com/wp-content/uploads/john-williams-15131-madden-photo.png"
arron-mosby,"https://www.maddenratings.com/wp-content/uploads/arron-mosby-22657-madden-photo.png"
dalton-cooper,"https://www.maddenratings.com/wp-content/uploads/dalton-cooper-4426972-madden-photo.png"
karsen-barnhart,"https://www.maddenratings.com/wp-content/uploads/karsen-barnhart-4426638-madden-photo.png"
messiah-swinson,"https://www.maddenratings.com/wp-content/uploads/messiah-swinson-4362770-madden-photo.png"
will-anderson-jr,"https://www.maddenratings.com/wp-content/uploads/will-anderson-jr-22702-madden-photo.png"
johnathan-baldwin,"https://www.maddenratings.com/wp-content/uploads/johnathan-baldwin-4786.png"
danielle-hunter,"https://www.maddenratings.com/wp-content/uploads/danielle-hunter-2540-madden-photo.png"
kamari-lassiter,"https://www.maddenratings.com/wp-content/uploads/kamari-lassiter-14929-madden-photo.png"
derek-stingley,"https://www.maddenratings.com/wp-content/uploads/derek-stingley-jr-22269-madden-photo.png"
dalton-schultz,"https://www.maddenratings.com/wp-content/uploads/dalton-schultz-13435-madden-photo.png"
jalen-pitre,"https://www.maddenratings.com/wp-content/uploads/jalen-pitre-22230-madden-photo.png"
calen-bullock,"https://www.maddenratings.com/wp-content/uploads/calen-bullock-14939-madden-photo.png"
matthew-orzech,"https://www.maddenratings.com/wp-content/uploads/matt-orzech-20842-madden-photo.png"
azeez-al-shaair,"https://www.maddenratings.com/wp-content/uploads/azeez-al-shaair-20688-madden-photo.png"
nico-collins,"https://www.maddenratings.com/wp-content/uploads/nico-collins-21587-madden-photo.png"
david-montgomery,"https://www.maddenratings.com/wp-content/uploads/david-montgomery-20489-madden-photo.png"
sheldon-rankins,"https://www.maddenratings.com/wp-content/uploads/sheldon-rankins-17550-madden-photo.png"
reed-blankenship,"https://www.maddenratings.com/wp-content/uploads/reed-blankenship-21792-madden-photo.png"
braden-smith,"https://www.maddenratings.com/wp-content/uploads/braden-smith-13124-madden-photo.png"
woody-marks,"https://www.maddenratings.com/wp-content/uploads/woody-marks-14809-madden-photo.png"
tank-dell,"https://www.maddenratings.com/wp-content/uploads/tank-dell-22764-madden-photo.png"
wyatt-teller,"https://www.maddenratings.com/wp-content/uploads/wyatt-teller-13208-madden-photo.png"
trent-brown,"https://www.maddenratings.com/wp-content/uploads/trent-brown-2661-madden-photo.png"
ed-ingram,"https://www.maddenratings.com/wp-content/uploads/ed-ingram-22118-madden-photo.png"
ej-speed,"https://www.maddenratings.com/wp-content/uploads/ej-speed-20730-madden-photo.png"
cj-stroud,"https://www.maddenratings.com/wp-content/uploads/cj-stroud-22688-madden-photo.png"
henry-tootoo,"https://www.maddenratings.com/wp-content/uploads/henry-tootoo-22998-madden-photo.png"
kaimi-fairbairn,"https://www.maddenratings.com/wp-content/uploads/kaimi-fairbairn-17759-madden-photo.png"
jayden-higgins,"https://www.maddenratings.com/wp-content/uploads/jayden-higgins-15057-madden-photo.png"
jaylin-noel,"https://www.maddenratings.com/wp-content/uploads/jaylin-noel-15059-madden-photo.png"
kayden-mcdonald,"https://www.maddenratings.com/wp-content/uploads/kayden-mcdonald-16182.png"
keylan-rutledge,"https://www.maddenratings.com/wp-content/uploads/keylan-rutledge-16342.png"
logan-hall,"https://www.maddenratings.com/wp-content/uploads/logan-hall-22180-madden-photo.png"
justin-watson,"https://www.maddenratings.com/wp-content/uploads/justin-watson-13322-madden-photo.png"
xavier-hutchinson,"https://www.maddenratings.com/wp-content/uploads/xavier-hutchinson-22769-madden-photo.png"
febechi-nwaiwu,"https://www.maddenratings.com/wp-content/uploads/febechi-nwaiwu-16359.png"
foster-moreau,"https://www.maddenratings.com/wp-content/uploads/foster-moreau-20393-madden-photo.png"
evan-brown,"https://www.maddenratings.com/wp-content/uploads/evan-brown-13670-madden-photo.png"
jamarcus-ingram,"https://www.maddenratings.com/wp-content/uploads/jamarcus-ingram-4240059-madden-photo.png"
blake-fisher,"https://www.maddenratings.com/wp-content/uploads/blake-fisher-14712-madden-photo.png"
jarrett-patterson,"https://www.maddenratings.com/wp-content/uploads/jarrett-patterson-22874-madden-photo.png"
kamari-ramsey,"https://www.maddenratings.com/wp-content/uploads/kamari-ramsey-1813.png"
jawhar-jordan,"https://www.maddenratings.com/wp-content/uploads/jawhar-jordan-4429939-madden-photo.png"
aireontae-ersery,"https://www.maddenratings.com/wp-content/uploads/aireontae-ersery-15128-madden-photo.png"
dominique-robinson,"https://www.maddenratings.com/wp-content/uploads/dominique-robinson-22181-madden-photo.png"
mj-stewart-jr,"https://www.maddenratings.com/wp-content/uploads/mj-stewart-jr-13143-madden-photo.png"
jake-andrews,"https://www.maddenratings.com/wp-content/uploads/jake-andrews-23117-madden-photo.png"
jaylin-smith,"https://www.maddenratings.com/wp-content/uploads/jaylin-smith-15323-madden-photo.png"
marte-mapu,"https://www.maddenratings.com/wp-content/uploads/marte-mapu-23262-madden-photo.png"
kai-kroeger,"https://www.maddenratings.com/wp-content/uploads/kai-kroeger-4570033-madden-photo.png"
brevin-jordan,"https://www.maddenratings.com/wp-content/uploads/brevin-jordan-21562-madden-photo.png"
jaylen-reed,"https://www.maddenratings.com/wp-content/uploads/jaylen-reed-15348-madden-photo.png"
tremon-smith,"https://www.maddenratings.com/wp-content/uploads/tremon-smith-13467-madden-photo.png"
jhaquan-jackson,"https://www.maddenratings.com/wp-content/uploads/jhaquan-jackson-14671-madden-photo.png"
jared-wayne,"https://www.maddenratings.com/wp-content/uploads/Jared-Wayne.png"
wade-woodaz,"https://www.maddenratings.com/wp-content/uploads/wade-woodaz-16271.png"
cade-stover,"https://www.maddenratings.com/wp-content/uploads/cade-stover-14680-madden-photo.png"
lewis-bond,"https://www.maddenratings.com/wp-content/uploads/lewis-bond-16250.png"
british-brooks,"https://www.maddenratings.com/wp-content/uploads/british-brooks-4373273-madden-photo.png"
davis-mills,"https://www.maddenratings.com/wp-content/uploads/davis-mills-21556-madden-photo.png"
jamal-hill,"https://www.maddenratings.com/wp-content/uploads/jamal-hill-1104-madden-photo.png"
dylan-horton,"https://www.maddenratings.com/wp-content/uploads/dylan-horton-22961-madden-photo.png"
evan-hull,"https://www.maddenratings.com/wp-content/uploads/evan-hull-23128-madden-photo.png"
kaevon-merriweather,"https://www.maddenratings.com/wp-content/uploads/kaevon-merriweather-23099-madden-photo.png"
jarrett-kingston,"https://www.maddenratings.com/wp-content/uploads/jarrett-kingston-1125-madden-photo.png"
ali-gaye,"https://www.maddenratings.com/wp-content/uploads/ali-gaye-22944-madden-photo.png"
kyonte-hamilton,"https://www.maddenratings.com/wp-content/uploads/kyonte-hamilton-4677281-madden-photo.png"
naquan-jones,"https://www.maddenratings.com/wp-content/uploads/naquan-jones-21880-madden-photo.png"
alijah-huzzie,"https://www.maddenratings.com/wp-content/uploads/alijah-huzzie-15321-madden-photo.png"
marlin-klein,"https://www.maddenratings.com/wp-content/uploads/marlin-klein-16173.png"
jake-hansen,"https://www.maddenratings.com/wp-content/uploads/jake-hansen-21498-madden-photo.png"
austin-brinkman,"https://www.maddenratings.com/wp-content/uploads/austin-brinkman-4690999-madden-photo.png"
jake-hummel,"https://www.maddenratings.com/wp-content/uploads/jacob-hummel-22636-madden-photo.png"
brandon-codrington,"https://www.maddenratings.com/wp-content/uploads/brandon-codrington-4576069-madden-photo.png"
collin-wright,"https://www.maddenratings.com/wp-content/uploads/madden-nfl-player.png"
graham-mertz,"https://www.maddenratings.com/wp-content/uploads/graham-mertz-14803-madden-photo.png"
james-neal-iii,"https://www.maddenratings.com/wp-content/uploads/james-neal-iii-16309.png"
jonathan-taylor,"https://www.maddenratings.com/wp-content/uploads/jonathan-taylor-20928-madden-photo.png"
aiden-fisher,"https://www.maddenratings.com/wp-content/uploads/aiden-fisher-16321.png"
sauce-gardner,"https://www.maddenratings.com/wp-content/uploads/sauce-gardner-22260-madden-photo.png"
quenton-nelson,"https://www.maddenratings.com/wp-content/uploads/quenton-nelson-13081-madden-photo.png"
solomon-byrd,"https://www.maddenratings.com/wp-content/uploads/solomon-byrd-4361689-madden-photo.png"
bernhard-raimann,"https://www.maddenratings.com/wp-content/uploads/bernhard-raimann-22132-madden-photo.png"
charvarius-ward,"https://www.maddenratings.com/wp-content/uploads/charvarius-ward-13507-madden-photo.png"
tanor-bortolini,"https://www.maddenratings.com/wp-content/uploads/tanor-bortolini-14741-madden-photo.png"
alec-pierce,"https://www.maddenratings.com/wp-content/uploads/alec-pierce-22085-madden-photo.png"
grover-stewart,"https://www.maddenratings.com/wp-content/uploads/grover-stewart-12835-madden-photo.png"
tyler-warren,"https://www.maddenratings.com/wp-content/uploads/tyler-warren-15102-madden-photo.png"
camryn-bynum,"https://www.maddenratings.com/wp-content/uploads/camryn-bynum-21447-madden-photo.png"
laiatu-latu,"https://www.maddenratings.com/wp-content/uploads/laiatu-latu-14750-madden-photo.png"
rigoberto-sanchez,"https://www.maddenratings.com/wp-content/uploads/rigoberto-sanchez-12930-madden-photo.png"
mekhi-blackmon,"https://www.maddenratings.com/wp-content/uploads/mekhi-blackmon-23039-madden-photo.png"
josh-downs,"https://www.maddenratings.com/wp-content/uploads/josh-downs-22763-madden-photo.png"
luke-rhodes,"https://www.maddenratings.com/wp-content/uploads/luke-rhodes-12504-madden-photo.png"
daniel-jones,"https://www.maddenratings.com/wp-content/uploads/daniel-jones-20427-madden-photo.png"
matt-goncalves,"https://www.maddenratings.com/wp-content/uploads/matt-goncalves-14714-madden-photo.png"
cj-allen,"https://www.maddenratings.com/wp-content/uploads/cj-allen-16172.png"
arden-key,"https://www.maddenratings.com/wp-content/uploads/arden-key-13120-madden-photo.png"
aj-haulcy,"https://www.maddenratings.com/wp-content/uploads/aj-haulcy-10191.png"
cam-taylor-britt,"https://www.maddenratings.com/wp-content/uploads/cam-taylor-britt-22220-madden-photo.png"
jt-tuimoloau,"https://www.maddenratings.com/wp-content/uploads/jt-tuimoloau-15175-madden-photo.png"
blake-grupe,"https://www.maddenratings.com/wp-content/uploads/blake-grupe-4259619-madden-photo.png"
nick-westbrook-ikhine,"https://www.maddenratings.com/wp-content/uploads/nick-westbrook-ikhine-21067-madden-photo.png"
spencer-shrader,"https://www.maddenratings.com/wp-content/uploads/spencer-shrader-4571557-madden-photo.png"
jaylon-jones-cb,"https://www.maddenratings.com/wp-content/uploads/jaylon-jones-23032-madden-photo.png"
ashton-dulin,"https://www.maddenratings.com/wp-content/uploads/ashton-dulin-20649-madden-photo.png"
derrick-nnadi,"https://www.maddenratings.com/wp-content/uploads/derrick-nnadi-13136-madden-photo.png"
jonathan-owens,"https://www.maddenratings.com/wp-content/uploads/jonathan-owens-13710-madden-photo.png"
jalen-farmer,"https://www.maddenratings.com/wp-content/uploads/jalen-farmer-16293.png"
caden-curry,"https://www.maddenratings.com/wp-content/uploads/caden-curry-16181.png"
jerry-tillery,"https://www.maddenratings.com/wp-content/uploads/jerry-tillery-20554-madden-photo.png"
justin-walley,"https://www.maddenratings.com/wp-content/uploads/justin-walley-15320-madden-photo.png"
akeem-davis-gaither,"https://www.maddenratings.com/wp-content/uploads/akeem-davis-gaither-21160-madden-photo.png"
anthony-richardson,"https://www.maddenratings.com/wp-content/uploads/anthony-richardson-sr-22689-madden-photo.png"
mo-alie-cox,"https://www.maddenratings.com/wp-content/uploads/mo-alie-cox-13872-madden-photo.png"
cameron-mitchell,"https://www.maddenratings.com/wp-content/uploads/cameron-mitchell-23042-madden-photo.png"
micheal-clemons,"https://www.maddenratings.com/wp-content/uploads/micheal-clemons-22162-madden-photo.png"
bryce-boettcher,"https://www.maddenratings.com/wp-content/uploads/bryce-boettcher-16383.png"
george-gumbs-jr,"https://www.maddenratings.com/wp-content/uploads/george-gumbs-jr-16360.png"
dj-giddens,"https://www.maddenratings.com/wp-content/uploads/dj-giddens-15053-madden-photo.png"
anthony-gould,"https://www.maddenratings.com/wp-content/uploads/anthony-gould-15019-madden-photo.png"
colby-wooden,"https://www.maddenratings.com/wp-content/uploads/colby-wooden-22929-madden-photo.png"
daniel-scott,"https://www.maddenratings.com/wp-content/uploads/daniel-scott-23085-madden-photo.png"
deion-burks,"https://www.maddenratings.com/wp-content/uploads/deion-burks-1866.png"
adetomiwa-adebawore,"https://www.maddenratings.com/wp-content/uploads/adetomiwa-adebawore-22928-madden-photo.png"
laquon-treadwell,"https://www.maddenratings.com/wp-content/uploads/laquon-treadwell-17555-madden-photo.png"
jaylon-carlies,"https://www.maddenratings.com/wp-content/uploads/jaylon-carlies-1089-madden-photo.png"
raylen-sharpe,"https://www.maddenratings.com/wp-content/uploads/madden-nfl-player.png"
johnathan-edwards,"https://www.maddenratings.com/wp-content/uploads/johnathan-edwards-4695991-madden-photo.png"
tim-smith,"https://www.maddenratings.com/wp-content/uploads/tim-smith-15220-madden-photo.png"
austin-ajiake,"https://www.maddenratings.com/wp-content/uploads/austin-ajiake-4374171-madden-photo.png"
jalen-travis,"https://www.maddenratings.com/wp-content/uploads/jalen-travis-15152-madden-photo.png"
juanyeh-thomas,"https://www.maddenratings.com/wp-content/uploads/juanyeh-thomas-22400-madden-photo.png"
blake-freeland,"https://www.maddenratings.com/wp-content/uploads/blake-freeland-22851-madden-photo.png"
eli-pancol,"https://www.maddenratings.com/wp-content/uploads/eli-pancol-4430288-madden-photo.png"
drew-ogletree,"https://www.maddenratings.com/wp-content/uploads/drew-ogletree-22482-madden-photo.png"
riley-leonard,"https://www.maddenratings.com/wp-content/uploads/riley-leonard-14795-madden-photo.png"
dalton-tucker,"https://www.maddenratings.com/wp-content/uploads/dalton-tucker-4370363-madden-photo.png"
hunter-wohler,"https://www.maddenratings.com/wp-content/uploads/hunter-wohler-15351-madden-photo.png"
will-mallory,"https://www.maddenratings.com/wp-content/uploads/will-mallory-22831-madden-photo.png"
seth-mcgowan,"https://www.maddenratings.com/wp-content/uploads/seth-mcgowan-10173.png"
easton-stick,"https://www.maddenratings.com/wp-content/uploads/easton-stick-20335-madden-photo.png"
sean-mckeon,"https://www.maddenratings.com/wp-content/uploads/sean-mckeon-21090-madden-photo.png"
austin-brown,"https://www.maddenratings.com/wp-content/uploads/madden-nfl-player.png"
lincoln-pare,"https://www.maddenratings.com/wp-content/uploads/madden-nfl-player.png"
trey-washington,"https://www.maddenratings.com/wp-content/uploads/trey-washington-4599160-madden-photo.png"
luke-tenuta,"https://www.maddenratings.com/wp-content/uploads/luke-tenuta-22467-madden-photo.png"
nolan-rucci,"https://www.maddenratings.com/wp-content/uploads/madden-nfl-player.png"
jimmy-morrissey,"https://www.maddenratings.com/wp-content/uploads/jimmy-morrissey-21843-madden-photo.png"
geno-vandemark,"https://www.maddenratings.com/wp-content/uploads/madden-nfl-player.png"
west-weeks,"https://www.maddenratings.com/wp-content/uploads/madden-nfl-player.png"
trevor-lawrence,"https://www.maddenratings.com/wp-content/uploads/trevor-lawrence-21553-madden-photo.png"
foyesade-oluokun,"https://www.maddenratings.com/wp-content/uploads/foyesade-oluokun-13468-madden-photo.png"
travis-hunter,"https://www.maddenratings.com/wp-content/uploads/travis-hunter-15101-madden-photo.png"
josh-hines-allen,"https://www.maddenratings.com/wp-content/uploads/josh-hines-allen-20410-madden-photo.png"
antonio-johnson,"https://www.maddenratings.com/wp-content/uploads/antonio-johnson-22709-madden-photo.png"
josh-sills,"https://www.maddenratings.com/wp-content/uploads/josh-sills-22643-madden-photo.png"
jakobi-meyers,"https://www.maddenratings.com/wp-content/uploads/jakobi-meyers-20433-madden-photo.png"
brian-thomas-jr,"https://www.maddenratings.com/wp-content/uploads/brian-thomas-jr-14648-madden-photo.png"
parker-washington,"https://www.maddenratings.com/wp-content/uploads/parker-washington-22766-madden-photo.png"
cam-little,"https://www.maddenratings.com/wp-content/uploads/cam-little-15006-madden-photo.png"
anton-harrison,"https://www.maddenratings.com/wp-content/uploads/anton-harrison-22850-madden-photo.png"
ezra-cleveland,"https://www.maddenratings.com/wp-content/uploads/ezra-cleveland-20966-madden-photo.png"
jarrian-jones,"https://www.maddenratings.com/wp-content/uploads/jarrian-jones-14956-madden-photo.png"
jourdan-lewis,"https://www.maddenratings.com/wp-content/uploads/jourdan-lewis-12555-madden-photo.png"
brenton-strange,"https://www.maddenratings.com/wp-content/uploads/brenton-strange-22842-madden-photo.png"
bhayshul-tuten,"https://www.maddenratings.com/wp-content/uploads/bhayshul-tuten-14812-madden-photo.png"
logan-cooke,"https://www.maddenratings.com/wp-content/uploads/logan-cooke-13484-madden-photo.png"
dennis-gardeck,"https://www.maddenratings.com/wp-content/uploads/dennis-gardeck-13610-madden-photo.png"
travon-walker,"https://www.maddenratings.com/wp-content/uploads/travon-walker-22305-madden-photo.png"
montaric-brown,"https://www.maddenratings.com/wp-content/uploads/montaric-brown-22256-madden-photo.png"
caleb-ransaw,"https://www.maddenratings.com/wp-content/uploads/caleb-ransaw-15330-madden-photo.png"
walker-little,"https://www.maddenratings.com/wp-content/uploads/walker-little-21538-madden-photo.png"
eric-murray,"https://www.maddenratings.com/wp-content/uploads/eric-murray-17713-madden-photo.png"
arik-armstead,"https://www.maddenratings.com/wp-content/uploads/arik-armstead-2533-madden-photo.png"
robert-hainsey,"https://www.maddenratings.com/wp-content/uploads/robert-hainsey-21643-madden-photo.png"
davon-hamilton,"https://www.maddenratings.com/wp-content/uploads/davon-hamilton-21122-madden-photo.png"
emmanuel-pregnon,"https://www.maddenratings.com/wp-content/uploads/emmanuel-pregnon-16208.png"
ruke-orhorhoro,"https://www.maddenratings.com/wp-content/uploads/ruke-orhorhoro-14850-madden-photo.png"
albert-regis,"https://www.maddenratings.com/wp-content/uploads/albert-regis-16417.png"
patrick-mekari,"https://www.maddenratings.com/wp-content/uploads/patrick-mekari-20856-madden-photo.png"
wesley-williams,"https://www.maddenratings.com/wp-content/uploads/wesley-williams-16279.png"
ross-matiscik,"https://www.maddenratings.com/wp-content/uploads/ross-matiscik-21400-madden-photo.png"
chris-rodriguez-jr,"https://www.maddenratings.com/wp-content/uploads/chris-rodriguez-jr-22737-madden-photo.png"
ameer-abdullah,"https://www.maddenratings.com/wp-content/uploads/ameer-abdullah-2402-madden-photo.png"
dane-jackson,"https://www.maddenratings.com/wp-content/uploads/dane-jackson-21163-madden-photo.png"
wyatt-milum,"https://www.maddenratings.com/wp-content/uploads/wyatt-milum-15129-madden-photo.png"
zach-durfee,"https://www.maddenratings.com/wp-content/uploads/zach-durfee-10202.png"
cole-van-lanen,"https://www.maddenratings.com/wp-content/uploads/cole-van-lanen-21932-madden-photo.png"
josh-cameron,"https://www.maddenratings.com/wp-content/uploads/josh-cameron-16245.png"
lequint-allen,"https://www.maddenratings.com/wp-content/uploads/lequint-allen-15052-madden-photo.png"
ventrell-miller,"https://www.maddenratings.com/wp-content/uploads/ventrell-miller-22202-madden-photo.png"
chandler-brayboy,"https://www.maddenratings.com/wp-content/uploads/chandler-brayboy-4573243-madden-photo.png"
jalen-huskey,"https://www.maddenratings.com/wp-content/uploads/jalen-huskey-16254.png"
chuma-edoga,"https://www.maddenratings.com/wp-content/uploads/chuma-edoga-20366-madden-photo.png"
deejay-dallas,"https://www.maddenratings.com/wp-content/uploads/deejay-dallas-20922-madden-photo.png"
nate-boerkircher,"https://www.maddenratings.com/wp-content/uploads/nate-boerkircher-16353.png"
trystan-colon-castillo,"https://www.maddenratings.com/wp-content/uploads/trystan-colon-20978-madden-photo.png"
cj-williams,"https://www.maddenratings.com/wp-content/uploads/cj-williams-10196.png"
parker-hughes,"https://www.maddenratings.com/wp-content/uploads/parker-hughes-10204.png"
jack-kiser,"https://www.maddenratings.com/wp-content/uploads/jack-kiser-15253-madden-photo.png"
austin-trammell,"https://www.maddenratings.com/wp-content/uploads/austin-trammell-23308-madden-photo.png"
brady-boyd,"https://www.maddenratings.com/wp-content/uploads/madden-nfl-player.png"
rayuan-lane-iii,"https://www.maddenratings.com/wp-content/uploads/rayuan-lane-iii-15352-madden-photo.png"
quinton-bohanna,"https://www.maddenratings.com/wp-content/uploads/quinton-bohanna-21928-madden-photo.png"
bryan-thomas-jr,"https://www.maddenratings.com/wp-content/uploads/madden-nfl-player.png"
christian-braswell,"https://www.maddenratings.com/wp-content/uploads/christian-braswell-22223-madden-photo.png"
danny-striggow,"https://www.maddenratings.com/wp-content/uploads/Danny-Striggow-4673.png"
bj-green-ii,"https://www.maddenratings.com/wp-content/uploads/bj-green-ii-4875266-madden-photo.png"
hunter-long,"https://www.maddenratings.com/wp-content/uploads/hunter-long-21563-madden-photo.png"
matt-dickerson,"https://www.maddenratings.com/wp-content/uploads/matt-dickerson-13390-madden-photo.png"
tanner-koziol,"https://www.maddenratings.com/wp-content/uploads/tanner-koziol-16244.png"
devon-marshall,"https://www.maddenratings.com/wp-content/uploads/madden-nfl-player.png"
yasir-abdullah,"https://www.maddenratings.com/wp-content/uploads/yasir-abdullah-22984-madden-photo.png"
tim-jones,"https://www.maddenratings.com/wp-content/uploads/tim-jones-22607-madden-photo.png"
jalen-mcleod,"https://www.maddenratings.com/wp-content/uploads/jalen-mcleod-15255-madden-photo.png"
garrett-digiorgio,"https://www.maddenratings.com/wp-content/uploads/madden-nfl-player.png"
branson-combs,"https://www.maddenratings.com/wp-content/uploads/branson-combs-4572704-madden-photo.png"
joey-aguilar,"https://www.maddenratings.com/wp-content/uploads/madden-nfl-player.png"
quintin-morris,"https://www.maddenratings.com/wp-content/uploads/quintin-morris-21625-madden-photo.png"
nick-mullens,"https://www.maddenratings.com/wp-content/uploads/nick-mullens-13834-madden-photo.png"
jonah-monheim,"https://www.maddenratings.com/wp-content/uploads/jonah-monheim-15155-madden-photo.png"
trevian-thomas,"https://www.maddenratings.com/wp-content/uploads/trevian-thomas-4570633-madden-photo.png"
chris-jones,"https://www.maddenratings.com/wp-content/uploads/chris-jones-17676-madden-photo.png"
creed-humphrey,"https://www.maddenratings.com/wp-content/uploads/creed-humphrey-21551-madden-photo.png"
patrick-mahomes,"https://www.maddenratings.com/wp-content/uploads/patrick-mahomes-12635-madden-photo.png"
trey-smith,"https://www.maddenratings.com/wp-content/uploads/trey-smith-21648-madden-photo.png"
travis-kelce,"https://www.maddenratings.com/wp-content/uploads/travis-kelce-890-madden-photo.png"
camron-silmon-craig,"https://www.maddenratings.com/wp-content/uploads/camron-silmon-craig-4877475-madden-photo.png"
carter-bradley,"https://www.maddenratings.com/wp-content/uploads/carter-bradley-4362260-madden-photo.png"
rashee-rice,"https://www.maddenratings.com/wp-content/uploads/rashee-rice-22765-madden-photo.png"
george-karlaftis,"https://www.maddenratings.com/wp-content/uploads/george-karlaftis-22140-madden-photo.png"
harrison-butker,"https://www.maddenratings.com/wp-content/uploads/harrison-butker-12863-madden-photo.png"
josh-simmons,"https://www.maddenratings.com/wp-content/uploads/josh-simmons-15124-madden-photo.png"
ljarius-sneed,"https://www.maddenratings.com/wp-content/uploads/ljarius-sneed-21351-madden-photo.png"
kenneth-walker,"https://www.maddenratings.com/wp-content/uploads/kenneth-walker-iii-22338-madden-photo.png"
nick-bolton,"https://www.maddenratings.com/wp-content/uploads/nick-bolton-21474-madden-photo.png"
drue-tranquill,"https://www.maddenratings.com/wp-content/uploads/drue-tranquill-20444-madden-photo.png"
mansoor-delane,"https://www.maddenratings.com/wp-content/uploads/mansoor-delane-1827.png"
r-mason-thomas,"https://www.maddenratings.com/wp-content/uploads/r-mason-thomas-16374.png"
alohi-gilman,"https://www.maddenratings.com/wp-content/uploads/alohi-gilman-21016-madden-photo.png"
kristian-fulton,"https://www.maddenratings.com/wp-content/uploads/kristian-fulton-21259-madden-photo.png"
xavier-worthy,"https://www.maddenratings.com/wp-content/uploads/xavier-worthy-14650-madden-photo.png"
matt-araiza,"https://www.maddenratings.com/wp-content/uploads/matt-araiza-22388-madden-photo.png"
peter-woods,"https://www.maddenratings.com/wp-content/uploads/peter-woods-16269.png"
chamarri-conner,"https://www.maddenratings.com/wp-content/uploads/chamarri-conner-23060-madden-photo.png"
kingsley-suamataia,"https://www.maddenratings.com/wp-content/uploads/kingsley-suamataia-14705-madden-photo.png"
kader-kohou,"https://www.maddenratings.com/wp-content/uploads/kader-kohou-22638-madden-photo.png"
brashard-smith,"https://www.maddenratings.com/wp-content/uploads/brashard-smith-4596602-madden-photo.png"
james-winchester,"https://www.maddenratings.com/wp-content/uploads/james-winchester-2725-madden-photo.png"
jadon-canady,"https://www.maddenratings.com/wp-content/uploads/jadon-canady-16381.png"
khyiris-tonga,"https://www.maddenratings.com/wp-content/uploads/khyiris-tonga-21891-madden-photo.png"
noah-gray,"https://www.maddenratings.com/wp-content/uploads/noah-gray-21810-madden-photo.png"
tyquan-thornton,"https://www.maddenratings.com/wp-content/uploads/tyquan-thornton-22371-madden-photo.png"
nohl-williams,"https://www.maddenratings.com/wp-content/uploads/nohl-williams-15293-madden-photo.png"
jaden-hicks,"https://www.maddenratings.com/wp-content/uploads/jaden-hicks-14951-madden-photo.png"
jaylon-moore,"https://www.maddenratings.com/wp-content/uploads/jaylon-moore-21656-madden-photo.png"
felix-anudike-uzomah,"https://www.maddenratings.com/wp-content/uploads/felix-anudike-uzomah-22916-madden-photo.png"
kaiir-elam,"https://www.maddenratings.com/wp-content/uploads/kaiir-elam-22257-madden-photo.png"
omarr-norman-lott,"https://www.maddenratings.com/wp-content/uploads/omarr-norman-lott-15224-madden-photo.png"
cyrus-allen,"https://www.maddenratings.com/wp-content/uploads/cyrus-allen-16325.png"
jalen-royals,"https://www.maddenratings.com/wp-content/uploads/jalen-royals-15056-madden-photo.png"
jared-wiley,"https://www.maddenratings.com/wp-content/uploads/jared-wiley-14689-madden-photo.png"
ashton-gillotte,"https://www.maddenratings.com/wp-content/uploads/ashton-gillotte-15182-madden-photo.png"
justin-fields,"https://www.maddenratings.com/wp-content/uploads/justin-fields-21560-madden-photo.png"
jeff-caldwell,"https://www.maddenratings.com/wp-content/uploads/madden-nfl-player.png"
emari-demercado,"https://www.maddenratings.com/wp-content/uploads/emari-demercado-23339-madden-photo.png"
emmett-johnson,"https://www.maddenratings.com/wp-content/uploads/emmett-johnson-16352.png"
nikko-remigio,"https://www.maddenratings.com/wp-content/uploads/nikko-remigio-4372716-madden-photo.png"
chris-roland-wallace,"https://www.maddenratings.com/wp-content/uploads/chrisroland-wallace-4428383-madden-photo.png"
jeffrey-bassa,"https://www.maddenratings.com/wp-content/uploads/jeffrey-bassa-15250-madden-photo.png"
jason-brownlee,"https://www.maddenratings.com/wp-content/uploads/jason-brownlee-23119-madden-photo.png"
hunter-nourzad,"https://www.maddenratings.com/wp-content/uploads/hunter-nourzad-15025-madden-photo.png"
omari-evans,"https://www.maddenratings.com/wp-content/uploads/madden-nfl-player.png"
cole-brevard,"https://www.maddenratings.com/wp-content/uploads/madden-nfl-player.png"
jaydn-ott,"https://www.maddenratings.com/wp-content/uploads/madden-nfl-player.png"
tyreke-smith,"https://www.maddenratings.com/wp-content/uploads/tyreke-smith-22158-madden-photo.png"
marcus-harris,"https://www.maddenratings.com/wp-content/uploads/marcus-harris-14888-madden-photo.png"
cooper-mcdonald,"https://www.maddenratings.com/wp-content/uploads/cooper-mcdonald-4567826-madden-photo.png"
kevin-knowles,"https://www.maddenratings.com/wp-content/uploads/kevin-knowles-4602648-madden-photo.png"
cj-hanson,"https://www.maddenratings.com/wp-content/uploads/cj-hanson-1169-madden-photo.png"
matt-waletzko,"https://www.maddenratings.com/wp-content/uploads/matt-waletzko-22113-madden-photo.png"
mike-caliendo,"https://www.maddenratings.com/wp-content/uploads/mike-caliendo-22609-madden-photo.png"
garrett-nussmeier,"https://www.maddenratings.com/wp-content/uploads/garrett-nussmeier-16201.png"
ethan-downs,"https://www.maddenratings.com/wp-content/uploads/ethan-downs-15192-madden-photo.png"
wesley-bissainthe,"https://www.maddenratings.com/wp-content/uploads/madden-nfl-player.png"
jake-briningstool,"https://www.maddenratings.com/wp-content/uploads/jake-briningstool-15107-madden-photo.png"
ethan-driskell,"https://www.maddenratings.com/wp-content/uploads/ethan-driskell-14737-madden-photo.png"
vincent-anthony-jr,"https://www.maddenratings.com/wp-content/uploads/madden-nfl-player.png"
cole-christiansen,"https://www.maddenratings.com/wp-content/uploads/cole-christiansen-21357-madden-photo.png"
jack-cochrane,"https://www.maddenratings.com/wp-content/uploads/jack-cochrane-22521-madden-photo.png"
zelmar-vedder,"https://www.maddenratings.com/wp-content/uploads/madden-nfl-player.png"
xavier-nwankpa,"https://www.maddenratings.com/wp-content/uploads/xavier-nwankpa-10232.png"
kahlil-benson,"https://www.maddenratings.com/wp-content/uploads/madden-nfl-player.png"
josh-thompson-10243,"https://www.maddenratings.com/wp-content/uploads/madden-nfl-player.png"
john-michael-gyllenborg,"https://www.maddenratings.com/wp-content/uploads/madden-nfl-player.png"
pete-nygra,"https://www.maddenratings.com/wp-content/uploads/pete-nygra-16362.png"
chris-oladokun,"https://www.maddenratings.com/wp-content/uploads/chris-oladokun-22480-madden-photo.png"
brock-bowers,"https://www.maddenratings.com/wp-content/uploads/brock-bowers-14678-madden-photo.png"
tyler-linderbaum,"https://www.maddenratings.com/wp-content/uploads/tyler-linderbaum-22274-madden-photo.png"
maxx-crosby,"https://www.maddenratings.com/wp-content/uploads/maxx-crosby-20571-madden-photo.png"
ashton-jeanty,"https://www.maddenratings.com/wp-content/uploads/ashton-jeanty-14793-madden-photo.png"
kolton-miller,"https://www.maddenratings.com/wp-content/uploads/kolton-miller-13098-madden-photo.png"
esa-pole,"https://www.maddenratings.com/wp-content/uploads/esa-pole-5153070-madden-photo.png"
taron-johnson,"https://www.maddenratings.com/wp-content/uploads/taron-johnson-13348-madden-photo.png"
jackson-powers-johnson,"https://www.maddenratings.com/wp-content/uploads/jackson-powers-johnson-14704-madden-photo.png"
nakobe-dean,"https://www.maddenratings.com/wp-content/uploads/nakobe-dean-22402-madden-photo.png"
aj-cole-iii,"https://www.maddenratings.com/wp-content/uploads/aj-cole-20821-madden-photo.png"
quay-walker,"https://www.maddenratings.com/wp-content/uploads/quay-walker-22187-madden-photo.png"
jalen-nailor,"https://www.maddenratings.com/wp-content/uploads/jalen-nailor-22363-madden-photo.png"
tre-tucker,"https://www.maddenratings.com/wp-content/uploads/tre-tucker-22806-madden-photo.png"
kwity-paye,"https://www.maddenratings.com/wp-content/uploads/kwity-paye-21884-madden-photo.png"
eric-stokes,"https://www.maddenratings.com/wp-content/uploads/eric-stokes-21705-madden-photo.png"
keyron-crawford,"https://www.maddenratings.com/wp-content/uploads/keyron-crawford-16236.png"
treydan-stukes,"https://www.maddenratings.com/wp-content/uploads/treydan-stukes-1865.png"
jeremy-chinn,"https://www.maddenratings.com/wp-content/uploads/jeremy-chinn-21151-madden-photo.png"
fernando-mendoza,"https://www.maddenratings.com/wp-content/uploads/fernando-mendoza-16261.png"
malcolm-koonce,"https://www.maddenratings.com/wp-content/uploads/malcolm-koonce-21691-madden-photo.png"
darien-porter,"https://www.maddenratings.com/wp-content/uploads/darien-porter-15291-madden-photo.png"
jermod-mccoy,"https://www.maddenratings.com/wp-content/uploads/jermod-mccoy-1871.png"
adam-butler,"https://www.maddenratings.com/wp-content/uploads/adam-butler-12950-madden-photo.png"
kirk-cousins,"https://www.maddenratings.com/wp-content/uploads/kirk-cousins-11215-madden-photo.png"
jack-bech,"https://www.maddenratings.com/wp-content/uploads/Jack-Bech-15055.png"
jordan-meredith,"https://www.maddenratings.com/wp-content/uploads/jordan-meredith-22624-madden-photo.png"
matt-gay,"https://www.maddenratings.com/wp-content/uploads/matt-gay-20715-madden-photo.png"
michael-mayer,"https://www.maddenratings.com/wp-content/uploads/michael-mayer-22697-madden-photo.png"
charles-grant,"https://www.maddenratings.com/wp-content/uploads/charles-grant-4602-madden-photo.png"
delmar-glaze,"https://www.maddenratings.com/wp-content/uploads/dj-glaze-14731-madden-photo.png"
trey-zuhn-iii,"https://www.maddenratings.com/wp-content/uploads/trey-zuhn-iii-1870.png"
mike-washington-jr,"https://www.maddenratings.com/wp-content/uploads/mike-washington-jr-1868.png"
phillip-dorsett-ii,"https://www.maddenratings.com/wp-content/uploads/phillip-dorsett-ii-2443-madden-photo.png"
isaiah-pola-mao,"https://www.maddenratings.com/wp-content/uploads/isaiah-pola-mao-22241-madden-photo.png"
tommy-eichenberg,"https://www.maddenratings.com/wp-content/uploads/tommy-eichenberg-14908-madden-photo.png"
ian-thomas,"https://www.maddenratings.com/wp-content/uploads/ian-thomas-13212-madden-photo.png"
caleb-rogers,"https://www.maddenratings.com/wp-content/uploads/caleb-rogers-15141-madden-photo.png"
brennan-jackson,"https://www.maddenratings.com/wp-content/uploads/brennan-jackson-14880-madden-photo.png"
malik-benson,"https://www.maddenratings.com/wp-content/uploads/malik-benson-16190.png"
decamerion-richardson,"https://www.maddenratings.com/wp-content/uploads/decamerion-richardson-1082-madden-photo.png"
jonah-laulu,"https://www.maddenratings.com/wp-content/uploads/jonah-laulu-1157-madden-photo.png"
dalton-johnson,"https://www.maddenratings.com/wp-content/uploads/dalton-johnson-1860.png"
benito-jones,"https://www.maddenratings.com/wp-content/uploads/benito-jones-21132-madden-photo.png"
hezekiah-masses,"https://www.maddenratings.com/wp-content/uploads/hezekiah-masses-16281.png"
donte-thornton-jr,"https://www.maddenratings.com/wp-content/uploads/donte-thornton-jr-15065-madden-photo.png"
spencer-burford,"https://www.maddenratings.com/wp-content/uploads/spencer-burford-22136-madden-photo.png"
dylan-laube,"https://www.maddenratings.com/wp-content/uploads/dylan-laube-1122-madden-photo.png"
aidan-oconnell,"https://www.maddenratings.com/wp-content/uploads/aidan-oconnell-22716-madden-photo.png"
jj-pegues,"https://www.maddenratings.com/wp-content/uploads/jj-pegues-15208-madden-photo.png"
connor-heyward,"https://www.maddenratings.com/wp-content/uploads/connor-heyward-22249-madden-photo.png"
tonka-hemingway,"https://www.maddenratings.com/wp-content/uploads/tonka-hemingway-15223-madden-photo.png"
chase-roberts,"https://www.maddenratings.com/wp-content/uploads/madden-nfl-player.png"
dareke-young,"https://www.maddenratings.com/wp-content/uploads/dareke-young-22377-madden-photo.png"
chris-collier,"https://www.maddenratings.com/wp-content/uploads/chris-collier-4698191-madden-photo.png"
segun-olubi,"https://www.maddenratings.com/wp-content/uploads/segun-olubi-23330-madden-photo.png"
brandon-cleveland,"https://www.maddenratings.com/wp-content/uploads/brandon-cleveland-16346.png"
jahfari-harvey,"https://www.maddenratings.com/wp-content/uploads/jahfari-harvey-4782.png"
justin-pickett,"https://www.maddenratings.com/wp-content/uploads/madden-nfl-player.png"
thomas-booker,"https://www.maddenratings.com/wp-content/uploads/thomas-booker-iv-22173-madden-photo.png"
cameron-mcgrone,"https://www.maddenratings.com/wp-content/uploads/cameron-mcgrone-21499-madden-photo.png"
greedy-vance-jr,"https://www.maddenratings.com/wp-content/uploads/Greedy-Vance-Jr-4760.png"
chigozie-anusiem,"https://www.maddenratings.com/wp-content/uploads/chigozie-anusiem-4360475-madden-photo.png"
atonio-mafi,"https://www.maddenratings.com/wp-content/uploads/atonio-mafi-22870-madden-photo.png"
gary-smith-iii,"https://www.maddenratings.com/wp-content/uploads/madden-nfl-player.png"
isaiah-jatta,"https://www.maddenratings.com/wp-content/uploads/madden-nfl-player.png"
cody-lindenberg,"https://www.maddenratings.com/wp-content/uploads/cody-lindenberg-15254-madden-photo.png"
tristin-mccollum,"https://www.maddenratings.com/wp-content/uploads/tristin-mccollum-22509-madden-photo.png"
tanner-wall,"https://www.maddenratings.com/wp-content/uploads/madden-nfl-player.png"
derwin-james-jr,"https://www.maddenratings.com/wp-content/uploads/derwin-james-jr-13080-madden-photo.png"
alex-ward,"https://www.maddenratings.com/wp-content/uploads/alex-ward-23111-madden-photo.png"
justin-shorter,"https://www.maddenratings.com/wp-content/uploads/justin-shorter-22800-madden-photo.png"
treven-maae,"https://www.maddenratings.com/wp-content/uploads/treven-maae-4427852-madden-photo.png"
rashawn-slater,"https://www.maddenratings.com/wp-content/uploads/rashawn-slater-21541-madden-photo.png"
joe-alt,"https://www.maddenratings.com/wp-content/uploads/joe-alt-14694-madden-photo.png"
ladd-mcconkey,"https://www.maddenratings.com/wp-content/uploads/ladd-mcconkey-14651-madden-photo.png"
cameron-dicker,"https://www.maddenratings.com/wp-content/uploads/cameron-dicker-22392-madden-photo.png"
justin-herbert,"https://www.maddenratings.com/wp-content/uploads/justin-herbert-21034-madden-photo.png"
daiyan-henley,"https://www.maddenratings.com/wp-content/uploads/daiyan-henley-23000-madden-photo.png"
khalil-mack,"https://www.maddenratings.com/wp-content/uploads/khalil-mack-12344-madden-photo.png"
carter-runyon,"https://www.maddenratings.com/wp-content/uploads/carter-runyon-5155825-madden-photo.png"
jk-scott,"https://www.maddenratings.com/wp-content/uploads/jk-scott-13436-madden-photo.png"
david-njoku,"https://www.maddenratings.com/wp-content/uploads/david-njoku-12532-madden-photo.png"
tarheeb-still,"https://www.maddenratings.com/wp-content/uploads/tarheeb-still-1087-madden-photo.png"
donte-jackson,"https://www.maddenratings.com/wp-content/uploads/donte-jackson-13169-madden-photo.png"
omarion-hampton,"https://www.maddenratings.com/wp-content/uploads/omarion-hampton-15045-madden-photo.png"
akheem-mesidor,"https://www.maddenratings.com/wp-content/uploads/akheem-mesidor-16336.png"
quentin-johnston,"https://www.maddenratings.com/wp-content/uploads/quentin-johnston-22695-madden-photo.png"
tony-jefferson-ii,"https://www.maddenratings.com/wp-content/uploads/tony-jefferson-9879-madden-photo.png"
tyler-biadasz,"https://www.maddenratings.com/wp-content/uploads/tyler-biadasz-20979-madden-photo.png"
elijah-molden,"https://www.maddenratings.com/wp-content/uploads/elijah-molden-21660-madden-photo.png"
teair-tart,"https://www.maddenratings.com/wp-content/uploads/teair-tart-21435-madden-photo.png"
josh-harris,"https://www.maddenratings.com/wp-content/uploads/josh-harris-11807-madden-photo.png"
tuli-tuipulotu,"https://www.maddenratings.com/wp-content/uploads/tuli-tuipulotu-22922-madden-photo.png"
denzel-perryman,"https://www.maddenratings.com/wp-content/uploads/denzel-perryman-2560-madden-photo.png"
dalvin-tomlinson,"https://www.maddenratings.com/wp-content/uploads/dalvin-tomlinson-12595-madden-photo.png"
jake-slaughter,"https://www.maddenratings.com/wp-content/uploads/jake-slaughter-16287.png"
keaton-mitchell,"https://www.maddenratings.com/wp-content/uploads/keaton-mitchell-23134-madden-photo.png"
cam-hart,"https://www.maddenratings.com/wp-content/uploads/cam-hart-14960-madden-photo.png"
kimani-vidal,"https://www.maddenratings.com/wp-content/uploads/kimani-vidal-14637-madden-photo.png"
justin-eboigbe,"https://www.maddenratings.com/wp-content/uploads/justin-eboigbe-14873-madden-photo.png"
oronde-gadsden-ii,"https://www.maddenratings.com/wp-content/uploads/oronde-gadsden-ii-15122-madden-photo.png"
tre-harris,"https://www.maddenratings.com/wp-content/uploads/tre-harris-15058-madden-photo.png"
alec-ingold,"https://www.maddenratings.com/wp-content/uploads/alec-ingold-20390-madden-photo.png"
brenen-thompson,"https://www.maddenratings.com/wp-content/uploads/brenen-thompson-10176.png"
cole-strange,"https://www.maddenratings.com/wp-content/uploads/cole-strange-22137-madden-photo.png"
junior-colson,"https://www.maddenratings.com/wp-content/uploads/junior-colson-14905-madden-photo.png"
troy-dye,"https://www.maddenratings.com/wp-content/uploads/troy-dye-21274-madden-photo.png"
trevor-penning,"https://www.maddenratings.com/wp-content/uploads/trevor-penning-22103-madden-photo.png"
bud-dupree,"https://www.maddenratings.com/wp-content/uploads/bud-dupree-2532-madden-photo.png"
derius-davis,"https://www.maddenratings.com/wp-content/uploads/derius-davis-22819-madden-photo.png"
genesis-smith,"https://www.maddenratings.com/wp-content/uploads/genesis-smith-16229.png"
rj-mickens,"https://www.maddenratings.com/wp-content/uploads/rj-mickens-15336-madden-photo.png"
nick-barrett,"https://www.maddenratings.com/wp-content/uploads/nick-barrett-16401.png"
jamaree-caldwell,"https://www.maddenratings.com/wp-content/uploads/jamaree-caldwell-15211-madden-photo.png"
keandre-lambert-smith,"https://www.maddenratings.com/wp-content/uploads/keandre-lambert-smith-15073-madden-photo.png"
travis-burke,"https://www.maddenratings.com/wp-content/uploads/travis-burke-16280.png"
kyle-kennard,"https://www.maddenratings.com/wp-content/uploads/kyle-kennard-15183-madden-photo.png"
trey-pipkins-iii,"https://www.maddenratings.com/wp-content/uploads/trey-pipkins-iii-20678-madden-photo.png"
logan-taylor,"https://www.maddenratings.com/wp-content/uploads/logan-taylor-16252.png"
charlie-kolar,"https://www.maddenratings.com/wp-content/uploads/charlie-kolar-22096-madden-photo.png"
scott-matlock,"https://www.maddenratings.com/wp-content/uploads/scott-matlock-23268-madden-photo.png"
alex-harkey,"https://www.maddenratings.com/wp-content/uploads/alex-harkey-1804.png"
deane-leonard,"https://www.maddenratings.com/wp-content/uploads/deane-leonard-22491-madden-photo.png"
dalevon-campbell,"https://www.maddenratings.com/wp-content/uploads/dalevon-campbell-4569372-madden-photo.png"
ben-cleveland,"https://www.maddenratings.com/wp-content/uploads/ben-cleveland-21641-madden-photo.png"
jaret-patterson,"https://www.maddenratings.com/wp-content/uploads/jaret-patterson-21579-madden-photo.png"
nadame-tucker,"https://www.maddenratings.com/wp-content/uploads/madden-nfl-player.png"
sincere-brown,"https://www.maddenratings.com/wp-content/uploads/madden-nfl-player.png"
terry-webb,"https://www.maddenratings.com/wp-content/uploads/madden-nfl-player.png"
kendall-williamson,"https://www.maddenratings.com/wp-content/uploads/kendall-williamson-23283-madden-photo.png"
delshawn-phillips,"https://www.maddenratings.com/wp-content/uploads/delshawn-phillips-21408-madden-photo.png"
branson-taylor,"https://www.maddenratings.com/wp-content/uploads/branson-taylor-15140-madden-photo.png"
marlowe-wax,"https://www.maddenratings.com/wp-content/uploads/marlowe-wax-4431467-madden-photo.png"
trey-lance,"https://www.maddenratings.com/wp-content/uploads/trey-lance-21555-madden-photo.png"
nikko-reed,"https://www.maddenratings.com/wp-content/uploads/nikko-reed-4691043-madden-photo.png"
garmon-randolph,"https://www.maddenratings.com/wp-content/uploads/garmon-randolph-4428304-madden-photo.png"
eric-rogers,"https://www.maddenratings.com/wp-content/uploads/eric-rogers-4433895-madden-photo.png"
kayode-awosika,"https://www.maddenratings.com/wp-content/uploads/kayode-awosika-21821-madden-photo.png"
myles-purchase,"https://www.maddenratings.com/wp-content/uploads/myles-purchase-4701177-madden-photo.png"
terah-edwards,"https://www.maddenratings.com/wp-content/uploads/terah-edwards-4431077-madden-photo.png"
jacobian-guillory,"https://www.maddenratings.com/wp-content/uploads/madden-nfl-player.png"
jacob-spomer,"https://www.maddenratings.com/wp-content/uploads/madden-nfl-player.png"
jerand-bradley,"https://www.maddenratings.com/wp-content/uploads/madden-nfl-player.png"
noah-avinger,"https://www.maddenratings.com/wp-content/uploads/madden-nfl-player.png"
matthew-stafford,"https://www.maddenratings.com/wp-content/uploads/matthew-stafford-20051-madden-photo.png"
trent-mcduffie,"https://www.maddenratings.com/wp-content/uploads/trent-mcduffie-22265-madden-photo.png"
puka-nacua,"https://www.maddenratings.com/wp-content/uploads/puka-nacua-22811-madden-photo.png"
evan-svoboda,"https://www.maddenratings.com/wp-content/uploads/madden-nfl-player.png"
myles-garrett,"https://www.maddenratings.com/wp-content/uploads/myles-garrett-12520-madden-photo.png"
isaiah-world,"https://www.maddenratings.com/wp-content/uploads/madden-nfl-player.png"
davante-adams,"https://www.maddenratings.com/wp-content/uploads/davante-adams-10823-madden-photo.png"
alaric-jackson,"https://www.maddenratings.com/wp-content/uploads/alaric-jackson-21997-madden-photo.png"
kyren-williams,"https://www.maddenratings.com/wp-content/uploads/kyren-williams-22051-madden-photo.png"
nate-landman,"https://www.maddenratings.com/wp-content/uploads/nate-landman-22409-madden-photo.png"
byron-young,"https://www.maddenratings.com/wp-content/uploads/byron-young-22938-madden-photo.png"
kobie-turner,"https://www.maddenratings.com/wp-content/uploads/kobie-turner-22933-madden-photo.png"
kamren-curl,"https://www.maddenratings.com/wp-content/uploads/kamren-curl-21012-madden-photo.png"
poona-ford,"https://www.maddenratings.com/wp-content/uploads/poona-ford-13199-madden-photo.png"
kamren-kinchens,"https://www.maddenratings.com/wp-content/uploads/kamren-kinchens-14935-madden-photo.png"
quentin-lake,"https://www.maddenratings.com/wp-content/uploads/quentin-lake-22243-madden-photo.png"
kevin-dotson,"https://www.maddenratings.com/wp-content/uploads/kevin-dotson-21196-madden-photo.png"
steve-avila,"https://www.maddenratings.com/wp-content/uploads/steve-avila-22859-madden-photo.png"
omar-speights,"https://www.maddenratings.com/wp-content/uploads/omar-speights-14917.png"
braden-fiske,"https://www.maddenratings.com/wp-content/uploads/braden-fiske-14855-madden-photo.png"
ethan-evans,"https://www.maddenratings.com/wp-content/uploads/ethan-evans-23274-madden-photo.png"
jaylen-watson,"https://www.maddenratings.com/wp-content/uploads/jaylen-watson-22242-madden-photo.png"
blake-corum,"https://www.maddenratings.com/wp-content/uploads/blake-corum-14623-madden-photo.png"
tyler-higbee,"https://www.maddenratings.com/wp-content/uploads/tyler-higbee-17644-madden-photo.png"
emmanuel-forbes,"https://www.maddenratings.com/wp-content/uploads/emmanuel-forbes-jr-23029-madden-photo.png"
coleman-shelton,"https://www.maddenratings.com/wp-content/uploads/coleman-shelton-13195-madden-photo.png"
josaiah-stewart,"https://www.maddenratings.com/wp-content/uploads/josaiah-stewart-15176-madden-photo.png"
colby-parkinson,"https://www.maddenratings.com/wp-content/uploads/colby-parkinson-20951-madden-photo.png"
harrison-mevis,"https://www.maddenratings.com/wp-content/uploads/harrison-mevis-15003-madden-photo.png"
jarquez-hunter,"https://www.maddenratings.com/wp-content/uploads/jarquez-hunter-14822-madden-photo.png"
jordan-whittington,"https://www.maddenratings.com/wp-content/uploads/jordan-whittington-14674-madden-photo.png"
tyler-davis-clemson,"https://www.maddenratings.com/wp-content/uploads/tyler-davis-14866-madden-photo.png"
warren-mcclendon,"https://www.maddenratings.com/wp-content/uploads/warren-mcclendon-jr-22908-madden-photo.png"
konata-mumpfield,"https://www.maddenratings.com/wp-content/uploads/konata-mumpfield-15085-madden-photo.png"
keagen-trost,"https://www.maddenratings.com/wp-content/uploads/keagen-trost-1855.png"
ty-simpson,"https://www.maddenratings.com/wp-content/uploads/ty-simpson-16188.png"
terrance-ferguson,"https://www.maddenratings.com/wp-content/uploads/terrance-ferguson-15105-madden-photo.png"
beaux-limmer,"https://www.maddenratings.com/wp-content/uploads/beaux-limmer-14722-madden-photo.png"
ty-hamilton,"https://www.maddenratings.com/wp-content/uploads/ty-hamilton-15210-madden-photo.png"
jaylen-mccollough,"https://www.maddenratings.com/wp-content/uploads/Jaylen-McCollough-1344.png"
shaun-dolac,"https://www.maddenratings.com/wp-content/uploads/shaun-dolac-4693848-madden-photo.png"
david-quessenberry,"https://www.maddenratings.com/wp-content/uploads/david-quessenberry-1732-madden-photo.png"
tyler-scott,"https://www.maddenratings.com/wp-content/uploads/tyler-scott-22780-madden-photo.png"
xavier-smith,"https://www.maddenratings.com/wp-content/uploads/xavier-smith-23311-madden-photo.png"
davis-allen,"https://www.maddenratings.com/wp-content/uploads/davis-allen-22840-madden-photo.png"
max-klare,"https://www.maddenratings.com/wp-content/uploads/max-klare-16390.png"
josh-wallace,"https://www.maddenratings.com/wp-content/uploads/josh-wallace-4572371-madden-photo.png"
justin-dedich,"https://www.maddenratings.com/wp-content/uploads/justin-dedich-4360859-madden-photo.png"
dean-connors,"https://www.maddenratings.com/wp-content/uploads/madden-nfl-player.png"
ronnie-rivers,"https://www.maddenratings.com/wp-content/uploads/ronnie-rivers-22336-madden-photo.png"
cj-daniels,"https://www.maddenratings.com/wp-content/uploads/cj-daniels-16323.png"
desjuan-johnson,"https://www.maddenratings.com/wp-content/uploads/desjuan-johnson-23284-madden-photo.png"
payton-zdroik,"https://www.maddenratings.com/wp-content/uploads/madden-nfl-player.png"
wesley-bailey,"https://www.maddenratings.com/wp-content/uploads/madden-nfl-player.png"
darryl-peterson-iii,"https://www.maddenratings.com/wp-content/uploads/madden-nfl-player.png"
alzillion-hamilton,"https://www.maddenratings.com/wp-content/uploads/madden-nfl-player.png"
cam-lampkin,"https://www.maddenratings.com/wp-content/uploads/cam-lampkin-4427752-madden-photo.png"
larrell-murchison,"https://www.maddenratings.com/wp-content/uploads/larrell-murchison-21124-madden-photo.png"
grant-stuard,"https://www.maddenratings.com/wp-content/uploads/grant-stuard-21682-madden-photo.png"
nick-andersen,"https://www.maddenratings.com/wp-content/uploads/madden-nfl-player.png"
nikhai-hill-green,"https://www.maddenratings.com/wp-content/uploads/madden-nfl-player.png"
tomon-fox,"https://www.maddenratings.com/wp-content/uploads/tomon-fox-21896-madden-photo.png"
dylan-mcmahon,"https://www.maddenratings.com/wp-content/uploads/dylan-mcmahon-14747-madden-photo.png"
tim-keenan-iii,"https://www.maddenratings.com/wp-content/uploads/tim-keenan-iii-16195.png"
tanner-ingle,"https://www.maddenratings.com/wp-content/uploads/madden-nfl-player.png"
nate-valcarcel,"https://www.maddenratings.com/wp-content/uploads/nate-valcarcel-4695781-madden-photo.png"
stetson-bennett-iv,"https://www.maddenratings.com/wp-content/uploads/stetson-bennett-iv-22714-madden-photo.png"
dan-villari,"https://www.maddenratings.com/wp-content/uploads/madden-nfl-player.png"
jaxson-moi,"https://www.maddenratings.com/wp-content/uploads/madden-nfl-player.png"
elias-neal,"https://www.maddenratings.com/wp-content/uploads/elias-neal-4428098-madden-photo.png"
keir-thomas,"https://www.maddenratings.com/wp-content/uploads/keir-thomas-22637-madden-photo.png"
rohan-jones,"https://www.maddenratings.com/wp-content/uploads/madden-nfl-player.png"
drey-norwood,"https://www.maddenratings.com/wp-content/uploads/madden-nfl-player.png"
aj-arcuri,"https://www.maddenratings.com/wp-content/uploads/aj-arcuri-22484-madden-photo.png"
devon-achane,"https://www.maddenratings.com/wp-content/uploads/devon-achane-22692-madden-photo.png"
joe-cardona,"https://www.maddenratings.com/wp-content/uploads/joe-cardona-2605-madden-photo.png"
austin-blaske,"https://www.maddenratings.com/wp-content/uploads/madden-nfl-player.png"
jordyn-brooks,"https://www.maddenratings.com/wp-content/uploads/jordyn-brooks-21316-madden-photo.png"
aaron-brewer,"https://www.maddenratings.com/wp-content/uploads/aaron-brewer-21365-madden-photo.png"
patrick-paul,"https://www.maddenratings.com/wp-content/uploads/patrick-paul-14702-madden-photo.png"
bradley-pinion,"https://www.maddenratings.com/wp-content/uploads/bradley-pinion-2604-madden-photo.png"
tyrel-dodson,"https://www.maddenratings.com/wp-content/uploads/tyrel-dodson-20597-madden-photo.png"
zach-sieler,"https://www.maddenratings.com/wp-content/uploads/zach-sieler-13481-madden-photo.png"
chris-johnson,"https://www.maddenratings.com/wp-content/uploads/chris-johnson-16394.png"
kadyn-proctor,"https://www.maddenratings.com/wp-content/uploads/kadyn-proctor-16192.png"
jacob-rodriguez,"https://www.maddenratings.com/wp-content/uploads/jacob-rodriguez-1806.png"
chop-robinson,"https://www.maddenratings.com/wp-content/uploads/chop-robinson-14753-madden-photo.png"
tutu-atwell,"https://www.maddenratings.com/wp-content/uploads/tutu-atwell-21582-madden-photo.png"
malik-willis,"https://www.maddenratings.com/wp-content/uploads/malik-willis-22048-madden-photo.png"
kenneth-grant,"https://www.maddenratings.com/wp-content/uploads/kenneth-grant-15238-madden-photo.png"
darrell-baker-jr,"https://www.maddenratings.com/wp-content/uploads/darrell-baker-22275-madden-photo.png"
austin-jackson,"https://www.maddenratings.com/wp-content/uploads/austin-jackson-20965-madden-photo.png"
jalen-tolbert,"https://www.maddenratings.com/wp-content/uploads/jalen-tolbert-22088-madden-photo.png"
josh-uche,"https://www.maddenratings.com/wp-content/uploads/joshua-uche-20990-madden-photo.png"
zane-gonzalez,"https://www.maddenratings.com/wp-content/uploads/zane-gonzalez.png"
jaylen-wright,"https://www.maddenratings.com/wp-content/uploads/jaylen-wright-14632-madden-photo.png"
lonnie-johnson-jr,"https://www.maddenratings.com/wp-content/uploads/lonnie-johnson-jr-20452-madden-photo.png"
julius-brents,"https://www.maddenratings.com/wp-content/uploads/juju-brents-23062-madden-photo.png"
malik-washington,"https://www.maddenratings.com/wp-content/uploads/malik-washington-14665-madden-photo.png"
david-ojabo,"https://www.maddenratings.com/wp-content/uploads/david-ojabo-22311-madden-photo.png"
ollie-gordon-ii,"https://www.maddenratings.com/wp-content/uploads/ollie-gordon-ii-15049-madden-photo.png"
riley-patterson,"https://www.maddenratings.com/wp-content/uploads/riley-patterson.png"
chris-bell,"https://www.maddenratings.com/wp-content/uploads/chris-bell-16327.png"
caleb-douglas,"https://www.maddenratings.com/wp-content/uploads/caleb-douglas-16285.png"
willie-gay,"https://www.maddenratings.com/wp-content/uploads/willie-gay-21001-madden-photo.png"
ronnie-harrison-jr,"https://www.maddenratings.com/wp-content/uploads/ronnie-harrison-jr.png"
alex-austin,"https://www.maddenratings.com/wp-content/uploads/alex-austin-23080-madden-photo.png"
greg-dulcich,"https://www.maddenratings.com/wp-content/uploads/greg-dulcich-22344-madden-photo.png"
jordan-phillips,"https://www.maddenratings.com/wp-content/uploads/jordan-phillips-15244-madden-photo.png"
trey-moore,"https://www.maddenratings.com/wp-content/uploads/trey-moore-1825.png"
max-llewellyn,"https://www.maddenratings.com/wp-content/uploads/max-llewellyn-16307.png"
jason-marshall-jr,"https://www.maddenratings.com/wp-content/uploads/jason-marshall-jr-15322-madden-photo.png"
kyle-louis,"https://www.maddenratings.com/wp-content/uploads/kyle-louis-16387.png"
michael-taaffe,"https://www.maddenratings.com/wp-content/uploads/michael-taaffe-16225.png"
jalen-reagor,"https://www.maddenratings.com/wp-content/uploads/jalen-reagor-20938-madden-photo.png"
terrace-marshall-jr,"https://www.maddenratings.com/wp-content/uploads/terrace-marshall-jr-21596-madden-photo.png"
donovan-edwards,"https://www.maddenratings.com/wp-content/uploads/donovan-edwards-15040-madden-photo.png"
jamaree-salyer,"https://www.maddenratings.com/wp-content/uploads/jamaree-salyer-22116-madden-photo.png"
marco-wilson,"https://www.maddenratings.com/wp-content/uploads/marco-wilson-21483-madden-photo.png"
jonah-savaiinaea,"https://www.maddenratings.com/wp-content/uploads/jonah-savaiinaea-15167-madden-photo.png"
kevin-coleman-jr,"https://www.maddenratings.com/wp-content/uploads/kevin-coleman-jr-16328.png"
dante-trader-jr,"https://www.maddenratings.com/wp-content/uploads/dante-trader-jr-15344-madden-photo.png"
tahj-washington,"https://www.maddenratings.com/wp-content/uploads/tahj-washington-15017-madden-photo.png"
a-j-green-iii,"https://www.maddenratings.com/wp-content/uploads/aj-green-iii-4038437-madden-photo.png"
matthew-butler,"https://www.maddenratings.com/wp-content/uploads/matthew-butler-22169-madden-photo.png"
will-kacmarek,"https://www.maddenratings.com/wp-content/uploads/will-kacmarek-16371.png"
zeek-biggers,"https://www.maddenratings.com/wp-content/uploads/zeek-biggers-15234-madden-photo.png"
ethan-bonner,"https://www.maddenratings.com/wp-content/uploads/ethan-bonner-4360746-madden-photo.png"
dj-campbell,"https://www.maddenratings.com/wp-content/uploads/dj-campbell-16222.png"
charlie-heck,"https://www.maddenratings.com/wp-content/uploads/charlie-heck-21111-madden-photo.png"
cameron-goode,"https://www.maddenratings.com/wp-content/uploads/cameron-goode-21898-madden-photo.png"
zayne-anderson,"https://www.maddenratings.com/wp-content/uploads/zayne-anderson-22017-madden-photo.png"
jackson-woodard,"https://www.maddenratings.com/wp-content/uploads/jackson-woodard-15251.png"
major-burns,"https://www.maddenratings.com/wp-content/uploads/major-burns-4429036-madden-photo.png"
cole-turner,"https://www.maddenratings.com/wp-content/uploads/cole-turner-22095-madden-photo.png"
carlos-washington-jr,"https://www.maddenratings.com/wp-content/uploads/carlos-washington-jr-4248425-madden-photo.png"
louis-moore,"https://www.maddenratings.com/wp-content/uploads/madden-nfl-player.png"
robert-beal-jr,"https://www.maddenratings.com/wp-content/uploads/robert-beal-jr-22981-madden-photo.png"
miles-battle,"https://www.maddenratings.com/wp-content/uploads/Miles-Battle-4773.png"
kevin-cline,"https://www.maddenratings.com/wp-content/uploads/madden-nfl-player.png"
ben-sims,"https://www.maddenratings.com/wp-content/uploads/ben-sims-22834-madden-photo.png"
andrew-meyer,"https://www.maddenratings.com/wp-content/uploads/andrew-meyer-4362064-madden-photo.png"
storm-duck,"https://www.maddenratings.com/wp-content/uploads/storm-duck-4427103-madden-photo.png"
cam-miller,"https://www.maddenratings.com/wp-content/uploads/cam-miller-4693331-madden-photo.png"
josh-priebe,"https://www.maddenratings.com/wp-content/uploads/josh-priebe-4432503-madden-photo.png"
quinn-ewers,"https://www.maddenratings.com/wp-content/uploads/quinn-ewers-14799-madden-photo.png"
justin-jefferson,"https://www.maddenratings.com/wp-content/uploads/justin-jefferson-20961-madden-photo.png"
christian-darrisaw,"https://www.maddenratings.com/wp-content/uploads/christian-darrisaw-21534-madden-photo.png"
seydou-traore,"https://www.maddenratings.com/wp-content/uploads/seydou-traore-16344.png"
brian-oneill,"https://www.maddenratings.com/wp-content/uploads/brian-oneill-13257-madden-photo.png"
jordan-addison,"https://www.maddenratings.com/wp-content/uploads/jordan-addison-22693-madden-photo.png"
mark-gronowski,"https://www.maddenratings.com/wp-content/uploads/madden-nfl-player.png"
andrew-van-ginkel,"https://www.maddenratings.com/wp-content/uploads/andrew-van-ginkel-20699-madden-photo.png"
jim-bonifas,"https://www.maddenratings.com/wp-content/uploads/madden-nfl-player.png"
byron-murphy-jr,"https://www.maddenratings.com/wp-content/uploads/byron-murphy-jr-20599-madden-photo.png"
will-reichard,"https://www.maddenratings.com/wp-content/uploads/will-reichard-15004-madden-photo.png"
tj-hockenson,"https://www.maddenratings.com/wp-content/uploads/tj-hockenson-20518-madden-photo.png"
blake-cashman,"https://www.maddenratings.com/wp-content/uploads/blake-cashman-20693-madden-photo.png"
josh-metellus,"https://www.maddenratings.com/wp-content/uploads/josh-metellus-21155-madden-photo.png"
isaiah-rodgers,"https://www.maddenratings.com/wp-content/uploads/isaiah-rodgers-sr-24432-madden-photo.png"
jauan-jennings,"https://www.maddenratings.com/wp-content/uploads/jauan-jennings-21073-madden-photo.png"
aaron-jones,"https://www.maddenratings.com/wp-content/uploads/aaron-jones-12748-madden-photo.png"
jordan-mason,"https://www.maddenratings.com/wp-content/uploads/jordan-mason-22332-madden-photo.png"
jalen-redmond,"https://www.maddenratings.com/wp-content/uploads/jalen-redmond-22951-madden-photo.png"
andrew-depaola,"https://www.maddenratings.com/wp-content/uploads/andrew-depaola-2279-madden-photo.png"
will-fries,"https://www.maddenratings.com/wp-content/uploads/will-fries-21831-madden-photo.png"
caleb-banks,"https://www.maddenratings.com/wp-content/uploads/caleb-banks-16292.png"
dallas-turner,"https://www.maddenratings.com/wp-content/uploads/dallas-turner-14894-madden-photo.png"
james-pierre,"https://www.maddenratings.com/wp-content/uploads/james-pierre-21021-madden-photo.png"
eric-wilson,"https://www.maddenratings.com/wp-content/uploads/eric-wilson-12885-madden-photo.png"
kyler-murray,"https://www.maddenratings.com/wp-content/uploads/kyler-murray-20430-madden-photo.png"
jake-golday,"https://www.maddenratings.com/wp-content/uploads/jake-golday-1891.png"
jakobe-thomas,"https://www.maddenratings.com/wp-content/uploads/jakobe-thomas-1850.png"
ivan-pace-jr,"https://www.maddenratings.com/wp-content/uploads/ivan-pace-jr-22977-madden-photo.png"
johnny-hekker,"https://www.maddenratings.com/wp-content/uploads/johnny-hekker-11695-madden-photo.png"
donovan-jackson,"https://www.maddenratings.com/wp-content/uploads/donovan-jackson-15123-madden-photo.png"
jj-mccarthy,"https://www.maddenratings.com/wp-content/uploads/jj-mccarthy-14610-madden-photo.png"
blake-brandel,"https://www.maddenratings.com/wp-content/uploads/blake-brandel-24423-madden-photo.png"
domonique-orange,"https://www.maddenratings.com/wp-content/uploads/domonique-orange-16311.png"
demond-claiborne,"https://www.maddenratings.com/wp-content/uploads/demond-claiborne-1830.png"
tai-felton,"https://www.maddenratings.com/wp-content/uploads/tai-felton-15075-madden-photo.png"
caleb-tiernan,"https://www.maddenratings.com/wp-content/uploads/caleb-tiernan-16363.png"
josh-oliver,"https://www.maddenratings.com/wp-content/uploads/josh-oliver-20358-madden-photo.png"
jay-ward,"https://www.maddenratings.com/wp-content/uploads/jay-ward-23047-madden-photo.png"
zavier-scott,"https://www.maddenratings.com/wp-content/uploads/zavier-scott-4257364-madden-photo.png"
bo-richter,"https://www.maddenratings.com/wp-content/uploads/bo-richter-4875564-madden-photo.png"
max-bredeson,"https://www.maddenratings.com/wp-content/uploads/max-bredeson-16178.png"
tavierre-thomas,"https://www.maddenratings.com/wp-content/uploads/tavierre-thomas-13498-madden-photo.png"
carson-wentz,"https://www.maddenratings.com/wp-content/uploads/carson-wentz.png"
luke-wysong,"https://www.maddenratings.com/wp-content/uploads/madden-nfl-player.png"
tyrion-ingram-dawkins,"https://www.maddenratings.com/wp-content/uploads/tyrion-ingram-dawkins-15243-madden-photo.png"
theo-jackson,"https://www.maddenratings.com/wp-content/uploads/theo-jackson-22488-madden-photo.png"
will-putnam,"https://www.maddenratings.com/wp-content/uploads/will-putnam-4426393-madden-photo.png"
dillon-bell,"https://www.maddenratings.com/wp-content/uploads/madden-nfl-player.png"
levi-drake-rodriguez,"https://www.maddenratings.com/wp-content/uploads/levi-drake-rodriguez-1153-madden-photo.png"
myles-price,"https://www.maddenratings.com/wp-content/uploads/myles-price-4430656-madden-photo.png"
eric-johnson,"https://www.maddenratings.com/wp-content/uploads/eric-johnson-ii-22497-madden-photo.png"
taki-taimani,"https://www.maddenratings.com/wp-content/uploads/taki-taimani-4361114-madden-photo.png"
isaiahh-loudermilk,"https://www.maddenratings.com/wp-content/uploads/isaiahh-loudermilk-21926-madden-photo.png"
dwight-mcglothern,"https://www.maddenratings.com/wp-content/uploads/dwight-mcglothern-14983-madden-photo.png"
gavin-bartholomew,"https://www.maddenratings.com/wp-content/uploads/gavin-bartholomew-15113-madden-photo.png"
ryan-van-demark,"https://www.maddenratings.com/wp-content/uploads/ryan-van-demark-4239140-madden-photo.png"
chaz-chambliss,"https://www.maddenratings.com/wp-content/uploads/chaz-chambliss-4431520-madden-photo.png"
jacob-thomas,"https://www.maddenratings.com/wp-content/uploads/madden-nfl-player.png"
smith-vilbert,"https://www.maddenratings.com/wp-content/uploads/madden-nfl-player.png"
tyler-batty,"https://www.maddenratings.com/wp-content/uploads/tyler-batty-15196-madden-photo.png"
kejon-owens,"https://www.maddenratings.com/wp-content/uploads/madden-nfl-player.png"
zemaiah-vaughn,"https://www.maddenratings.com/wp-content/uploads/zemaiah-vaughn-4695609-madden-photo.png"
walter-rouse,"https://www.maddenratings.com/wp-content/uploads/walter-rouse-15022-madden-photo.png"
gavin-gerhardt,"https://www.maddenratings.com/wp-content/uploads/gavin-gerhardt-10203.png"
elijah-williams,"https://www.maddenratings.com/wp-content/uploads/elijah-williams-4696782-madden-photo.png"
benjamin-yurosek,"https://www.maddenratings.com/wp-content/uploads/benjamin-yurosek-4433959-madden-photo.png"
delby-lemieux,"https://www.maddenratings.com/wp-content/uploads/madden-nfl-player.png"
joe-huber,"https://www.maddenratings.com/wp-content/uploads/joe-huber-15135-madden-photo.png"
michael-jurgens,"https://www.maddenratings.com/wp-content/uploads/michael-jurgens-22913-madden-photo.png"
bangally-kamara,"https://www.maddenratings.com/wp-content/uploads/madden-nfl-player.png"
marcus-allen,"https://www.maddenratings.com/wp-content/uploads/madden-nfl-player.png"
bryson-nesbit,"https://www.maddenratings.com/wp-content/uploads/bryson-nesbit-15115-madden-photo.png"
josh-ross,"https://www.maddenratings.com/wp-content/uploads/josh-ross-22461-madden-photo.png"
christian-gonzalez,"https://www.maddenratings.com/wp-content/uploads/christian-gonzalez-23026-madden-photo.png"
max-brosmer,"https://www.maddenratings.com/wp-content/uploads/max-brosmer-14792-madden-photo.png"
tomas-rimac,"https://www.maddenratings.com/wp-content/uploads/madden-nfl-player.png"
vershon-lee,"https://www.maddenratings.com/wp-content/uploads/madden-nfl-player.png"
drake-maye,"https://www.maddenratings.com/wp-content/uploads/drake-maye-14501-madden-photo.png"
aj-brown,"https://www.maddenratings.com/wp-content/uploads/aj-brown-20495-madden-photo.png"
hunter-henry,"https://www.maddenratings.com/wp-content/uploads/hunter-henry-17643-madden-photo.png"
michael-onwenu,"https://www.maddenratings.com/wp-content/uploads/mike-onwenu-21205-madden-photo.png"
milton-williams,"https://www.maddenratings.com/wp-content/uploads/milton-williams-21920-madden-photo.png"
kahlef-hailassie,"https://www.maddenratings.com/wp-content/uploads/kahlef-hailassie-23326-madden-photo.png"
carlton-davis-iii,"https://www.maddenratings.com/wp-content/uploads/carlton-davis-iii-13171-madden-photo.png"
kevin-byard,"https://www.maddenratings.com/wp-content/uploads/kevin-byard-iii-17752-madden-photo.png"
harold-landry-iii,"https://www.maddenratings.com/wp-content/uploads/harold-landry-iii-13172-madden-photo.png"
robert-spillane,"https://www.maddenratings.com/wp-content/uploads/robert-spillane-13875-madden-photo.png"
alijah-vera-tucker,"https://www.maddenratings.com/wp-content/uploads/alijah-vera-tucker-21552-madden-photo.png"
marcus-jones,"https://www.maddenratings.com/wp-content/uploads/marcus-jones-22224-madden-photo.png"
reggie-gilliam,"https://www.maddenratings.com/wp-content/uploads/reggie-gilliam-21398-madden-photo.png"
craig-woodson,"https://www.maddenratings.com/wp-content/uploads/craig-woodson-15346-madden-photo.png"
morgan-moses,"https://www.maddenratings.com/wp-content/uploads/morgan-moses-12361-madden-photo.png"
kayshon-boutte,"https://www.maddenratings.com/wp-content/uploads/kayshon-boutte-22901-madden-photo.png"
treveyon-henderson,"https://www.maddenratings.com/wp-content/uploads/treveyon-henderson-14810-madden-photo.png"
bryce-baringer,"https://www.maddenratings.com/wp-content/uploads/bryce-baringer-23112-madden-photo.png"
will-campbell,"https://www.maddenratings.com/wp-content/uploads/will-campbell-15160-madden-photo.png"
demario-douglas,"https://www.maddenratings.com/wp-content/uploads/demario-douglas-22797-madden-photo.png"
christian-barmore,"https://www.maddenratings.com/wp-content/uploads/christian-barmore-21765-madden-photo.png"
romeo-doubs,"https://www.maddenratings.com/wp-content/uploads/romeo-doubs-22076-madden-photo.png"
gabe-jacas,"https://www.maddenratings.com/wp-content/uploads/gabe-jacas-16297.png"
dremont-jones,"https://www.maddenratings.com/wp-content/uploads/dremont-jones-20553-madden-photo.png"
mack-hollins,"https://www.maddenratings.com/wp-content/uploads/mack-hollins-12665-madden-photo.png"
rhamondre-stevenson,"https://www.maddenratings.com/wp-content/uploads/rhamondre-stevenson-21632-madden-photo.png"
caleb-lomu,"https://www.maddenratings.com/wp-content/uploads/caleb-lomu-1822.png"
kyle-williams,"https://www.maddenratings.com/wp-content/uploads/kyle-williams-15061-madden-photo.png"
andres-borregales,"https://www.maddenratings.com/wp-content/uploads/andres-borregales-15364-madden-photo.png"
jack-westover,"https://www.maddenratings.com/wp-content/uploads/jack-westover-4728-madden-photo.png"
joshua-farmer,"https://www.maddenratings.com/wp-content/uploads/joshua-farmer-4611993-madden-photo.png"
kj-britt,"https://www.maddenratings.com/wp-content/uploads/kj-britt-21676-madden-photo.png"
christian-elliss,"https://www.maddenratings.com/wp-content/uploads/christian-elliss-22682-madden-photo.png"
caeden-wallace,"https://www.maddenratings.com/wp-content/uploads/caedan-wallace-1070-madden-photo.png"
bradyn-swinson,"https://www.maddenratings.com/wp-content/uploads/bradyn-swinson-15173-madden-photo.png"
kindle-vildor,"https://www.maddenratings.com/wp-content/uploads/kindle-vildor-21166-madden-photo.png"
jared-wilson,"https://www.maddenratings.com/wp-content/uploads/jared-wilson-15170-madden-photo.png"
jeremiah-pharms-jr,"https://www.maddenratings.com/wp-content/uploads/jeremiah-pharms-jr-23371-madden-photo.png"
elijah-ponder,"https://www.maddenratings.com/wp-content/uploads/elijah-ponder-4688432-madden-photo.png"
efton-chism-iii,"https://www.maddenratings.com/wp-content/uploads/efton-chism-iii-4695193-madden-photo.png"
chad-muma,"https://www.maddenratings.com/wp-content/uploads/chad-muma-22186-madden-photo.png"
dell-pettus,"https://www.maddenratings.com/wp-content/uploads/dell-pettus-4428232-madden-photo.png"
cory-durden,"https://www.maddenratings.com/wp-content/uploads/Cory-Durden.png"
dametrious-crownover,"https://www.maddenratings.com/wp-content/uploads/dametrious-crownover-16416.png"
jam-miller,"https://www.maddenratings.com/wp-content/uploads/jam-miller-16189.png"
jesse-luketa,"https://www.maddenratings.com/wp-content/uploads/jesse-luketa.png"
quintayvious-hutchins,"https://www.maddenratings.com/wp-content/uploads/quintayvious-hutchins-10166.png"
karon-prunty,"https://www.maddenratings.com/wp-content/uploads/karon-prunty-10194.png"
brenden-schooler,"https://www.maddenratings.com/wp-content/uploads/brenden-schooler-22640-madden-photo.png"
david-blay-jr,"https://www.maddenratings.com/wp-content/uploads/madden-nfl-player.png"
marcellas-dial,"https://www.maddenratings.com/wp-content/uploads/marcellas-dial-jr-14986-madden-photo.png"
ben-brown,"https://www.maddenratings.com/wp-content/uploads/ben-brown-22126-madden-photo.png"
namdi-obiazor,"https://www.maddenratings.com/wp-content/uploads/namdi-obiazor-16412.png"
otis-reese-iv,"https://www.maddenratings.com/wp-content/uploads/otis-reese-iv-23089-madden-photo.png"
charles-woods,"https://www.maddenratings.com/wp-content/uploads/charles-woods-4368113-madden-photo.png"
leonard-taylor-iii,"https://www.maddenratings.com/wp-content/uploads/leonard-taylor-iii-14869-madden-photo.png"
nick-degennaro,"https://www.maddenratings.com/wp-content/uploads/madden-nfl-player.png"
terrell-jennings,"https://www.maddenratings.com/wp-content/uploads/terrell-jennings-4427600-madden-photo.png"
julian-ashby,"https://www.maddenratings.com/wp-content/uploads/julian-ashby-4695254-madden-photo.png"
eli-raridon,"https://www.maddenratings.com/wp-content/uploads/eli-raridon-16369.png"
kobee-minor,"https://www.maddenratings.com/wp-content/uploads/kobee-minor-4566100-madden-photo.png"
marcus-bryant,"https://www.maddenratings.com/wp-content/uploads/marcus-bryant-4565293-madden-photo.png"
mike-brown,"https://www.maddenratings.com/wp-content/uploads/mike-brown-22537-madden-photo.png"
andrew-rupcich,"https://www.maddenratings.com/wp-content/uploads/andrew-rupcich-22466-madden-photo.png"
john-saunders-jr,"https://www.maddenratings.com/wp-content/uploads/john-saunders-jr-4608762-madden-photo.png"
eric-gregory,"https://www.maddenratings.com/wp-content/uploads/eric-gregory-15227-madden-photo.png"
james-hudson-iii,"https://www.maddenratings.com/wp-content/uploads/james-hudson-iii-21652-madden-photo.png"
jacob-rizy,"https://www.maddenratings.com/wp-content/uploads/madden-nfl-player.png"
tommy-devito,"https://www.maddenratings.com/wp-content/uploads/tommy-devito-23368-madden-photo.png"
julian-hill,"https://www.maddenratings.com/wp-content/uploads/julian-hill-23351-madden-photo.png"
amari-gainer,"https://www.maddenratings.com/wp-content/uploads/amari-gainer-4360469-madden-photo.png"
chris-olave,"https://www.maddenratings.com/wp-content/uploads/chris-olave-22072-madden-photo.png"
justin-reid,"https://www.maddenratings.com/wp-content/uploads/justin-reid-13167-madden-photo.png"
kaden-elliss,"https://www.maddenratings.com/wp-content/uploads/kaden-elliss-20749-madden-photo.png"
travis-etienne-jr,"https://www.maddenratings.com/wp-content/uploads/travis-etienne-jr-21721-madden-photo.png"
erik-mccoy,"https://www.maddenratings.com/wp-content/uploads/erik-mccoy-20437-madden-photo.png"
cj-dippre,"https://www.maddenratings.com/wp-content/uploads/cj-dippre-15111-madden-photo.png"
behren-morton,"https://www.maddenratings.com/wp-content/uploads/behren-morton-1805.png"
david-edwards,"https://www.maddenratings.com/wp-content/uploads/david-edwards-20532-madden-photo.png"
chase-young,"https://www.maddenratings.com/wp-content/uploads/chase-young-20985-madden-photo.png"
cameron-jordan,"https://www.maddenratings.com/wp-content/uploads/cameron-jordan-10697-madden-photo.png"
carl-granderson,"https://www.maddenratings.com/wp-content/uploads/carl-granderson-20417-madden-photo.png"
juwan-johnson,"https://www.maddenratings.com/wp-content/uploads/juwan-johnson-21058-madden-photo.png"
zach-wood,"https://www.maddenratings.com/wp-content/uploads/zach-wood-12979-madden-photo.png"
charlie-smyth,"https://www.maddenratings.com/wp-content/uploads/Charlie-Smyth-4772.png"
davon-godchaux,"https://www.maddenratings.com/wp-content/uploads/davon-godchaux-12719-madden-photo.png"
julian-blackmon,"https://www.maddenratings.com/wp-content/uploads/julian-blackmon-21269-madden-photo.png"
alvin-kamara,"https://www.maddenratings.com/wp-content/uploads/alvin-kamara-12551-madden-photo.png"
anfernee-jennings,"https://www.maddenratings.com/wp-content/uploads/anfernee-jennings-21139-madden-photo.png"
tyler-shough,"https://www.maddenratings.com/wp-content/uploads/tyler-shough-14788-madden-photo.png"
jonas-sanker,"https://www.maddenratings.com/wp-content/uploads/jonas-sanker-15337-madden-photo.png"
taliese-fuaga,"https://www.maddenratings.com/wp-content/uploads/taliese-fuaga-14696-madden-photo.png"
kool-aid-mckinstry,"https://www.maddenratings.com/wp-content/uploads/kool-aid-mckinstry-14925-madden-photo.png"
jordyn-tyson,"https://www.maddenratings.com/wp-content/uploads/jordyn-tyson-16231.png"
kelvin-banks-jr,"https://www.maddenratings.com/wp-content/uploads/kelvin-banks-jr-15161-madden-photo.png"
cesar-ruiz,"https://www.maddenratings.com/wp-content/uploads/cesar-ruiz-20972-madden-photo.png"
beanie-bishop-jr,"https://www.maddenratings.com/wp-content/uploads/beanie-bishop-jr-4363052-madden-photo.png"
kendre-miller,"https://www.maddenratings.com/wp-content/uploads/kendre-miller-22742-madden-photo.png"
christen-miller,"https://www.maddenratings.com/wp-content/uploads/christen-miller-16167.png"
martin-emerson,"https://www.maddenratings.com/wp-content/uploads/martin-emerson-jr-22258-madden-photo.png"
bryan-bresee,"https://www.maddenratings.com/wp-content/uploads/bryan-bresee-22915-madden-photo.png"
pete-werner,"https://www.maddenratings.com/wp-content/uploads/pete-werner-21910-madden-photo.png"
devaughn-vele,"https://www.maddenratings.com/wp-content/uploads/devaughn-vele-1160-madden-photo.png"
nathan-shepherd,"https://www.maddenratings.com/wp-content/uploads/nathan-shepherd-13188-madden-photo.png"
jalynn-polk,"https://www.maddenratings.com/wp-content/uploads/jalynn-polk-14655-madden-photo.png"
jordan-howden,"https://www.maddenratings.com/wp-content/uploads/jordan-howden-23127-madden-photo.png"
noah-fant,"https://www.maddenratings.com/wp-content/uploads/noah-fant.png"
devin-neal,"https://www.maddenratings.com/wp-content/uploads/devin-neal-14835-madden-photo.png"
ryan-wright,"https://www.maddenratings.com/wp-content/uploads/ryan-wright-22538-madden-photo.png"
quincy-riley,"https://www.maddenratings.com/wp-content/uploads/quincy-riley-15313-madden-photo.png"
isaac-yiadom,"https://www.maddenratings.com/wp-content/uploads/isaac-yiadom-13245-madden-photo.png"
terrell-burgess,"https://www.maddenratings.com/wp-content/uploads/terrell-burgess-21150-madden-photo.png"
jeremiah-wright,"https://www.maddenratings.com/wp-content/uploads/jeremiah-wright-1869.png"
dillon-radunz,"https://www.maddenratings.com/wp-content/uploads/dillon-radunz-21657-madden-photo.png"
tyree-wilson,"https://www.maddenratings.com/wp-content/uploads/tyree-wilson-22973-madden-photo.png"
ty-chandler,"https://www.maddenratings.com/wp-content/uploads/ty-chandler-22062-madden-photo.png"
audric-estime,"https://www.maddenratings.com/wp-content/uploads/audric-estime-14625-madden-photo.png"
bub-means,"https://www.maddenratings.com/wp-content/uploads/bub-means-1095-madden-photo.png"
danny-stutsman,"https://www.maddenratings.com/wp-content/uploads/danny-stutsman-15248-madden-photo.png"
trey-palmer,"https://www.maddenratings.com/wp-content/uploads/trey-palmer-22776-madden-photo.png"
bryce-lance,"https://www.maddenratings.com/wp-content/uploads/bryce-lance-5003.png"
spencer-rattler,"https://www.maddenratings.com/wp-content/uploads/spencer-rattler-14611-madden-photo.png"
mason-tipton,"https://www.maddenratings.com/wp-content/uploads/mason-tipton-4573697-madden-photo.png"
chris-rumph-ii,"https://www.maddenratings.com/wp-content/uploads/chris-rumph-ii-21923-madden-photo.png"
khristian-boyd,"https://www.maddenratings.com/wp-content/uploads/khristian-boyd-1108-madden-photo.png"
jalen-moreno-cropper,"https://www.maddenratings.com/wp-content/uploads/jalen-cropper-22783-madden-photo.png"
vernon-broughton,"https://www.maddenratings.com/wp-content/uploads/vernon-broughton-15217-madden-photo.png"
barion-brown,"https://www.maddenratings.com/wp-content/uploads/barion-brown-16318.png"
oscar-delp,"https://www.maddenratings.com/wp-content/uploads/oscar-delp-16164.png"
ronnie-bell,"https://www.maddenratings.com/wp-content/uploads/ronnie-bell-22807-madden-photo.png"
lorenzo-styles-jr,"https://www.maddenratings.com/wp-content/uploads/lorenzo-styles-jr-16187.png"
john-ridgeway,"https://www.maddenratings.com/wp-content/uploads/john-ridgeway-iii-22175-madden-photo.png"
fadil-diggs,"https://www.maddenratings.com/wp-content/uploads/fadil-diggs-15193-madden-photo.png"
jaylan-ford,"https://www.maddenratings.com/wp-content/uploads/jaylan-ford-14912-madden-photo.png"
rejzohn-wright,"https://www.maddenratings.com/wp-content/uploads/rejzohn-wright-4696043-madden-photo.png"
asim-richards,"https://www.maddenratings.com/wp-content/uploads/asim-richards-23141-madden-photo.png"
zach-wilson,"https://www.maddenratings.com/wp-content/uploads/zach-wilson-21559-madden-photo.png"
myles-cole,"https://www.maddenratings.com/wp-content/uploads/myles-cole-14891-madden-photo.png"
nick-saldiveri,"https://www.maddenratings.com/wp-content/uploads/nick-saldiveri-22907-madden-photo.png"
alan-herron,"https://www.maddenratings.com/wp-content/uploads/madden-nfl-player.png"
kevin-austin-jr,"https://www.maddenratings.com/wp-content/uploads/kevin-austin-jr-22354-madden-photo.png"
isaiah-stalbird,"https://www.maddenratings.com/wp-content/uploads/isaiah-stalbird-4361194-madden-photo.png"
moliki-matavao,"https://www.maddenratings.com/wp-content/uploads/moliki-matavao-15110-madden-photo.png"
tj-hall,"https://www.maddenratings.com/wp-content/uploads/tj-hall-16306.png"
barry-wesley,"https://www.maddenratings.com/wp-content/uploads/barry-wesley-4256055-madden-photo.png"
xavier-truss,"https://www.maddenratings.com/wp-content/uploads/xavier-truss-15148-madden-photo.png"
andrew-thomas,"https://www.maddenratings.com/wp-content/uploads/andrew-thomas-20964-madden-photo.png"
torricelli-simpkins-iii,"https://www.maddenratings.com/wp-content/uploads/torricelli-simpkins-iii-4696902-madden-photo.png"
dj-reader,"https://www.maddenratings.com/wp-content/uploads/dj-reader-17746-madden-photo.png"
brian-burns,"https://www.maddenratings.com/wp-content/uploads/brian-burns-20566-madden-photo.png"
malik-nabers,"https://www.maddenratings.com/wp-content/uploads/malik-nabers-14644-madden-photo.png"
jevon-holland,"https://www.maddenratings.com/wp-content/uploads/jevon-holland-21470-madden-photo.png"
tremaine-edmunds,"https://www.maddenratings.com/wp-content/uploads/tremaine-edmunds-13119-madden-photo.png"
zaire-mitchell-paden,"https://www.maddenratings.com/wp-content/uploads/zaire-mitchell-paden-4876006-madden-photo.png"
william-sherman,"https://www.maddenratings.com/wp-content/uploads/will-sherman-21930-madden-photo.png"
abdul-carter,"https://www.maddenratings.com/wp-content/uploads/abdul-carter-15198-madden-photo.png"
cam-skattebo,"https://www.maddenratings.com/wp-content/uploads/cam-skattebo-14807-madden-photo.png"
patrick-ricard,"https://www.maddenratings.com/wp-content/uploads/patrick-ricard-12959-madden-photo.png"
greg-newsome-ii,"https://www.maddenratings.com/wp-content/uploads/greg-newsome-ii-21457-madden-photo.png"
arvell-reese,"https://www.maddenratings.com/wp-content/uploads/arvell-reese-16183.png"
jermaine-eluemunor,"https://www.maddenratings.com/wp-content/uploads/jermaine-eluemunor-12600-madden-photo.png"
paulson-adebo,"https://www.maddenratings.com/wp-content/uploads/paulson-adebo-21445-madden-photo.png"
tyrone-tracy-jr,"https://www.maddenratings.com/wp-content/uploads/tyrone-tracy-jr-15010-madden-photo.png"
darius-slayton,"https://www.maddenratings.com/wp-content/uploads/darius-slayton-20655-madden-photo.png"
jaxson-dart,"https://www.maddenratings.com/wp-content/uploads/jaxson-dart-14796-madden-photo.png"
andru-phillips,"https://www.maddenratings.com/wp-content/uploads/dru-phillips-14968-madden-photo.png"
francis-mauigoa,"https://www.maddenratings.com/wp-content/uploads/francis-mauigoa-16337.png"
theo-johnson,"https://www.maddenratings.com/wp-content/uploads/theo-johnson-14684-madden-photo.png"
kayvon-thibodeaux,"https://www.maddenratings.com/wp-content/uploads/kayvon-thibodeaux-22139-madden-photo.png"
darnell-mooney,"https://www.maddenratings.com/wp-content/uploads/darnell-mooney-21324-madden-photo.png"
ardarius-washington,"https://www.maddenratings.com/wp-content/uploads/ardarius-washington-21493-madden-photo.png"
calvin-austin,"https://www.maddenratings.com/wp-content/uploads/calvin-austin-22086-madden-photo.png"
colton-hood,"https://www.maddenratings.com/wp-content/uploads/colton-hood-16243.png"
shelby-harris,"https://www.maddenratings.com/wp-content/uploads/shelby-harris-2099-madden-photo.png"
isaiah-likely,"https://www.maddenratings.com/wp-content/uploads/isaiah-likely-22092-madden-photo.png"
deonte-banks,"https://www.maddenratings.com/wp-content/uploads/deonte-banks-23052-madden-photo.png"
juju-smith-schuster,"https://www.maddenratings.com/wp-content/uploads/juju-smith-schuster-12571-madden-photo.png"
jordan-stout,"https://www.maddenratings.com/wp-content/uploads/jordan-stout-22253-madden-photo.png"
micah-mcfadden,"https://www.maddenratings.com/wp-content/uploads/micah-mcfadden-22191-madden-photo.png"
daniel-faalele,"https://www.maddenratings.com/wp-content/uploads/daniel-faalele-22104-madden-photo.png"
jon-runyan,"https://www.maddenratings.com/wp-content/uploads/jon-runyan-21179-madden-photo.png"
devin-singletary,"https://www.maddenratings.com/wp-content/uploads/devin-singletary-20491-madden-photo.png"
chauncey-golston,"https://www.maddenratings.com/wp-content/uploads/chauncey-golston-21874-madden-photo.png"
evan-neal,"https://www.maddenratings.com/wp-content/uploads/evan-neal-22441-madden-photo.png"
jason-pinnock,"https://www.maddenratings.com/wp-content/uploads/jason-pinnock-21701-madden-photo.png"
tyler-nubin,"https://www.maddenratings.com/wp-content/uploads/tyler-nubin-14931-madden-photo.png"
john-michael-schmitz,"https://www.maddenratings.com/wp-content/uploads/john-michael-schmitz-jr-22853-madden-photo.png"
malachi-fields,"https://www.maddenratings.com/wp-content/uploads/malachi-fields-1826.png"
darius-alexander,"https://www.maddenratings.com/wp-content/uploads/darius-alexander-15214-madden-photo.png"
braxton-berrios,"https://www.maddenratings.com/wp-content/uploads/braxton-berrios-13377-madden-photo.png"
isaiah-hodgins,"https://www.maddenratings.com/wp-content/uploads/isaiah-hodgins-20937-madden-photo.png"
lucas-patrick,"https://www.maddenratings.com/wp-content/uploads/lucas-patrick-12973-madden-photo.png"
ben-sauls,"https://www.maddenratings.com/wp-content/uploads/ben-sauls-15365-madden-photo.png"
xavier-gipson,"https://www.maddenratings.com/wp-content/uploads/xavier-gipson-4427278-madden-photo.png"
darius-muasau,"https://www.maddenratings.com/wp-content/uploads/darius-muasau-14918-madden-photo.png"
chris-manhertz,"https://www.maddenratings.com/wp-content/uploads/chris-manhertz-12426-madden-photo.png"
roy-robertson-harris,"https://www.maddenratings.com/wp-content/uploads/roy-robertson-harris-17897-madden-photo.png"
leki-fotu,"https://www.maddenratings.com/wp-content/uploads/leki-fotu-21121-madden-photo.png"
korie-black,"https://www.maddenratings.com/wp-content/uploads/korie-black-4429281-madden-photo.png"
aaron-stinnie,"https://www.maddenratings.com/wp-content/uploads/aaron-stinnie-13804-madden-photo.png"
sam-roberts,"https://www.maddenratings.com/wp-content/uploads/sam-roberts-22498-madden-photo.png"
jameis-winston,"https://www.maddenratings.com/wp-content/uploads/jameis-winston-19982-madden-photo.png"
jalin-hyatt,"https://www.maddenratings.com/wp-content/uploads/jalin-hyatt-22696-madden-photo.png"
beaux-collins,"https://www.maddenratings.com/wp-content/uploads/beaux-collins-15090-madden-photo.png"
jc-davis,"https://www.maddenratings.com/wp-content/uploads/jc-davis-1882.png"
khalid-kareem,"https://www.maddenratings.com/wp-content/uploads/khalid-kareem-21283-madden-photo.png"
marcus-mbow,"https://www.maddenratings.com/wp-content/uploads/marcus-mbow-15165-madden-photo.png"
rico-payton,"https://www.maddenratings.com/wp-content/uploads/rico-payton-4368350-madden-photo.png"
zacch-pickens,"https://www.maddenratings.com/wp-content/uploads/zacch-pickens-22925-madden-photo.png"
dalen-cambre,"https://www.maddenratings.com/wp-content/uploads/dalen-cambre-4780.png"
bobby-jamison-travis,"https://www.maddenratings.com/wp-content/uploads/bobby-jamison-travis-16239.png"
eric-gray,"https://www.maddenratings.com/wp-content/uploads/eric-gray-22736-madden-photo.png"
gunner-olszewski,"https://www.maddenratings.com/wp-content/uploads/gunner-olszewski.png"
zaire-barnes,"https://www.maddenratings.com/wp-content/uploads/zaire-barnes-23265-madden-photo.png"
art-green,"https://www.maddenratings.com/wp-content/uploads/art-green-4689674-madden-photo.png"
ben-mann,"https://www.maddenratings.com/wp-content/uploads/madden-nfl-player.png"
jarrick-bernard-converse,"https://www.maddenratings.com/wp-content/uploads/jarrick-bernard-converse-23090-madden-photo.png"
jake-kubas,"https://www.maddenratings.com/wp-content/uploads/jake-kubas-4383405-madden-photo.png"
thomas-fidone-ii,"https://www.maddenratings.com/wp-content/uploads/thomas-fidone-ii-15121-madden-photo.png"
ryan-miller,"https://www.maddenratings.com/wp-content/uploads/ryan-miller-4369466-madden-photo.png"
caleb-murphy,"https://www.maddenratings.com/wp-content/uploads/caleb-murphy-4911489-madden-photo.png"
cam-jones,"https://www.maddenratings.com/wp-content/uploads/cam-jones-23020-madden-photo.png"
joshua-ezeudu,"https://www.maddenratings.com/wp-content/uploads/joshua-ezeudu-22440-madden-photo.png"
c-j-ravenell,"https://www.maddenratings.com/wp-content/uploads/cj-ravenell-4700676-madden-photo.png"
nic-jones,"https://www.maddenratings.com/wp-content/uploads/nic-jones-4427636-madden-photo.png"
elijah-campbell,"https://www.maddenratings.com/wp-content/uploads/elijah-campbell-13522-madden-photo.png"
jack-kelly,"https://www.maddenratings.com/wp-content/uploads/jack-kelly-16257.png"
tanner-conner,"https://www.maddenratings.com/wp-content/uploads/tanner-conner-22449-madden-photo.png"
demario-davis,"https://www.maddenratings.com/wp-content/uploads/demario-davis-11555-madden-photo.png"
brandon-allen,"https://www.maddenratings.com/wp-content/uploads/brandon-allen-17606-madden-photo.png"
minkah-fitzpatrick,"https://www.maddenratings.com/wp-content/uploads/minkah-fitzpatrick-13084-madden-photo.png"
beau-brade,"https://www.maddenratings.com/wp-content/uploads/beau-brade-14952-madden-photo.png"
garrett-wilson,"https://www.maddenratings.com/wp-content/uploads/garrett-wilson-22376-madden-photo.png"
david-bailey,"https://www.maddenratings.com/wp-content/uploads/david-bailey-1887.png"
breece-hall,"https://www.maddenratings.com/wp-content/uploads/breece-hall-22326-madden-photo.png"
joe-tippmann,"https://www.maddenratings.com/wp-content/uploads/joe-tippmann-22876-madden-photo.png"
armand-membou,"https://www.maddenratings.com/wp-content/uploads/armand-membou-15159-madden-photo.png"
raheem-layne,"https://www.maddenratings.com/wp-content/uploads/raheem-layne-22594-madden-photo.png"
tvondre-sweat,"https://www.maddenratings.com/wp-content/uploads/tvondre-sweat-14760-madden-photo.png"
david-onyemata,"https://www.maddenratings.com/wp-content/uploads/david-onyemata-17829-madden-photo.png"
andre-cisco,"https://www.maddenratings.com/wp-content/uploads/andre-cisco-21466-madden-photo.png"
will-mcdonald-iv,"https://www.maddenratings.com/wp-content/uploads/will-mcdonald-iv-22919-madden-photo.png"
harrison-phillips,"https://www.maddenratings.com/wp-content/uploads/harrison-phillips-13115-madden-photo.png"
brandon-stephens,"https://www.maddenratings.com/wp-content/uploads/brandon-stephens-21790-madden-photo.png"
dangelo-ponds,"https://www.maddenratings.com/wp-content/uploads/dangelo-ponds-1864.png"
jason-sanders,"https://www.maddenratings.com/wp-content/uploads/jason-sanders-13478-madden-photo.png"
dane-belton,"https://www.maddenratings.com/wp-content/uploads/dane-belton-22396-madden-photo.png"
tim-patrick,"https://www.maddenratings.com/wp-content/uploads/tim-patrick-12903-madden-photo.png"
adonai-mitchell,"https://www.maddenratings.com/wp-content/uploads/adonai-mitchell-14649-madden-photo.png"
jamien-sherwood,"https://www.maddenratings.com/wp-content/uploads/jamien-sherwood-21924-madden-photo.png"
jarvis-brownlee-jr,"https://www.maddenratings.com/wp-content/uploads/jarvis-brownlee-jr-14984-madden-photo.png"
olumuyiwa-fashanu,"https://www.maddenratings.com/wp-content/uploads/olu-fashanu-14695-madden-photo.png"
omar-cooper-jr,"https://www.maddenratings.com/wp-content/uploads/omar-cooper-jr-16299.png"
nahshon-wright,"https://www.maddenratings.com/wp-content/uploads/nahshon-wright-21708-madden-photo.png"
dylan-parham,"https://www.maddenratings.com/wp-content/uploads/dylan-parham-22128-madden-photo.png"
joseph-ossai,"https://www.maddenratings.com/wp-content/uploads/joseph-ossai-21510-madden-photo.png"
jowon-briggs,"https://www.maddenratings.com/wp-content/uploads/jowon-briggs-1165-madden-photo.png"
austin-mcnamara,"https://www.maddenratings.com/wp-content/uploads/austin-mcnamara-4427982-madden-photo.png"
kenyon-sadiq,"https://www.maddenratings.com/wp-content/uploads/kenyon-sadiq-16385.png"
darrell-jackson-jr,"https://www.maddenratings.com/wp-content/uploads/darrell-jackson-jr-16228.png"
braelon-allen,"https://www.maddenratings.com/wp-content/uploads/braelon-allen-14631-madden-photo.png"
thomas-hennessy,"https://www.maddenratings.com/wp-content/uploads/thomas-hennessy-12908-madden-photo.png"
azareyeh-thomas,"https://www.maddenratings.com/wp-content/uploads/azareyeh-thomas-15329-madden-photo.png"
geno-smith,"https://www.maddenratings.com/wp-content/uploads/geno-smith-112-madden-photo.png"
josh-myers,"https://www.maddenratings.com/wp-content/uploads/josh-myers-21654-madden-photo.png"
mason-taylor,"https://www.maddenratings.com/wp-content/uploads/mason-taylor-15118-madden-photo.png"
samuel-womack,"https://www.maddenratings.com/wp-content/uploads/samuel-womack-4280416-madden-photo.png"
malachi-moore,"https://www.maddenratings.com/wp-content/uploads/malachi-moore-15345-madden-photo.png"
cade-york,"https://www.maddenratings.com/wp-content/uploads/cade-york.png"
mykal-walker,"https://www.maddenratings.com/wp-content/uploads/mykal-walker-21253-madden-photo.png"
mazi-smith,"https://www.maddenratings.com/wp-content/uploads/mazi-smith-22931-madden-photo.png"
caullin-lacy,"https://www.maddenratings.com/wp-content/uploads/caullin-lacy-16398.png"
kingsley-enagbare,"https://www.maddenratings.com/wp-content/uploads/kingsley-enagbare-21870-madden-photo.png"
tre-brown,"https://www.maddenratings.com/wp-content/uploads/tre-brown-21658-madden-photo.png"
isaiah-davis,"https://www.maddenratings.com/wp-content/uploads/isaiah-davis-22754-madden-photo.png"
andrew-beck,"https://www.maddenratings.com/wp-content/uploads/andrew-beck-20526-madden-photo.png"
arian-smith,"https://www.maddenratings.com/wp-content/uploads/arian-smith-15087-madden-photo.png"
anez-cooper,"https://www.maddenratings.com/wp-content/uploads/anez-cooper-16339.png"
jeremy-ruckert,"https://www.maddenratings.com/wp-content/uploads/jeremy-ruckert-22090-madden-photo.png"
tyler-baron,"https://www.maddenratings.com/wp-content/uploads/tyler-baron-15185-madden-photo.png"
cade-klubnik,"https://www.maddenratings.com/wp-content/uploads/cade-klubnik-16265.png"
qwantez-stiggers,"https://www.maddenratings.com/wp-content/uploads/qwantez-stiggers-5208977-madden-photo.png"
jelani-woods,"https://www.maddenratings.com/wp-content/uploads/jelani-woods-22351-madden-photo.png"
chukwuma-okorafor,"https://www.maddenratings.com/wp-content/uploads/chukwuma-okorafor-13099-madden-photo.png"
braiden-mcgregor,"https://www.maddenratings.com/wp-content/uploads/braiden-mcgregor-14884-madden-photo.png"
kobe-king,"https://www.maddenratings.com/wp-content/uploads/kobe-king-15272-madden-photo.png"
kene-nwangwu,"https://www.maddenratings.com/wp-content/uploads/kene-nwangwu-21729-madden-photo.png"
eric-watts,"https://www.maddenratings.com/wp-content/uploads/eric-watts-14882-madden-photo.png"
max-mitchell,"https://www.maddenratings.com/wp-content/uploads/max-mitchell-22106-madden-photo.png"
vj-payne,"https://www.maddenratings.com/wp-content/uploads/vj-payne-16314.png"
isaiah-williams,"https://www.maddenratings.com/wp-content/uploads/isaiah-williams-14669-madden-photo.png"
bailey-zappe,"https://www.maddenratings.com/wp-content/uploads/bailey-zappe-22049-madden-photo.png"
francisco-mauigoa,"https://www.maddenratings.com/wp-content/uploads/francisco-mauigoa-15263-madden-photo.png"
jack-heflin,"https://www.maddenratings.com/wp-content/uploads/jack-heflin-21875-madden-photo.png"
marcelino-mccrary-ball,"https://www.maddenratings.com/wp-content/uploads/marcelino-mccrary-ball-4045299-madden-photo.png"
kingsley-jonathan,"https://www.maddenratings.com/wp-content/uploads/kingsley-jonathan-22645-madden-photo.png"
jordan-clark,"https://www.maddenratings.com/wp-content/uploads/jordan-clark-4684.png"
mory-bamba,"https://www.maddenratings.com/wp-content/uploads/mory-bamba-10028.png"
dean-clark,"https://www.maddenratings.com/wp-content/uploads/dean-clark-4426921-madden-photo.png"
marquis-hayes,"https://www.maddenratings.com/wp-content/uploads/marquis-hayes-22134-madden-photo.png"
keidron-smith,"https://www.maddenratings.com/wp-content/uploads/keidron-smith-23299-madden-photo.png"
jarius-monroe,"https://www.maddenratings.com/wp-content/uploads/jarius-monroe-4781.png"
courtland-ford,"https://www.maddenratings.com/wp-content/uploads/courtland-ford-10216.png"
landon-young,"https://www.maddenratings.com/wp-content/uploads/landon-young-21851-madden-photo.png"
lane-johnson,"https://www.maddenratings.com/wp-content/uploads/lane-johnson-927-madden-photo.png"
xavier-newman,"https://www.maddenratings.com/wp-content/uploads/xavier-newman-4259186-madden-photo.png"
brady-cook,"https://www.maddenratings.com/wp-content/uploads/brady-cook-14784-madden-photo.png"
devonta-smith,"https://www.maddenratings.com/wp-content/uploads/devonta-smith-21761-madden-photo.png"
zack-baun,"https://www.maddenratings.com/wp-content/uploads/zack-baun-21142-madden-photo.png"
saquon-barkley,"https://www.maddenratings.com/wp-content/uploads/saquon-barkley-13085-madden-photo.png"
dallas-goedert,"https://www.maddenratings.com/wp-content/uploads/dallas-goedert-13128-madden-photo.png"
jordan-mailata,"https://www.maddenratings.com/wp-content/uploads/jordan-mailata-13479-madden-photo.png"
cooper-dejean,"https://www.maddenratings.com/wp-content/uploads/cooper-dejean-14923-madden-photo.png"
quinyon-mitchell,"https://www.maddenratings.com/wp-content/uploads/quinyon-mitchell-14932-madden-photo.png"
jalen-carter,"https://www.maddenratings.com/wp-content/uploads/jalen-carter-22703-madden-photo.png"
jonathan-greenard,"https://www.maddenratings.com/wp-content/uploads/jonathan-greenard-21131-madden-photo.png"
landon-dickerson,"https://www.maddenratings.com/wp-content/uploads/landon-dickerson-21642-madden-photo.png"
jordan-davis,"https://www.maddenratings.com/wp-content/uploads/jordan-davis-22164-madden-photo.png"
nolan-smith-jr,"https://www.maddenratings.com/wp-content/uploads/nolan-smith-jr-22700-madden-photo.png"
tariq-woolen,"https://www.maddenratings.com/wp-content/uploads/tariq-woolen-22247-madden-photo.png"
jalen-hurts,"https://www.maddenratings.com/wp-content/uploads/jalen-hurts-21033-madden-photo.png"
braden-mann,"https://www.maddenratings.com/wp-content/uploads/braden-mann-21171-madden-photo.png"
jihaad-campbell,"https://www.maddenratings.com/wp-content/uploads/jihaad-campbell-15268-madden-photo.png"
marquise-brown,"https://www.maddenratings.com/wp-content/uploads/marquise-brown-20497-madden-photo.png"
arnold-ebiketie,"https://www.maddenratings.com/wp-content/uploads/arnold-ebiketie-22147-madden-photo.png"
dontayvion-wicks,"https://www.maddenratings.com/wp-content/uploads/dontayvion-wicks-22772-madden-photo.png"
cam-jurgens,"https://www.maddenratings.com/wp-content/uploads/cam-jurgens-22273-madden-photo.png"
makai-lemon,"https://www.maddenratings.com/wp-content/uploads/makai-lemon-1883.png"
jake-elliott,"https://www.maddenratings.com/wp-content/uploads/jake-elliott-12809-madden-photo.png"
moro-ojomo,"https://www.maddenratings.com/wp-content/uploads/moro-ojomo-22936-madden-photo.png"
tank-bigsby,"https://www.maddenratings.com/wp-content/uploads/tank-bigsby-22733-madden-photo.png"
andrew-mukuba,"https://www.maddenratings.com/wp-content/uploads/andrew-mukuba-15335-madden-photo.png"
aj-epenesa,"https://www.maddenratings.com/wp-content/uploads/aj-epenesa-20984-madden-photo.png"
dameon-pierce,"https://www.maddenratings.com/wp-content/uploads/dameon-pierce-22067-madden-photo.png"
marcus-epps,"https://www.maddenratings.com/wp-content/uploads/marcus-epps-20737-madden-photo.png"
elijah-moore,"https://www.maddenratings.com/wp-content/uploads/elijah-moore-21599-madden-photo.png"
michael-carter-ii,"https://www.maddenratings.com/wp-content/uploads/michael-carter-ii-21697-madden-photo.png"
tyler-steen,"https://www.maddenratings.com/wp-content/uploads/tyler-steen-22882-madden-photo.png"
kelee-ringo,"https://www.maddenratings.com/wp-content/uploads/kelee-ringo-22707-madden-photo.png"
will-shipley,"https://www.maddenratings.com/wp-content/uploads/will-shipley-14630-madden-photo.png"
markel-bell,"https://www.maddenratings.com/wp-content/uploads/markel-bell-16333.png"
eli-stowers,"https://www.maddenratings.com/wp-content/uploads/madden-nfl-player.png"
jalyx-hunt,"https://www.maddenratings.com/wp-content/uploads/jalyx-hunt-1076-madden-photo.png"
elijah-mitchell,"https://www.maddenratings.com/wp-content/uploads/elijah-mitchell-21629-madden-photo.png"
ambry-thomas,"https://www.maddenratings.com/wp-content/uploads/ambry-thomas-21460-madden-photo.png"
mac-mcwilliams,"https://www.maddenratings.com/wp-content/uploads/mac-mcwilliams-15318-madden-photo.png"
andy-dalton,"https://www.maddenratings.com/wp-content/uploads/andy-dalton-10439-madden-photo.png"
ty-robinson,"https://www.maddenratings.com/wp-content/uploads/ty-robinson-15209-madden-photo.png"
jakorian-bennett,"https://www.maddenratings.com/wp-content/uploads/jakorian-bennett-23083-madden-photo.png"
byron-young-dt,"https://www.maddenratings.com/wp-content/uploads/byron-young-22927-madden-photo.png"
grant-calcaterra,"https://www.maddenratings.com/wp-content/uploads/grant-calcaterra-22101-madden-photo.png"
quez-watkins,"https://www.maddenratings.com/wp-content/uploads/quez-watkins-20945-madden-photo.png"
mike-jordan,"https://www.maddenratings.com/wp-content/uploads/michael-jordan-20541-madden-photo.png"
jonathan-jones,"https://www.maddenratings.com/wp-content/uploads/jonathan-jones-17711-madden-photo.png"
carson-steele,"https://www.maddenratings.com/wp-content/uploads/carson-steele-4714365-madden-photo.png"
johnny-wilson,"https://www.maddenratings.com/wp-content/uploads/johnny-wilson-14658-madden-photo.png"
micah-morris,"https://www.maddenratings.com/wp-content/uploads/micah-morris-16166.png"
johnny-mundt,"https://www.maddenratings.com/wp-content/uploads/johnny-mundt-13038-madden-photo.png"
smael-mondon-jr,"https://www.maddenratings.com/wp-content/uploads/smael-mondon-jr-15247-madden-photo.png"
taquon-graham,"https://www.maddenratings.com/wp-content/uploads/taquon-graham-21520-madden-photo.png"
darius-cooper,"https://www.maddenratings.com/wp-content/uploads/darius-cooper-4715355-madden-photo.png"
drew-kendall,"https://www.maddenratings.com/wp-content/uploads/drew-kendall-15169-madden-photo.png"
keyshawn-james-newby,"https://www.maddenratings.com/wp-content/uploads/keyshawn-james-newby-10185.png"
cameron-williams,"https://www.maddenratings.com/wp-content/uploads/cameron-williams-15166-madden-photo.png"
tanner-mckee,"https://www.maddenratings.com/wp-content/uploads/tanner-mckee-22712-madden-photo.png"
cole-payton,"https://www.maddenratings.com/wp-content/uploads/cole-payton-5000.png"
jeremiah-trotter-jr,"https://www.maddenratings.com/wp-content/uploads/jeremiah-trotter-jr-14903-madden-photo.png"
britain-covey,"https://www.maddenratings.com/wp-content/uploads/britain-covey-22507-madden-photo.png"
rocco-underwood,"https://www.maddenratings.com/wp-content/uploads/madden-nfl-player.png"
stone-smartt,"https://www.maddenratings.com/wp-content/uploads/stone-smartt-22557-madden-photo.png"
cole-wisniewski,"https://www.maddenratings.com/wp-content/uploads/cole-wisniewski-10184.png"
cameron-latu,"https://www.maddenratings.com/wp-content/uploads/cameron-latu-22827-madden-photo.png"
myles-hinton,"https://www.maddenratings.com/wp-content/uploads/myles-hinton-15146-madden-photo.png"
chance-campbell,"https://www.maddenratings.com/wp-content/uploads/chance-campbell.png"
gabe-hall,"https://www.maddenratings.com/wp-content/uploads/gabe-hall-14885-madden-photo.png"
fred-johnson,"https://www.maddenratings.com/wp-content/uploads/fred-johnson-20664-madden-photo.png"
hollin-pierce,"https://www.maddenratings.com/wp-content/uploads/hollin-pierce-15136-madden-photo.png"
cameron-heyward,"https://www.maddenratings.com/wp-content/uploads/cameron-heyward-10698-madden-photo.png"
willie-lampkin,"https://www.maddenratings.com/wp-content/uploads/willie-lampkin-4582836-madden-photo.png"
jt-gray,"https://www.maddenratings.com/wp-content/uploads/jt-gray-13846-madden-photo.png"
jake-majors,"https://www.maddenratings.com/wp-content/uploads/jake-majors-15137-madden-photo.png"
tj-watt,"https://www.maddenratings.com/wp-content/uploads/tj-watt-12562-madden-photo.png"
jalen-ramsey,"https://www.maddenratings.com/wp-content/uploads/jalen-ramsey-17538-madden-photo.png"
alex-highsmith,"https://www.maddenratings.com/wp-content/uploads/alex-highsmith-21234-madden-photo.png"
chris-boswell,"https://www.maddenratings.com/wp-content/uploads/chris-boswell-2262-madden-photo.png"
uar-bernard,"https://www.maddenratings.com/wp-content/uploads/madden-nfl-player.png"
joey-porter-jr,"https://www.maddenratings.com/wp-content/uploads/joey-porter-22706-madden-photo.png"
john-ojukwu,"https://www.maddenratings.com/wp-content/uploads/john-ojukwu-23137-madden-photo.png"
jamel-dean,"https://www.maddenratings.com/wp-content/uploads/jamel-dean-20703-madden-photo.png"
dk-metcalf,"https://www.maddenratings.com/wp-content/uploads/dk-metcalf-20353-madden-photo.png"
zach-frazier,"https://www.maddenratings.com/wp-content/uploads/zach-frazier-14706-madden-photo.png"
jaylen-warren,"https://www.maddenratings.com/wp-content/uploads/jaylen-warren-22471-madden-photo.png"
jaquan-brisker,"https://www.maddenratings.com/wp-content/uploads/jaquan-brisker-22228-madden-photo.png"
rico-dowdle,"https://www.maddenratings.com/wp-content/uploads/rico-dowdle-21039-madden-photo.png"
aaron-rodgers,"https://www.maddenratings.com/wp-content/uploads/aaron-rodgers-26668-madden-photo.png"
deshon-elliott,"https://www.maddenratings.com/wp-content/uploads/deshon-elliott-13154-madden-photo.png"
michael-pittman-jr,"https://www.maddenratings.com/wp-content/uploads/michael-pittman-jr-21081-madden-photo.png"
patrick-queen,"https://www.maddenratings.com/wp-content/uploads/patrick-queen-20999-madden-photo.png"
pat-freiermuth,"https://www.maddenratings.com/wp-content/uploads/pat-freiermuth-21561-madden-photo.png"
nick-herbig,"https://www.maddenratings.com/wp-content/uploads/nick-herbig-22982-madden-photo.png"
mason-mccormick,"https://www.maddenratings.com/wp-content/uploads/mason-mccormick-1083-madden-photo.png"
troy-fautanu,"https://www.maddenratings.com/wp-content/uploads/troy-fautanu-14700-madden-photo.png"
asante-samuel-jr,"https://www.maddenratings.com/wp-content/uploads/asante-samuel-jr.png"
keeanu-benton,"https://www.maddenratings.com/wp-content/uploads/keeanu-benton-22934-madden-photo.png"
cole-holcomb,"https://www.maddenratings.com/wp-content/uploads/cole-holcomb-20731-madden-photo.png"
darnell-washington,"https://www.maddenratings.com/wp-content/uploads/darnell-washington-22824-madden-photo.png"
sebastian-joseph-day,"https://www.maddenratings.com/wp-content/uploads/sebastian-joseph-day-13466-madden-photo.png"
derrick-harmon,"https://www.maddenratings.com/wp-content/uploads/derrick-harmon-15239-madden-photo.png"
brandin-echols,"https://www.maddenratings.com/wp-content/uploads/brandin-echols-21786-madden-photo.png"
payton-wilson,"https://www.maddenratings.com/wp-content/uploads/payton-wilson-14904-madden-photo.png"
kaleb-johnson,"https://www.maddenratings.com/wp-content/uploads/kaleb-johnson-15046-madden-photo.png"
cameron-johnston,"https://www.maddenratings.com/wp-content/uploads/cameron-johnston-12823-madden-photo.png"
darnell-savage,"https://www.maddenratings.com/wp-content/uploads/darnell-savage-20458-madden-photo.png"
max-iheanachor,"https://www.maddenratings.com/wp-content/uploads/max-iheanachor-16232.png"
gennings-dunker,"https://www.maddenratings.com/wp-content/uploads/gennings-dunker-16305.png"
germie-bernard,"https://www.maddenratings.com/wp-content/uploads/germie-bernard-1832.png"
jack-sawyer,"https://www.maddenratings.com/wp-content/uploads/jack-sawyer-15172-madden-photo.png"
malik-harrison,"https://www.maddenratings.com/wp-content/uploads/malik-harrison-21145-madden-photo.png"
roman-wilson,"https://www.maddenratings.com/wp-content/uploads/roman-wilson-14661-madden-photo.png"
daylen-everette,"https://www.maddenratings.com/wp-content/uploads/daylen-everette-16170.png"
broderick-jones,"https://www.maddenratings.com/wp-content/uploads/broderick-jones-22849-madden-photo.png"
dean-lowry,"https://www.maddenratings.com/wp-content/uploads/dean-lowry-17731-madden-photo.png"
at-perry,"https://www.maddenratings.com/wp-content/uploads/at-perry-22774-madden-photo.png"
logan-lee,"https://www.maddenratings.com/wp-content/uploads/logan-lee-1097-madden-photo.png"
brock-hoffman,"https://www.maddenratings.com/wp-content/uploads/brock-hoffman-22426-madden-photo.png"
eli-heidenreich,"https://www.maddenratings.com/wp-content/uploads/eli-heidenreich-1873.png"
ben-skowronek,"https://www.maddenratings.com/wp-content/uploads/ben-skowronek-21611-madden-photo.png"
donte-kent,"https://www.maddenratings.com/wp-content/uploads/donte-kent-4608004-madden-photo.png"
drew-allar,"https://www.maddenratings.com/wp-content/uploads/drew-allar-16211.png"
kaden-wetjen,"https://www.maddenratings.com/wp-content/uploads/kaden-wetjen-10177.png"
travis-homer,"https://www.maddenratings.com/wp-content/uploads/travis-homer-20640-madden-photo.png"
yahya-black,"https://www.maddenratings.com/wp-content/uploads/yahya-black-15225-madden-photo.png"
jamin-davis,"https://www.maddenratings.com/wp-content/uploads/jamin-davis-21917-madden-photo.png"
robert-tonyan,"https://www.maddenratings.com/wp-content/uploads/robert-tonyan-13848-madden-photo.png"
mason-rudolph,"https://www.maddenratings.com/wp-content/uploads/mason-rudolph-13088-madden-photo.png"
gabe-rubio,"https://www.maddenratings.com/wp-content/uploads/gabe-rubio-10198.png"
spencer-anderson,"https://www.maddenratings.com/wp-content/uploads/spencer-anderson-22891-madden-photo.png"
kevin-jobity-jr,"https://www.maddenratings.com/wp-content/uploads/kevin-jobity-jr-10224.png"
esezi-otomewo,"https://www.maddenratings.com/wp-content/uploads/esezi-otomewo-22182-madden-photo.png"
jack-driscoll,"https://www.maddenratings.com/wp-content/uploads/jack-driscoll.png"
robert-spears-jennings,"https://www.maddenratings.com/wp-content/uploads/robert-spears-jennings-16375.png"
kj-henry,"https://www.maddenratings.com/wp-content/uploads/kj-henry-22930-madden-photo.png"
will-howard,"https://www.maddenratings.com/wp-content/uploads/will-howard-14785-madden-photo.png"
jaheim-bell,"https://www.maddenratings.com/wp-content/uploads/jaheim-bell-14681-madden-photo.png"
carson-bruener,"https://www.maddenratings.com/wp-content/uploads/carson-bruener-15257-madden-photo.png"
dylan-cook,"https://www.maddenratings.com/wp-content/uploads/dylan-cook-4570898-madden-photo.png"
brandon-smith,"https://www.maddenratings.com/wp-content/uploads/brandon-smith-21753-madden-photo.png"
christian-kuntz,"https://www.maddenratings.com/wp-content/uploads/christian-kuntz-13643-madden-photo.png"
sebastian-castro,"https://www.maddenratings.com/wp-content/uploads/sebastian-castro-4426882-madden-photo.png"
tamon-lynum,"https://www.maddenratings.com/wp-content/uploads/madden-nfl-player.png"
lake-mcree,"https://www.maddenratings.com/wp-content/uploads/lake-mcree-16207.png"
greg-crippen,"https://www.maddenratings.com/wp-content/uploads/greg-crippen-10213.png"
lew-nichols,"https://www.maddenratings.com/wp-content/uploads/lew-nichols-23278.png"
dshawn-jamison,"https://www.maddenratings.com/wp-content/uploads/dshawn-jamison-4362082-madden-photo.png"
ryan-mccollum,"https://www.maddenratings.com/wp-content/uploads/ryan-mccollum-21841-madden-photo.png"
christian-mccaffrey,"https://www.maddenratings.com/wp-content/uploads/christian-mccaffrey-12556-madden-photo.png"
george-kittle,"https://www.maddenratings.com/wp-content/uploads/george-kittle-12836-madden-photo.png"
mike-evans,"https://www.maddenratings.com/wp-content/uploads/mike-evans-10857-madden-photo.png"
riley-nowakowski,"https://www.maddenratings.com/wp-content/uploads/riley-nowakowski-1845.png"
fred-warner,"https://www.maddenratings.com/wp-content/uploads/fred-warner-13203-madden-photo.png"
trent-williams,"https://www.maddenratings.com/wp-content/uploads/trent-williams-9800-madden-photo.png"
nick-bosa,"https://www.maddenratings.com/wp-content/uploads/nick-bosa-20565-madden-photo.png"
colton-mckivitz,"https://www.maddenratings.com/wp-content/uploads/colton-mckivitz-21115-madden-photo.png"
dre-greenlaw,"https://www.maddenratings.com/wp-content/uploads/dre-greenlaw-20475-madden-photo.png"
deommodore-lenoir,"https://www.maddenratings.com/wp-content/uploads/deommodore-lenoir-21454-madden-photo.png"
ricky-pearsall,"https://www.maddenratings.com/wp-content/uploads/ricky-pearsall-14657-madden-photo.png"
brandon-aiyuk,"https://www.maddenratings.com/wp-content/uploads/brandon-aiyuk-21069-madden-photo.png"
eddy-pineiro,"https://www.maddenratings.com/wp-content/uploads/eddy-pineiro.png"
mykel-williams,"https://www.maddenratings.com/wp-content/uploads/mykel-williams-15199-madden-photo.png"
christian-kirk,"https://www.maddenratings.com/wp-content/uploads/christian-kirk-13186-madden-photo.png"
kyle-juszczyk,"https://www.maddenratings.com/wp-content/uploads/kyle-juszczyk-1599-madden-photo.png"
renardo-green,"https://www.maddenratings.com/wp-content/uploads/renardo-green-14985-madden-photo.png"
osa-odighizuwa,"https://www.maddenratings.com/wp-content/uploads/osa-odighizuwa-21508-madden-photo.png"
dominick-puni,"https://www.maddenratings.com/wp-content/uploads/dominick-puni-14713-madden-photo.png"
corliss-waitman,"https://www.maddenratings.com/wp-content/uploads/corliss-waitman-22019-madden-photo.png"
demarcus-robinson,"https://www.maddenratings.com/wp-content/uploads/demarcus-robinson-17600-madden-photo.png"
romello-height,"https://www.maddenratings.com/wp-content/uploads/romello-height-1861.png"
mac-jones,"https://www.maddenratings.com/wp-content/uploads/mac-jones-21763-madden-photo.png"
upton-stout,"https://www.maddenratings.com/wp-content/uploads/upton-stout-15327-madden-photo.png"
jack-jones,"https://www.maddenratings.com/wp-content/uploads/jack-jones-21787-madden-photo.png"
jake-brendel,"https://www.maddenratings.com/wp-content/uploads/jake-brendel-17912-madden-photo.png"
malik-mustapha,"https://www.maddenratings.com/wp-content/uploads/malik-mustapha-14962-madden-photo.png"
nate-hobbs,"https://www.maddenratings.com/wp-content/uploads/nate-hobbs-21481-madden-photo.png"
kevin-givens,"https://www.maddenratings.com/wp-content/uploads/kevin-givens-20682-madden-photo.png"
dezhaun-stribling,"https://www.maddenratings.com/wp-content/uploads/dezhaun-stribling-16376.png"
marques-sigle,"https://www.maddenratings.com/wp-content/uploads/marques-sigle-15350-madden-photo.png"
keion-white,"https://www.maddenratings.com/wp-content/uploads/keion-white-22937-madden-photo.png"
jiayir-brown,"https://www.maddenratings.com/wp-content/uploads/jiayir-brown-23058-madden-photo.png"
eli-apple,"https://www.maddenratings.com/wp-content/uploads/eli-apple-17653-madden-photo.png"
gracen-halton,"https://www.maddenratings.com/wp-content/uploads/gracen-halton-16373.png"
isaac-guerendo,"https://www.maddenratings.com/wp-content/uploads/isaac-guerendo-15012-madden-photo.png"
ashtyn-davis,"https://www.maddenratings.com/wp-content/uploads/ashtyn-davis-21152-madden-photo.png"
jake-tonges,"https://www.maddenratings.com/wp-content/uploads/jake-tonges-4259147-madden-photo.png"
jordan-james,"https://www.maddenratings.com/wp-content/uploads/jordan-james-15048-madden-photo.png"
alfred-collins,"https://www.maddenratings.com/wp-content/uploads/alfred-collins-15206-madden-photo.png"
jacob-cowing,"https://www.maddenratings.com/wp-content/uploads/jacob-cowing-14663-madden-photo.png"
cameron-sample,"https://www.maddenratings.com/wp-content/uploads/cam-sample-21687-madden-photo.png"
nick-martin,"https://www.maddenratings.com/wp-content/uploads/nick-martin-15274-madden-photo.png"
kaelon-black,"https://www.maddenratings.com/wp-content/uploads/kaelon-black-16320.png"
sincere-mccormick,"https://www.maddenratings.com/wp-content/uploads/sincere-mccormick-22333-madden-photo.png"
ephesians-prysock,"https://www.maddenratings.com/wp-content/uploads/ephesians-prysock-1874.png"
robert-jones,"https://www.maddenratings.com/wp-content/uploads/robert-jones-21644-madden-photo.png"
darrick-forrest,"https://www.maddenratings.com/wp-content/uploads/darrick-forrest-21486-madden-photo.png"
tatum-bethune,"https://www.maddenratings.com/wp-content/uploads/tatum-bethune-14922-madden-photo.png"
jordan-watkins,"https://www.maddenratings.com/wp-content/uploads/jordan-watkins-15083-madden-photo.png"
enrique-cruz-jr,"https://www.maddenratings.com/wp-content/uploads/enrique-cruz-jr-16406.png"
jon-weeks,"https://www.maddenratings.com/wp-content/uploads/jon-weeks-10577-madden-photo.png"
sam-okuayinonu,"https://www.maddenratings.com/wp-content/uploads/sam-okuayinonu-22661-madden-photo.png"
darrell-luter-jr,"https://www.maddenratings.com/wp-content/uploads/darrell-luter-jr-23086-madden-photo.png"
cj-west,"https://www.maddenratings.com/wp-content/uploads/cj-west-15221-madden-photo.png"
brandon-parker,"https://www.maddenratings.com/wp-content/uploads/brandon-parker-13425-madden-photo.png"
carver-willis,"https://www.maddenratings.com/wp-content/uploads/carver-willis-16316.png"
connor-colby,"https://www.maddenratings.com/wp-content/uploads/connor-colby-15158-madden-photo.png"
evan-anderson,"https://www.maddenratings.com/wp-content/uploads/evan-anderson-4612182-madden-photo.png"
jaden-dugger,"https://www.maddenratings.com/wp-content/uploads/jaden-dugger-16324.png"
colton-dowell,"https://www.maddenratings.com/wp-content/uploads/colton-dowell.png"
luke-gifford,"https://www.maddenratings.com/wp-content/uploads/luke-gifford-20836-madden-photo.png"
vederian-lowe,"https://www.maddenratings.com/wp-content/uploads/vederian-lowe-22427-madden-photo.png"
siran-neal,"https://www.maddenratings.com/wp-content/uploads/siran-neal-13323-madden-photo.png"
jalen-graham,"https://www.maddenratings.com/wp-content/uploads/jalen-graham-23057-madden-photo.png"
austen-pleasants,"https://www.maddenratings.com/wp-content/uploads/austen-pleasants-3920814-madden-photo.png"
luke-farrell,"https://www.maddenratings.com/wp-content/uploads/luke-farrell-21808-madden-photo.png"
nick-zakelj,"https://www.maddenratings.com/wp-content/uploads/nick-zakelj-22111-madden-photo.png"
brayden-willis,"https://www.maddenratings.com/wp-content/uploads/brayden-willis-22848-madden-photo.png"
patrick-mcmorris,"https://www.maddenratings.com/wp-content/uploads/patrick-mcmorris-23091-madden-photo.png"
brett-toth,"https://www.maddenratings.com/wp-content/uploads/brett-toth-13448-madden-photo.png"
garret-wallow,"https://www.maddenratings.com/wp-content/uploads/garret-wallow.png"
patrick-taylor,"https://www.maddenratings.com/wp-content/uploads/patrick-taylor-21044-madden-photo.png"
jaxon-smith-njigba,"https://www.maddenratings.com/wp-content/uploads/jaxon-smith-njigba-22694-madden-photo.png"
adrian-martinez,"https://www.maddenratings.com/wp-content/uploads/adrian-martinez-4361182-madden-photo.png"
devon-witherspoon,"https://www.maddenratings.com/wp-content/uploads/devon-witherspoon-23023-madden-photo.png"
hayden-rucci,"https://www.maddenratings.com/wp-content/uploads/hayden-rucci-4428396-madden-photo.png"
kurtis-rourke,"https://www.maddenratings.com/wp-content/uploads/kurtis-rourke-14802-madden-photo.png"
sam-darnold,"https://www.maddenratings.com/wp-content/uploads/sam-darnold-13097-madden-photo.png"
nick-emmanwori,"https://www.maddenratings.com/wp-content/uploads/nick-emmanwori-15359-madden-photo.png"
byron-murphy-ii,"https://www.maddenratings.com/wp-content/uploads/byron-murphy-ii-14758-madden-photo.png"
demarcus-lawrence,"https://www.maddenratings.com/wp-content/uploads/demarcus-lawrence-11079-madden-photo.png"
ernest-jones,"https://www.maddenratings.com/wp-content/uploads/ernest-jones-iv-21921-madden-photo.png"
julian-love,"https://www.maddenratings.com/wp-content/uploads/julian-love-20602-madden-photo.png"
jason-myers,"https://www.maddenratings.com/wp-content/uploads/jason-myers-2772-madden-photo.png"
abraham-lucas,"https://www.maddenratings.com/wp-content/uploads/abraham-lucas-22105-madden-photo.png"
leonard-williams,"https://www.maddenratings.com/wp-content/uploads/leonard-williams-2527-madden-photo.png"
cooper-kupp,"https://www.maddenratings.com/wp-content/uploads/cooper-kupp-12558-madden-photo.png"
grey-zabel,"https://www.maddenratings.com/wp-content/uploads/grey-zabel-4601-madden-photo.png"
michael-dickson,"https://www.maddenratings.com/wp-content/uploads/michael-dickson-13391-madden-photo.png"
derick-hall,"https://www.maddenratings.com/wp-content/uploads/derick-hall-22974-madden-photo.png"
rashid-shaheed,"https://www.maddenratings.com/wp-content/uploads/rashid-shaheed-22666-madden-photo.png"
josh-jobe,"https://www.maddenratings.com/wp-content/uploads/josh-jobe-22212-madden-photo.png"
jarran-reed,"https://www.maddenratings.com/wp-content/uploads/jarran-reed-17688-madden-photo.png"
zach-charbonnet,"https://www.maddenratings.com/wp-content/uploads/zach-charbonnet-22732-madden-photo.png"
aj-barner,"https://www.maddenratings.com/wp-content/uploads/aj-barner-14687-madden-photo.png"
charles-cross,"https://www.maddenratings.com/wp-content/uploads/charles-cross-22437-madden-photo.png"
uchenna-nwosu,"https://www.maddenratings.com/wp-content/uploads/uchenna-nwosu-13145-madden-photo.png"
bud-clark,"https://www.maddenratings.com/wp-content/uploads/bud-clark-16411.png"
tory-horton,"https://www.maddenratings.com/wp-content/uploads/tory-horton-15064-madden-photo.png"
jadarian-price,"https://www.maddenratings.com/wp-content/uploads/jadarian-price-16368.png"
tyrice-knight,"https://www.maddenratings.com/wp-content/uploads/tyrice-knight-14907-madden-photo.png"
robbie-ouzts,"https://www.maddenratings.com/wp-content/uploads/robbie-ouzts-15109-madden-photo.png"
emanuel-wilson,"https://www.maddenratings.com/wp-content/uploads/emanuel-wilson-23335-madden-photo.png"
ty-okada,"https://www.maddenratings.com/wp-content/uploads/ty-okada-23381-madden-photo.png"
dante-fowler-jr,"https://www.maddenratings.com/wp-content/uploads/dante-fowler-jr-2528-madden-photo.png"
christian-haynes,"https://www.maddenratings.com/wp-content/uploads/christian-haynes-14707-madden-photo.png"
drake-thomas,"https://www.maddenratings.com/wp-content/uploads/drake-thomas-23011-madden-photo.png"
anthony-bradford,"https://www.maddenratings.com/wp-content/uploads/anthony-bradford-22893-madden-photo.png"
julian-neal,"https://www.maddenratings.com/wp-content/uploads/julian-neal-1884.png"
noah-igbinoghene,"https://www.maddenratings.com/wp-content/uploads/noah-igbinoghene-21013-madden-photo.png"
josh-jones,"https://www.maddenratings.com/wp-content/uploads/josh-jones-21114-madden-photo.png"
elijah-arroyo,"https://www.maddenratings.com/wp-content/uploads/elijah-arroyo-15119-madden-photo.png"
jalen-sundell,"https://www.maddenratings.com/wp-content/uploads/jalen-sundell-4383409-madden-photo.png"
jake-bobo,"https://www.maddenratings.com/wp-content/uploads/jake-bobo-22821-madden-photo.png"
beau-stephens,"https://www.maddenratings.com/wp-content/uploads/beau-stephens-16308.png"
rodney-thomas-ii,"https://www.maddenratings.com/wp-content/uploads/rodney-thomas-ii-22492-madden-photo.png"
pooh-paul-jr,"https://www.maddenratings.com/wp-content/uploads/chris-paul-jr-15271-madden-photo.png"
velus-jones,"https://www.maddenratings.com/wp-content/uploads/velus-jones-jr-22089-madden-photo.png"
mike-morris,"https://www.maddenratings.com/wp-content/uploads/mike-morris-22976-madden-photo.png"
danthony-bell,"https://www.maddenratings.com/wp-content/uploads/danthony-bell-22518-madden-photo.png"
emmanuel-henderson-jr,"https://www.maddenratings.com/wp-content/uploads/emmanuel-henderson-jr-16199.png"
andre-fuller,"https://www.maddenratings.com/wp-content/uploads/andre-fuller-1809.png"
eric-saubert,"https://www.maddenratings.com/wp-content/uploads/eric-saubert-12711-madden-photo.png"
rylie-mills,"https://www.maddenratings.com/wp-content/uploads/rylie-mills-15215-madden-photo.png"
michael-dansby,"https://www.maddenratings.com/wp-content/uploads/michael-dansby-10206.png"
ricky-white-iii,"https://www.maddenratings.com/wp-content/uploads/ricky-white-iii-15086-madden-photo.png"
nehemiah-pritchett,"https://www.maddenratings.com/wp-content/uploads/nehemiah-pritchett-14963-madden-photo.png"
jamie-sheriff,"https://www.maddenratings.com/wp-content/uploads/jamie-sheriff-4685984-madden-photo.png"
bryce-cabeldue,"https://www.maddenratings.com/wp-content/uploads/bryce-cabeldue-4612077-madden-photo.png"
shemar-jean-charles,"https://www.maddenratings.com/wp-content/uploads/shemar-jean-charles-21699-madden-photo.png"
jalen-milroe,"https://www.maddenratings.com/wp-content/uploads/jalen-milroe-14800-madden-photo.png"
olusegun-oluwatimi,"https://www.maddenratings.com/wp-content/uploads/olusegun-oluwatimi-22886-madden-photo.png"
george-holani,"https://www.maddenratings.com/wp-content/uploads/george-holani-4429835-madden-photo.png"
cody-white,"https://www.maddenratings.com/wp-content/uploads/cody-white-20933-madden-photo.png"
bobby-hart,"https://www.maddenratings.com/wp-content/uploads/bobby-hart-2658-madden-photo.png"
maxen-hook,"https://www.maddenratings.com/wp-content/uploads/maxen-hook-15339-madden-photo.png"
chazz-surratt,"https://www.maddenratings.com/wp-content/uploads/chazz-surratt-21478-madden-photo.png"
connor-otoole,"https://www.maddenratings.com/wp-content/uploads/connor-otoole-4605491-madden-photo.png"
drew-lock,"https://www.maddenratings.com/wp-content/uploads/drew-lock-20328-madden-photo.png"
deven-eastern,"https://www.maddenratings.com/wp-content/uploads/deven-eastern-1854.png"
kenny-mcintosh,"https://www.maddenratings.com/wp-content/uploads/kenny-mcintosh-22738-madden-photo.png"
irvin-charles,"https://www.maddenratings.com/wp-content/uploads/irvin-charles-3929636-madden-photo.png"
aj-finley,"https://www.maddenratings.com/wp-content/uploads/aj-finley-23292-madden-photo.png"
federico-maranges,"https://www.maddenratings.com/wp-content/uploads/federico-maranges-4430070-madden-photo.png"
mason-richman,"https://www.maddenratings.com/wp-content/uploads/mason-richman-4432525-madden-photo.png"
brady-russell,"https://www.maddenratings.com/wp-content/uploads/brady-russell-23360-madden-photo.png"
brandon-pili,"https://www.maddenratings.com/wp-content/uploads/brandon-pili-23298-madden-photo.png"
jamarkis-weston,"https://www.maddenratings.com/wp-content/uploads/jamarkis-weston-4567416-madden-photo.png"
nick-kallerup,"https://www.maddenratings.com/wp-content/uploads/nick-kallerup-4569547-madden-photo.png"
jared-ivey,"https://www.maddenratings.com/wp-content/uploads/jared-ivey-15187-madden-photo.png"
tristan-wirfs,"https://www.maddenratings.com/wp-content/uploads/tristan-wirfs-20971-madden-photo.png"
logan-brown,"https://www.maddenratings.com/wp-content/uploads/logan-brown-4570075-madden-photo.png"
chris-stoll,"https://www.maddenratings.com/wp-content/uploads/chris-stoll-23286-madden-photo.png"
patrick-oconnell,"https://www.maddenratings.com/wp-content/uploads/patrick-oconnell-23382-madden-photo.png"
amari-kight,"https://www.maddenratings.com/wp-content/uploads/amari-kight-4567135-madden-photo.png"
antoine-winfield-jr,"https://www.maddenratings.com/wp-content/uploads/antoine-winfield-jr-21017-madden-photo.png"
bucky-irving,"https://www.maddenratings.com/wp-content/uploads/bucky-irving-14624-madden-photo.png"
luke-goedeke,"https://www.maddenratings.com/wp-content/uploads/luke-goedeke-22112-madden-photo.png"
vita-vea,"https://www.maddenratings.com/wp-content/uploads/vita-vea-13091-madden-photo.png"
baker-mayfield,"https://www.maddenratings.com/wp-content/uploads/baker-mayfield-13117-madden-photo.png"
chris-godwin,"https://www.maddenratings.com/wp-content/uploads/chris-godwin-jr-12614-madden-photo.png"
zyon-mccollum,"https://www.maddenratings.com/wp-content/uploads/zyon-mccollum-22285-madden-photo.png"
emeka-egbuka,"https://www.maddenratings.com/wp-content/uploads/emeka-egbuka-15054-madden-photo.png"
rueben-bain-jr,"https://www.maddenratings.com/wp-content/uploads/rueben-bain-jr-16334.png"
alex-anzalone,"https://www.maddenratings.com/wp-content/uploads/alex-anzalone-12613-madden-photo.png"
kenneth-gainwell,"https://www.maddenratings.com/wp-content/uploads/kenneth-gainwell-21571-madden-photo.png"
yaya-diaby,"https://www.maddenratings.com/wp-content/uploads/yaya-diaby-22952-madden-photo.png"
tykee-smith,"https://www.maddenratings.com/wp-content/uploads/tykee-smith-14949-madden-photo.png"
cody-mauch,"https://www.maddenratings.com/wp-content/uploads/cody-mauch-22858-madden-photo.png"
jacob-parrish,"https://www.maddenratings.com/wp-content/uploads/jacob-parrish-15284-madden-photo.png"
al-quadin-muhammad,"https://www.maddenratings.com/wp-content/uploads/al-quadin-muhammad-12721-madden-photo.png"
calijah-kancey,"https://www.maddenratings.com/wp-content/uploads/calijah-kancey-22924-madden-photo.png"
graham-barton,"https://www.maddenratings.com/wp-content/uploads/graham-barton-14703-madden-photo.png"
ashawn-robinson,"https://www.maddenratings.com/wp-content/uploads/ashawn-robinson-17562-madden-photo.png"
riley-dixon,"https://www.maddenratings.com/wp-content/uploads/riley-dixon-17818-madden-photo.png"
chase-mclaughlin,"https://www.maddenratings.com/wp-content/uploads/chase-mclaughlin-20873-madden-photo.png"
cade-otton,"https://www.maddenratings.com/wp-content/uploads/cade-otton-22091-madden-photo.png"
anthony-nelson,"https://www.maddenratings.com/wp-content/uploads/anthony-nelson-20439-madden-photo.png"
josiah-trotter,"https://www.maddenratings.com/wp-content/uploads/josiah-trotter-1839.png"
jalen-mcmillan,"https://www.maddenratings.com/wp-content/uploads/jalen-mcmillan-14660-madden-photo.png"
chris-braswell,"https://www.maddenratings.com/wp-content/uploads/chris-braswell-14895-madden-photo.png"
keionte-scott,"https://www.maddenratings.com/wp-content/uploads/keionte-scott-16242.png"
christian-rozeboom,"https://www.maddenratings.com/wp-content/uploads/christian-rozeboom-21358-madden-photo.png"
tez-johnson,"https://www.maddenratings.com/wp-content/uploads/tez-johnson-15072-madden-photo.png"
benjamin-morrison,"https://www.maddenratings.com/wp-content/uploads/benjamin-morrison-15290-madden-photo.png"
ted-hurst-iii,"https://www.maddenratings.com/wp-content/uploads/ted-hurst-iii-1894.png"
ben-bredeson,"https://www.maddenratings.com/wp-content/uploads/ben-bredeson-21109-madden-photo.png"
sirvocea-dennis,"https://www.maddenratings.com/wp-content/uploads/sirvocea-dennis-23003-madden-photo.png"
sean-tucker,"https://www.maddenratings.com/wp-content/uploads/sean-tucker-22735-madden-photo.png"
mohamed-kamara,"https://www.maddenratings.com/wp-content/uploads/mohamed-kamara-14871-madden-photo.png"
dan-feeney,"https://www.maddenratings.com/wp-content/uploads/dan-feeney.png"
david-walker,"https://www.maddenratings.com/wp-content/uploads/david-walker-5085355-madden-photo.png"
demonte-capehart,"https://www.maddenratings.com/wp-content/uploads/demonte-capehart-16273.png"
elijah-roberts,"https://www.maddenratings.com/wp-content/uploads/elijah-roberts-15189-madden-photo.png"
billy-schrauth,"https://www.maddenratings.com/wp-content/uploads/billy-schrauth-16367.png"
rakeem-nunez-roches,"https://www.maddenratings.com/wp-content/uploads/rakeem-nunez-roches-sr-2688-madden-photo.png"
elijah-klein,"https://www.maddenratings.com/wp-content/uploads/elijah-klein-4362066-madden-photo.png"
josh-williams,"https://www.maddenratings.com/wp-content/uploads/josh-williams-4568024-madden-photo.png"
david-sills-v,"https://www.maddenratings.com/wp-content/uploads/david-sills-v-20350-madden-photo.png"
elijah-simmons,"https://www.maddenratings.com/wp-content/uploads/elijah-simmons-15218-madden-photo.png"
josh-hayes,"https://www.maddenratings.com/wp-content/uploads/josh-hayes-4248533-madden-photo.png"
miles-killebrew,"https://www.maddenratings.com/wp-content/uploads/miles-killebrew-17756-madden-photo.png"
jake-browning,"https://www.maddenratings.com/wp-content/uploads/jake-browning-20329-madden-photo.png"
dennis-houston,"https://www.maddenratings.com/wp-content/uploads/dennis-houston-22590-madden-photo.png"
justin-skule,"https://www.maddenratings.com/wp-content/uploads/justin-skule-20732-madden-photo.png"
john-bullock,"https://www.maddenratings.com/wp-content/uploads/john-bullock-4569563-madden-photo.png"
kameron-johnson,"https://www.maddenratings.com/wp-content/uploads/kameron-johnson-5097554-madden-photo.png"
ko-kieft,"https://www.maddenratings.com/wp-content/uploads/ko-kieft-22483-madden-photo.png"
damarion-williams,"https://www.maddenratings.com/wp-content/uploads/damarion-williams-22289-madden-photo.png"
chase-lucas,"https://www.maddenratings.com/wp-content/uploads/chase-lucas-22215-madden-photo.png"
javin-wright,"https://www.maddenratings.com/wp-content/uploads/madden-nfl-player.png"
marcus-banks,"https://www.maddenratings.com/wp-content/uploads/marcus-banks-1277.png"
bauer-sharp,"https://www.maddenratings.com/wp-content/uploads/bauer-sharp-1849.png"
luke-haggard,"https://www.maddenratings.com/wp-content/uploads/luke-haggard-4686884-madden-photo.png"
j-j-roberts,"https://www.maddenratings.com/wp-content/uploads/jj-roberts-4566165-madden-photo.png"
devin-culp,"https://www.maddenratings.com/wp-content/uploads/devin-culp-1166-madden-photo.png"
paul-rubelt,"https://www.maddenratings.com/wp-content/uploads/madden-nfl-player.png"
nick-jackson,"https://www.maddenratings.com/wp-content/uploads/nick-jackson-4776.png"
benjamin-chukwuma,"https://www.maddenratings.com/wp-content/uploads/benjamin-chukwuma-4690787-madden-photo.png"
payne-durham,"https://www.maddenratings.com/wp-content/uploads/payne-durham-22844-madden-photo.png"
evan-deckers,"https://www.maddenratings.com/wp-content/uploads/evan-deckers-4361727-madden-photo.png"
rashad-wisdom,"https://www.maddenratings.com/wp-content/uploads/rashad-wisdom-4428917-madden-photo.png"
jayson-jones,"https://www.maddenratings.com/wp-content/uploads/jayson-jones-4431184-madden-photo.png"
kemon-hall,"https://www.maddenratings.com/wp-content/uploads/kemon-hall.png"
scott-daly,"https://www.maddenratings.com/wp-content/uploads/scott-daly-21973-madden-photo.png"
nash-hutmacher,"https://www.maddenratings.com/wp-content/uploads/madden-nfl-player.png"
peter-skoronski,"https://www.maddenratings.com/wp-content/uploads/peter-skoronski-22698-madden-photo.png"
jeffery-simmons,"https://www.maddenratings.com/wp-content/uploads/jeffery-simmons-20549-madden-photo.png"
wandale-robinson,"https://www.maddenratings.com/wp-content/uploads/wandale-robinson-22368-madden-photo.png"
ben-scott,"https://www.maddenratings.com/wp-content/uploads/ben-scott-4569202-madden-photo.png"
tony-pollard,"https://www.maddenratings.com/wp-content/uploads/tony-pollard-20473-madden-photo.png"
amani-hooker,"https://www.maddenratings.com/wp-content/uploads/amani-hooker-20629-madden-photo.png"
cordale-flott,"https://www.maddenratings.com/wp-content/uploads/cordale-flott-22259-madden-photo.png"
connor-bazelak,"https://www.maddenratings.com/wp-content/uploads/Connor-Bazelak-4775.png"
alontae-taylor,"https://www.maddenratings.com/wp-content/uploads/alontae-taylor-22209-madden-photo.png"
jc-latham,"https://www.maddenratings.com/wp-content/uploads/jc-latham-14697-madden-photo.png"
cedric-gray,"https://www.maddenratings.com/wp-content/uploads/cedric-gray-14909-madden-photo.png"
calvin-ridley,"https://www.maddenratings.com/wp-content/uploads/calvin-ridley-13113-madden-photo.png"
tommy-townsend,"https://www.maddenratings.com/wp-content/uploads/tommy-townsend-21175-madden-photo.png"
keldric-faulk,"https://www.maddenratings.com/wp-content/uploads/keldric-faulk-16238.png"
john-franklin-myers,"https://www.maddenratings.com/wp-content/uploads/john-franklin-myers-13356-madden-photo.png"
cody-barton,"https://www.maddenratings.com/wp-content/uploads/cody-barton-20692-madden-photo.png"
carnell-tate,"https://www.maddenratings.com/wp-content/uploads/carnell-tate-16186.png"
jermaine-johnson,"https://www.maddenratings.com/wp-content/uploads/jermaine-johnson-ii-22141-madden-photo.png"
elic-ayomanor,"https://www.maddenratings.com/wp-content/uploads/elic-ayomanor-15099-madden-photo.png"
tyjae-spears,"https://www.maddenratings.com/wp-content/uploads/tyjae-spears-22749-madden-photo.png"
joey-slye,"https://www.maddenratings.com/wp-content/uploads/joey-slye-20835-madden-photo.png"
tony-adams,"https://www.maddenratings.com/wp-content/uploads/tony-adams-22642-madden-photo.png"
cameron-ward,"https://www.maddenratings.com/wp-content/uploads/cam-ward-14778-madden-photo.png"
chimere-dike,"https://www.maddenratings.com/wp-content/uploads/chimere-dike-15071-madden-photo.png"
joshua-williams,"https://www.maddenratings.com/wp-content/uploads/joshua-williams-22217-madden-photo.png"
jacob-martin,"https://www.maddenratings.com/wp-content/uploads/jacob-martin-13463-madden-photo.png"
anthony-hill-jr,"https://www.maddenratings.com/wp-content/uploads/anthony-hill-jr-16224.png"
dan-moore-jr,"https://www.maddenratings.com/wp-content/uploads/dan-moore-21655-madden-photo.png"
cordell-volson,"https://www.maddenratings.com/wp-content/uploads/cordell-volson-22110-madden-photo.png"
kj-osborn,"https://www.maddenratings.com/wp-content/uploads/kj-osborn-21325-madden-photo.png"
solomon-thomas,"https://www.maddenratings.com/wp-content/uploads/solomon-thomas-12526-madden-photo.png"
kevin-winston-jr,"https://www.maddenratings.com/wp-content/uploads/kevin-winston-jr-15361-madden-photo.png"
marcus-harris-15311,"https://www.maddenratings.com/wp-content/uploads/marcus-harris-15311-madden-photo.png"
oluwafemi-oladejo,"https://www.maddenratings.com/wp-content/uploads/oluwafemi-oladejo-15180-madden-photo.png"
michael-carter,"https://www.maddenratings.com/wp-content/uploads/michael-carter-21568-madden-photo.png"
gunnar-helm,"https://www.maddenratings.com/wp-content/uploads/gunnar-helm-15116-madden-photo.png"
mohamoud-diabate,"https://www.maddenratings.com/wp-content/uploads/mohamoud-diabate-4567403-madden-photo.png"
daniel-bellinger,"https://www.maddenratings.com/wp-content/uploads/daniel-bellinger-22102-madden-photo.png"
nick-singleton,"https://www.maddenratings.com/wp-content/uploads/nick-singleton-16212.png"
kylen-granson,"https://www.maddenratings.com/wp-content/uploads/kylen-granson-21624-madden-photo.png"
fernando-carmona,"https://www.maddenratings.com/wp-content/uploads/fernando-carmona-16395.png"
kalel-mullings,"https://www.maddenratings.com/wp-content/uploads/kalel-mullings-15036-madden-photo.png"
jordan-elliott,"https://www.maddenratings.com/wp-content/uploads/jordan-elliott-20981-madden-photo.png"
jackson-slater,"https://www.maddenratings.com/wp-content/uploads/jackson-slater-4876319-madden-photo.png"
xavier-restrepo,"https://www.maddenratings.com/wp-content/uploads/xavier-restrepo-15069-madden-photo.png"
jalyn-holmes,"https://www.maddenratings.com/wp-content/uploads/jalyn-holmes-13239-madden-photo.png"
will-levis,"https://www.maddenratings.com/wp-content/uploads/will-levis-22687-madden-photo.png"
andre-james,"https://www.maddenratings.com/wp-content/uploads/andre-james-20672-madden-photo.png"
james-williams,"https://www.maddenratings.com/wp-content/uploads/james-williams-14959-madden-photo.png"
micah-robinson,"https://www.maddenratings.com/wp-content/uploads/micah-robinson-4695280-madden-photo.png"
erick-hallett-ii,"https://www.maddenratings.com/wp-content/uploads/erick-hallett-ii-23269-madden-photo.png"
julius-chestnut,"https://www.maddenratings.com/wp-content/uploads/julius-chestnut-22618-madden-photo.png"
austin-schlottmann,"https://www.maddenratings.com/wp-content/uploads/austin-schlottmann-13588-madden-photo.png"
jackie-marshall,"https://www.maddenratings.com/wp-content/uploads/jackie-marshall-10171.png"
morgan-cox,"https://www.maddenratings.com/wp-content/uploads/morgan-cox-10551-madden-photo.png"
sanoussi-kane,"https://www.maddenratings.com/wp-content/uploads/sanoussi-kane-1170-madden-photo.png"
pat-coogan,"https://www.maddenratings.com/wp-content/uploads/pat-coogan-16366.png"
mitchell-trubisky,"https://www.maddenratings.com/wp-content/uploads/mitchell-trubisky-12552-madden-photo.png"
truman-jones,"https://www.maddenratings.com/wp-content/uploads/truman-jones-22955-madden-photo.png"
timmy-horne,"https://www.maddenratings.com/wp-content/uploads/timmy-horne-22540-madden-photo.png"
jaylen-harrell,"https://www.maddenratings.com/wp-content/uploads/jaylen-harrell-14883-madden-photo.png"
bryce-oliver,"https://www.maddenratings.com/wp-content/uploads/bryce-oliver-4362617-madden-photo.png"
garrett-dellinger,"https://www.maddenratings.com/wp-content/uploads/garrett-dellinger-4431252-madden-photo.png"
austin-deculus,"https://www.maddenratings.com/wp-content/uploads/austin-deculus-22438-madden-photo.png"
jerrick-reed-ii,"https://www.maddenratings.com/wp-content/uploads/jerrick-reed-ii-23267-madden-photo.png"
hendon-hooker,"https://www.maddenratings.com/wp-content/uploads/hendon-hooker-22711-madden-photo.png"
kendell-brooks,"https://www.maddenratings.com/wp-content/uploads/kendell-brooks-4585317-madden-photo.png"
mason-kinsey,"https://www.maddenratings.com/wp-content/uploads/mason-kinsey.png"
earnest-brown-iv,"https://www.maddenratings.com/wp-content/uploads/earnest-brown-iv-21868-madden-photo.png"
malik-herring,"https://www.maddenratings.com/wp-content/uploads/malik-herring-21685-madden-photo.png"
david-martin-robinson,"https://www.maddenratings.com/wp-content/uploads/david-martin-robinson-4360978-madden-photo.png"
laremy-tunsil,"https://www.maddenratings.com/wp-content/uploads/laremy-tunsil-17541-madden-photo.png"
drew-moss,"https://www.maddenratings.com/wp-content/uploads/drew-moss-4879480-madden-photo.png"
dorian-mausi-jr,"https://www.maddenratings.com/wp-content/uploads/dorian-mausi-jr-4573318-madden-photo.png"
brandon-crenshaw-dickson,"https://www.maddenratings.com/wp-content/uploads/brandon-crenshaw-dickson-4426987-madden-photo.png"
daron-payne,"https://www.maddenratings.com/wp-content/uploads/daron-payne-13104-madden-photo.png"
terry-mclaurin,"https://www.maddenratings.com/wp-content/uploads/terry-mclaurin-20435-madden-photo.png"
rasul-douglas,"https://www.maddenratings.com/wp-content/uploads/rasul-douglas.png"
sam-cosmi,"https://www.maddenratings.com/wp-content/uploads/sam-cosmi-21533-madden-photo.png"
leo-chenal,"https://www.maddenratings.com/wp-content/uploads/leo-chenal-22458-madden-photo.png"
nick-cross,"https://www.maddenratings.com/wp-content/uploads/nick-cross-22398-madden-photo.png"
jaren-kanak,"https://www.maddenratings.com/wp-content/uploads/jaren-kanak-16372.png"
jayden-daniels,"https://www.maddenratings.com/wp-content/uploads/jayden-daniels-14579-madden-photo.png"
odafe-oweh,"https://www.maddenratings.com/wp-content/uploads/odafe-oweh-21511-madden-photo.png"
frankie-luvu,"https://www.maddenratings.com/wp-content/uploads/frankie-luvu-13628-madden-photo.png"
jacory-croskey-merritt,"https://www.maddenratings.com/wp-content/uploads/jacory-croskey-merritt-4575131-madden-photo.png"
dorance-armstrong,"https://www.maddenratings.com/wp-content/uploads/dorance-armstrong-13244-madden-photo.png"
sonny-styles,"https://www.maddenratings.com/wp-content/uploads/sonny-styles-16185.png"
amik-robertson,"https://www.maddenratings.com/wp-content/uploads/amik-robertson-21003-madden-photo.png"
ahkello-witherspoon,"https://www.maddenratings.com/wp-content/uploads/ahkello-witherspoon-12828-madden-photo.png"
rachaad-white,"https://www.maddenratings.com/wp-content/uploads/rachaad-white-22056-madden-photo.png"
mike-sainristil,"https://www.maddenratings.com/wp-content/uploads/mike-sainristil-14947-madden-photo.png"
jartavius-martin,"https://www.maddenratings.com/wp-content/uploads/quan-martin-23053-madden-photo.png"
tress-way,"https://www.maddenratings.com/wp-content/uploads/tress-way-2335-madden-photo.png"
chigoziem-okonkwo,"https://www.maddenratings.com/wp-content/uploads/chigoziem-okonkwo-22347-madden-photo.png"
jerzhan-newton,"https://www.maddenratings.com/wp-content/uploads/jerzhan-newton-14751-madden-photo.png"
charles-omenihu,"https://www.maddenratings.com/wp-content/uploads/charles-omenihu-20403-madden-photo.png"
deatrich-wise-jr,"https://www.maddenratings.com/wp-content/uploads/deatrich-wise-jr-12607-madden-photo.png"
andrew-wylie,"https://www.maddenratings.com/wp-content/uploads/andrew-wylie-13845-madden-photo.png"
jaylin-lane,"https://www.maddenratings.com/wp-content/uploads/jaylin-lane-15068-madden-photo.png"
trey-amos,"https://www.maddenratings.com/wp-content/uploads/trey-amos-15287-madden-photo.png"
klavon-chaisson,"https://www.maddenratings.com/wp-content/uploads/klavon-chaisson-20991-madden-photo.png"
jerome-ford,"https://www.maddenratings.com/wp-content/uploads/jerome-ford-22324-madden-photo.png"
dyami-brown,"https://www.maddenratings.com/wp-content/uploads/dyami-brown-21585-madden-photo.png"
chris-paul,"https://www.maddenratings.com/wp-content/uploads/chris-paul-22131-madden-photo.png"
antonio-williams,"https://www.maddenratings.com/wp-content/uploads/antonio-williams-1885.png"
jeremy-reaves,"https://www.maddenratings.com/wp-content/uploads/jeremy-reaves-13269-madden-photo.png"
jeremy-mcnichols,"https://www.maddenratings.com/wp-content/uploads/jeremy-mcnichols-12720-madden-photo.png"
van-jefferson,"https://www.maddenratings.com/wp-content/uploads/van-jefferson-21072-madden-photo.png"
javon-kinlaw,"https://www.maddenratings.com/wp-content/uploads/javon-kinlaw-21133-madden-photo.png"
joshua-josephs,"https://www.maddenratings.com/wp-content/uploads/joshua-josephs-16414.png"
treylon-burks,"https://www.maddenratings.com/wp-content/uploads/treylon-burks.png"
josh-conerly-jr,"https://www.maddenratings.com/wp-content/uploads/josh-conerly-jr-15163-madden-photo.png"
drake-jackson,"https://www.maddenratings.com/wp-content/uploads/drake-jackson.png"
antonio-hamilton,"https://www.maddenratings.com/wp-content/uploads/antonio-hamilton.png"
nick-allegretti,"https://www.maddenratings.com/wp-content/uploads/nick-allegretti-20724-madden-photo.png"
tim-settle,"https://www.maddenratings.com/wp-content/uploads/tim-settle-jr-13123-madden-photo.png"
marcus-mariota,"https://www.maddenratings.com/wp-content/uploads/marcus-mariota-19983-madden-photo.png"
luke-mccaffrey,"https://www.maddenratings.com/wp-content/uploads/luke-mccaffrey-14666-madden-photo.png"
kaytron-allen,"https://www.maddenratings.com/wp-content/uploads/kaytron-allen-16213.png"
dj-johnson,"https://www.maddenratings.com/wp-content/uploads/dj-johnson-22983-madden-photo.png"
will-harris,"https://www.maddenratings.com/wp-content/uploads/will-harris-20466-madden-photo.png"
brandon-coleman,"https://www.maddenratings.com/wp-content/uploads/brandon-coleman-14730-madden-photo.png"
tre-hawkins-iii,"https://www.maddenratings.com/wp-content/uploads/tre-hawkins-iii-23270-madden-photo.png"
ben-sinnott,"https://www.maddenratings.com/wp-content/uploads/ben-sinnott-14682-madden-photo.png"
darius-rush,"https://www.maddenratings.com/wp-content/uploads/darius-rush-23043-madden-photo.png"
nick-bellore,"https://www.maddenratings.com/wp-content/uploads/nick-bellore-10939-madden-photo.png"
shy-tuttle,"https://www.maddenratings.com/wp-content/uploads/shy-tuttle-20853-madden-photo.png"
percy-butler,"https://www.maddenratings.com/wp-content/uploads/percy-butler-22450-madden-photo.png"
nick-nash,"https://www.maddenratings.com/wp-content/uploads/nick-nash-15062-madden-photo.png"
jordan-magee,"https://www.maddenratings.com/wp-content/uploads/jordan-magee-14916-madden-photo.png"
dj-davidson,"https://www.maddenratings.com/wp-content/uploads/dj-davidson-22306-madden-photo.png"
jake-moody,"https://www.maddenratings.com/wp-content/uploads/jake-moody-23107-madden-photo.png"
tyler-ott,"https://www.maddenratings.com/wp-content/uploads/tyler-ott-12498-madden-photo.png"
jacoby-jones,"https://www.maddenratings.com/wp-content/uploads/jacoby-jones-5083297-madden-photo.png"
javontae-jean-baptiste,"https://www.maddenratings.com/wp-content/uploads/javontae-jean-baptiste-1134-madden-photo.png"
andre-carter-ii,"https://www.maddenratings.com/wp-content/uploads/andre-carter-ii-22972-madden-photo.png"
kain-medrano,"https://www.maddenratings.com/wp-content/uploads/kain-medrano-15258-madden-photo.png"
john-bates,"https://www.maddenratings.com/wp-content/uploads/john-bates-21767-madden-photo.png"
ale-kaho,"https://www.maddenratings.com/wp-content/uploads/ale-kaho-4361090-madden-photo.png"
anthony-firkser,"https://www.maddenratings.com/wp-content/uploads/anthony-firkser.png"
tyler-cooper,"https://www.maddenratings.com/wp-content/uploads/tyler-cooper-4429456-madden-photo.png"
matt-gulbin,"https://www.maddenratings.com/wp-content/uploads/matt-gulbin-1831.png"
colson-yankoff,"https://www.maddenratings.com/wp-content/uploads/colson-yankoff-4361088-madden-photo.png"
athan-kaliakmanis,"https://www.maddenratings.com/wp-content/uploads/athan-kaliakmanis-10201.png"
tyler-owens,"https://www.maddenratings.com/wp-content/uploads/tyler-owens-4572460-madden-photo.png"
bobby-wagner,"https://www.maddenratings.com/wp-content/uploads/bobby-wagner-11567-madden-photo.png"
sam-hartman,"https://www.maddenratings.com/wp-content/uploads/sam-hartman-14615-madden-photo.png"
trent-scott,"https://www.maddenratings.com/wp-content/uploads/trent-scott-13723-madden-photo.png"
foster-sarell,"https://www.maddenratings.com/wp-content/uploads/foster-sarell-21848-madden-photo.png"
joe-mixon,"https://www.maddenratings.com/wp-content/uploads/joe-mixon-12625-madden-photo.png"
kevin-zeitler,"https://www.maddenratings.com/wp-content/uploads/kevin-zeitler-11489-madden-photo.png"
tyreek-hill,"https://www.maddenratings.com/wp-content/uploads/tyreek-hill-17838-madden-photo.png"
stefon-diggs,"https://www.maddenratings.com/wp-content/uploads/stefon-diggs-2454-madden-photo.png"
harrison-smith,"https://www.maddenratings.com/wp-content/uploads/harrison-smith-11440-madden-photo.png"
kenny-moore-ii,"https://www.maddenratings.com/wp-content/uploads/kenny-moore-ii-12965-madden-photo.png"
joey-bosa,"https://www.maddenratings.com/wp-content/uploads/joey-bosa-17537-madden-photo.png"
lavonte-david,"https://www.maddenratings.com/wp-content/uploads/lavonte-david-11306-madden-photo.png"
bobby-okereke,"https://www.maddenratings.com/wp-content/uploads/bobby-okereke-20425-madden-photo.png"
marshon-lattimore,"https://www.maddenratings.com/wp-content/uploads/marshon-lattimore-12528-madden-photo.png"
matt-milano,"https://www.maddenratings.com/wp-content/uploads/matt-milano-12781-madden-photo.png"
darren-waller,"https://www.maddenratings.com/wp-content/uploads/darren-waller-2457-madden-photo.png"
daquan-jones,"https://www.maddenratings.com/wp-content/uploads/daquan-jones-12336-madden-photo.png"
keenan-allen,"https://www.maddenratings.com/wp-content/uploads/keenan-allen.png"
joel-bitonio,"https://www.maddenratings.com/wp-content/uploads/joel-bitonio-10831-madden-photo.png"
deebo-samuel,"https://www.maddenratings.com/wp-content/uploads/deebo-samuel-sr-20348-madden-photo.png"
von-miller,"https://www.maddenratings.com/wp-content/uploads/von-miller-10737-madden-photo.png"
jadeveon-clowney,"https://www.maddenratings.com/wp-content/uploads/jadeveon-clowney.png"
jimmie-ward,"https://www.maddenratings.com/wp-content/uploads/jimmie-ward-12389-madden-photo.png"
taylor-decker,"https://www.maddenratings.com/wp-content/uploads/taylor-decker-17665-madden-photo.png"
xavier-woods,"https://www.maddenratings.com/wp-content/uploads/xavier-woods-12846-madden-photo.png"
kyle-van-noy,"https://www.maddenratings.com/wp-content/uploads/kyle-van-noy-12387-madden-photo.png"
kaleb-mcgary,"https://www.maddenratings.com/wp-content/uploads/kaleb-mcgary-20362-madden-photo.png"
kareem-hunt,"https://www.maddenratings.com/wp-content/uploads/kareem-hunt-12633-madden-photo.png"
deandre-hopkins,"https://www.maddenratings.com/wp-content/uploads/deandre-hopkins-506-madden-photo.png"
nick-chubb,"https://www.maddenratings.com/wp-content/uploads/nick-chubb-13129-madden-photo.png"
najee-harris,"https://www.maddenratings.com/wp-content/uploads/najee-harris-21829-madden-photo.png"
germaine-pratt,"https://www.maddenratings.com/wp-content/uploads/germaine-pratt-20424-madden-photo.png"
antonio-gibson,"https://www.maddenratings.com/wp-content/uploads/antonio-gibson-21048-madden-photo.png"
brandin-cooks,"https://www.maddenratings.com/wp-content/uploads/brandin-cooks-10847-madden-photo.png"
matt-prater,"https://www.maddenratings.com/wp-content/uploads/matt-prater.png"
leonard-floyd,"https://www.maddenratings.com/wp-content/uploads/leonard-floyd-17554-madden-photo.png"
zach-ertz,"https://www.maddenratings.com/wp-content/uploads/zach-ertz-857-madden-photo.png"
shaq-thompson,"https://www.maddenratings.com/wp-content/uploads/shaq-thompson-2562-madden-photo.png"
brandon-graham,"https://www.maddenratings.com/wp-content/uploads/brandon-graham-madden-photo-1280.png"
graham-glasgow,"https://www.maddenratings.com/wp-content/uploads/graham-glasgow-17700-madden-photo.png"
daniel-carlson,"https://www.maddenratings.com/wp-content/uploads/daniel-carlson-13382-madden-photo.png"
james-daniels,"https://www.maddenratings.com/wp-content/uploads/james-daniels-13137-madden-photo.png"
rayshawn-jenkins,"https://www.maddenratings.com/wp-content/uploads/rayshawn-jenkins-12690-madden-photo.png"
jack-conklin,"https://www.maddenratings.com/wp-content/uploads/jack-conklin-17663-madden-photo.png"
jonnu-smith,"https://www.maddenratings.com/wp-content/uploads/jonnu-smith-12700-madden-photo.png"
tredavious-white,"https://www.maddenratings.com/wp-content/uploads/tredavious-white-12548-madden-photo.png"
quandre-diggs,"https://www.maddenratings.com/wp-content/uploads/quandre-diggs.png"
bryce-huff,"https://www.maddenratings.com/wp-content/uploads/bryce-huff-21239-madden-photo.png"
taylor-rapp,"https://www.maddenratings.com/wp-content/uploads/taylor-rapp-20622-madden-photo.png"
denico-autry,"https://www.maddenratings.com/wp-content/uploads/denico-autry-2366-madden-photo.png"
elandon-roberts,"https://www.maddenratings.com/wp-content/uploads/elandon-roberts-17854-madden-photo.png"
austin-ekeler,"https://www.maddenratings.com/wp-content/uploads/austin-ekeler-12948-madden-photo.png"
greg-van-roten,"https://www.maddenratings.com/wp-content/uploads/greg-van-roten-11842-madden-photo.png"
graham-gano,"https://www.maddenratings.com/wp-content/uploads/graham-gano-28887-madden-photo.png"
haason-reddick,"https://www.maddenratings.com/wp-content/uploads/haason-reddick-12560-madden-photo.png"
jordan-poyer,"https://www.maddenratings.com/wp-content/uploads/jordan-poyer.png"
jerome-baker,"https://www.maddenratings.com/wp-content/uploads/jerome-baker-13200-madden-photo.png"
terrion-arnold,"https://www.maddenratings.com/wp-content/uploads/terrion-arnold-14927-madden-photo.png"
darious-williams,"https://www.maddenratings.com/wp-content/uploads/darious-williams-13178-madden-photo.png"
sterling-shepard,"https://www.maddenratings.com/wp-content/uploads/sterling-shepard-17592-madden-photo.png"
eric-kendricks,"https://www.maddenratings.com/wp-content/uploads/eric-kendricks.png"
thomas-morstead,"https://www.maddenratings.com/wp-content/uploads/thomas-morstead-20305-madden-photo.png"
trevon-diggs,"https://www.maddenratings.com/wp-content/uploads/trevon-diggs-21260-madden-photo.png"
preston-smith,"https://www.maddenratings.com/wp-content/uploads/preston-smith.png"
juan-thornhill,"https://www.maddenratings.com/wp-content/uploads/juan-thornhill-20456-madden-photo.png"
matthew-judon,"https://www.maddenratings.com/wp-content/uploads/matthew-judon.png"
alexander-mattison,"https://www.maddenratings.com/wp-content/uploads/alexander-mattison-20641-madden-photo.png"
adoree-jackson,"https://www.maddenratings.com/wp-content/uploads/adoree-jackson-12563-madden-photo.png"
brandon-mcmanus,"https://www.maddenratings.com/wp-content/uploads/brandon-mcmanus-2278-madden-photo.png"
folorunso-fatukasi,"https://www.maddenratings.com/wp-content/uploads/folorunso-fatukasi-13294-madden-photo.png"
josh-reynolds,"https://www.maddenratings.com/wp-content/uploads/josh-reynolds-12662-madden-photo.png"
laken-tomlinson,"https://www.maddenratings.com/wp-content/uploads/laken-tomlinson-2507-madden-photo.png"
jahlani-tavai,"https://www.maddenratings.com/wp-content/uploads/jahlani-tavai-20592-madden-photo.png"
larry-ogunjobi,"https://www.maddenratings.com/wp-content/uploads/larry-ogunjobi-12604-madden-photo.png"
jordan-fuller,"https://www.maddenratings.com/wp-content/uploads/jordan-fuller-21270-madden-photo.png"
noah-brown,"https://www.maddenratings.com/wp-content/uploads/noah-brown-12645-madden-photo.png"
raheem-mostert,"https://www.maddenratings.com/wp-content/uploads/raheem-mostert-2832-madden-photo.png"
yetur-gross-matos,"https://www.maddenratings.com/wp-content/uploads/yetur-gross-matos-20995-madden-photo.png"
tyler-lockett,"https://www.maddenratings.com/wp-content/uploads/tyler-lockett-2448-madden-photo.png"
xavien-howard,"https://www.maddenratings.com/wp-content/uploads/xavien-howard.png"
zay-jones,"https://www.maddenratings.com/wp-content/uploads/zay-jones-12564-madden-photo.png"
johnathan-hankins,"https://www.maddenratings.com/wp-content/uploads/johnathan-hankins-1088-madden-photo.png"
ray-ray-mccloud-iii,"https://www.maddenratings.com/wp-content/uploads/ray-ray-mccloud-iii-13362-madden-photo.png"
donovan-wilson,"https://www.maddenratings.com/wp-content/uploads/donovan-wilson-20713-madden-photo.png"
arthur-maulet,"https://www.maddenratings.com/wp-content/uploads/arthur-maulet.png"
bilal-nichols,"https://www.maddenratings.com/wp-content/uploads/bilal-nichols-13424-madden-photo.png"
emmanuel-ogbah,"https://www.maddenratings.com/wp-content/uploads/emmanuel-ogbah-17686-madden-photo.png"
lance-mccutcheon,""
eddie-goldman,"https://www.maddenratings.com/wp-content/uploads/eddie-goldman-2546-madden-photo.png"
curtis-samuel,"https://www.maddenratings.com/wp-content/uploads/curtis-samuel-12579-madden-photo.png"
ifeatu-melifonwu,"https://www.maddenratings.com/wp-content/uploads/ifeatu-melifonwu-21471-madden-photo.png"
joe-tryon,"https://www.maddenratings.com/wp-content/uploads/joe-tryon-shoyinka-21519-madden-photo.png"
josh-paschal,"https://www.maddenratings.com/wp-content/uploads/josh-paschal-22151-madden-photo.png"
khalil-herbert,"https://www.maddenratings.com/wp-content/uploads/khalil-herbert-21628-madden-photo.png"
taysom-hill,"https://www.maddenratings.com/wp-content/uploads/taysom-hill-12922-madden-photo.png"
allen-lazard,"https://www.maddenratings.com/wp-content/uploads/allen-lazard-13260-madden-photo.png"
justin-jones,"https://www.maddenratings.com/wp-content/uploads/justin-jones-13210-madden-photo.png"
logan-wilson,"https://www.maddenratings.com/wp-content/uploads/logan-wilson-21148-madden-photo.png"
hunter-renfrow,"https://www.maddenratings.com/wp-content/uploads/hunter-renfrow-20356-madden-photo.png"
shaquill-griffin,"https://www.maddenratings.com/wp-content/uploads/shaquill-griffin-12829-madden-photo.png"
marcus-davenport,"https://www.maddenratings.com/wp-content/uploads/marcus-davenport-13102-madden-photo.png"
anthony-walker-jr,"https://www.maddenratings.com/wp-content/uploads/anthony-walker-jr-12598-madden-photo.png"
cam-akers,"https://www.maddenratings.com/wp-content/uploads/cam-akers-20919-madden-photo.png"
clelin-ferrell,"https://www.maddenratings.com/wp-content/uploads/clelin-ferrell-20567-madden-photo.png"
miles-sanders,"https://www.maddenratings.com/wp-content/uploads/miles-sanders-20492-madden-photo.png"
cam-robinson,"https://www.maddenratings.com/wp-content/uploads/cam-robinson-12557-madden-photo.png"
greg-gaines,"https://www.maddenratings.com/wp-content/uploads/greg-gaines-20408-madden-photo.png"
devin-white,"https://www.maddenratings.com/wp-content/uploads/devin-white-20581-madden-photo.png"
derek-barnett,"https://www.maddenratings.com/wp-content/uploads/derek-barnett-12530-madden-photo.png"
gabriel-davis,"https://www.maddenratings.com/wp-content/uploads/gabriel-davis.png"
mekhi-becton,"https://www.maddenratings.com/wp-content/uploads/mekhi-becton-sr-20969-madden-photo.png"
george-fant,"https://www.maddenratings.com/wp-content/uploads/george-fant.png"
jamal-adams,"https://www.maddenratings.com/wp-content/uploads/jamal-adams-12524-madden-photo.png"
jonah-williams,"https://www.maddenratings.com/wp-content/uploads/jonah-williams-4040726-madden-photo.png"
matt-haack,"https://www.maddenratings.com/wp-content/uploads/matt-haack.png"
jalen-mills,"https://www.maddenratings.com/wp-content/uploads/jalen-mills.png"
nazeeh-johnson,"https://www.maddenratings.com/wp-content/uploads/nazeeh-johnson-22495-madden-photo.png"
jabrill-peppers,"https://www.maddenratings.com/wp-content/uploads/jabrill-peppers-12531-madden-photo.png"
michael-badgley,"https://www.maddenratings.com/wp-content/uploads/michael-badgley.png"
zamir-white,"https://www.maddenratings.com/wp-content/uploads/zamir-white-22340-madden-photo.png"
ugo-amadi,"https://www.maddenratings.com/wp-content/uploads/ugo-amadi-20623-madden-photo.png"
will-dissly,"https://www.maddenratings.com/wp-content/uploads/will-dissly-13392-madden-photo.png"
tyquan-lewis,"https://www.maddenratings.com/wp-content/uploads/tyquan-lewis-13232-madden-photo.png"
chase-edmonds,"https://www.maddenratings.com/wp-content/uploads/chase-edmonds.png"
austin-johnson,"https://www.maddenratings.com/wp-content/uploads/austin-johnson.png"
brent-urban,"https://www.maddenratings.com/wp-content/uploads/brent-urban.png"
deion-jones,"https://www.maddenratings.com/wp-content/uploads/deion-jones-17677-madden-photo.png"
damontae-kazee,"https://www.maddenratings.com/wp-content/uploads/damontae-kazee-12594-madden-photo.png"
chris-moore,"https://www.maddenratings.com/wp-content/uploads/chris-moore-17628-madden-photo.png"
chris-wormley,"https://www.maddenratings.com/wp-content/uploads/chris-wormley.png"
mario-edwards-jr,"https://www.maddenratings.com/wp-content/uploads/mario-edwards-jr-2537-madden-photo.png"
dj-humphries,"https://www.maddenratings.com/wp-content/uploads/dj-humphries-2500-madden-photo.png"
ethan-pocic,"https://www.maddenratings.com/wp-content/uploads/ethan-pocic-12644-madden-photo.png"
joshua-karty,"https://www.maddenratings.com/wp-content/uploads/joshua-karty-15005-madden-photo.png"
kyu-blu-kelly,"https://www.maddenratings.com/wp-content/uploads/kyu-blu-kelly-23040-madden-photo.png"
darrell-taylor,"https://www.maddenratings.com/wp-content/uploads/darrell-taylor-21134-madden-photo.png"
quinton-jefferson,"https://www.maddenratings.com/wp-content/uploads/quinton-jefferson.png"
kelvin-beachum-jr,"https://www.maddenratings.com/wp-content/uploads/kelvin-beachum-11673-madden-photo.png"
jamal-agnew,"https://www.maddenratings.com/wp-content/uploads/jamal-agnew-12838-madden-photo.png"
fabian-moreau,"https://www.maddenratings.com/wp-content/uploads/fabian-moreau.png"
john-parker-romo,"https://www.maddenratings.com/wp-content/uploads/john-parker-romo-1069-madden-photo.png"
andrus-peat,"https://www.maddenratings.com/wp-content/uploads/andrus-peat.png"
marshawn-kneeland,"https://www.maddenratings.com/wp-content/uploads/marshawn-kneeland-14868-madden-photo.png"
ogbonnia-okoronkwo,"https://www.maddenratings.com/wp-content/uploads/ogbo-okoronkwo-13090-madden-photo.png"
robby-anderson,"https://www.maddenratings.com/wp-content/uploads/robbie-anderson.png"
alex-cappa,"https://www.maddenratings.com/wp-content/uploads/alex-cappa-13297-madden-photo.png"
deandre-carter,"https://www.maddenratings.com/wp-content/uploads/deandre-carter-13859-madden-photo.png"
jordan-phillips-2548,"https://www.maddenratings.com/wp-content/uploads/jordan-phillips.png"
daniel-ekuale,"https://www.maddenratings.com/wp-content/uploads/daniel-ekuale-13552-madden-photo.png"
cornelius-lucas-iii,"https://www.maddenratings.com/wp-content/uploads/cornelius-lucas-iii-2308-madden-photo.png"
jamie-gillan,"https://www.maddenratings.com/wp-content/uploads/jamie-gillan-20794-madden-photo.png"
mike-pennel,"https://www.maddenratings.com/wp-content/uploads/mike-pennel-2276-madden-photo.png"
dawuane-smoot,"https://www.maddenratings.com/wp-content/uploads/dawuane-smoot-12596-madden-photo.png"
jeff-okudah,"https://www.maddenratings.com/wp-content/uploads/jeff-okudah-21010-madden-photo.png"
nick-mccloud,"https://www.maddenratings.com/wp-content/uploads/nick-mccloud-21992-madden-photo.png"
michael-davis,"https://www.maddenratings.com/wp-content/uploads/michael-davis.png"
taven-bryan,"https://www.maddenratings.com/wp-content/uploads/taven-bryan-13096-madden-photo.png"
khadarel-hodge,"https://www.maddenratings.com/wp-content/uploads/khadarel-hodge-13870-madden-photo.png"
younghoe-koo,"https://www.maddenratings.com/wp-content/uploads/younghoe-koo-12936-madden-photo.png"
tanoh-kpassagnon,"https://www.maddenratings.com/wp-content/uploads/tanoh-kpassagnon-12660-madden-photo.png"
xavier-thomas,"https://www.maddenratings.com/wp-content/uploads/xavier-thomas-14890-madden-photo.png"
will-hernandez,"https://www.maddenratings.com/wp-content/uploads/will-hernandez.png"
daniel-brunskill,"https://www.maddenratings.com/wp-content/uploads/daniel-brunskill-12753-madden-photo.png"
jalen-reeves-maybin,"https://www.maddenratings.com/wp-content/uploads/jalen-reeves-maybin.png"
ryan-bates,"https://www.maddenratings.com/wp-content/uploads/ryan-bates-20538-madden-photo.png"
jakob-johnson,"https://www.maddenratings.com/wp-content/uploads/jakob-johnson-20862-madden-photo.png"
jaquelin-roy,"https://www.maddenratings.com/wp-content/uploads/jaquelin-roy-22923-madden-photo.png"
kendall-lamm,"https://www.maddenratings.com/wp-content/uploads/kendall-lamm-2807-madden-photo.png"
marcedes-lewis,"https://www.maddenratings.com/wp-content/uploads/marcedes-lewis.png"
krys-barnes,"https://www.maddenratings.com/wp-content/uploads/krys-barnes.png"
harrison-bryant,"https://www.maddenratings.com/wp-content/uploads/harrison-bryant-21093-madden-photo.png"
dante-pettis,"https://www.maddenratings.com/wp-content/uploads/dante-pettis-13222-madden-photo.png"
mike-edwards,"https://www.maddenratings.com/wp-content/uploads/mike-edwards-20457-madden-photo.png"
zah-frazier,"https://www.maddenratings.com/wp-content/uploads/zah-frazier-15301-madden-photo.png"
victor-dimukeje,"https://www.maddenratings.com/wp-content/uploads/victor-dimukeje-21869-madden-photo.png"
sam-mustipher,"https://www.maddenratings.com/wp-content/uploads/sam-mustipher-20833-madden-photo.png"
zach-cunningham,"https://www.maddenratings.com/wp-content/uploads/zach-cunningham-12581-madden-photo.png"
yosuah-nijman,"https://www.maddenratings.com/wp-content/uploads/yosh-nijman-20677-madden-photo.png"
dernest-johnson,"https://www.maddenratings.com/wp-content/uploads/dernest-johnson.png"
george-odum,"https://www.maddenratings.com/wp-content/uploads/george-odum.png"
artie-burns,"https://www.maddenratings.com/wp-content/uploads/artie-burns-17657-madden-photo.png"
khalen-saunders,"https://www.maddenratings.com/wp-content/uploads/khalen-saunders-20409-madden-photo.png"
russell-wilson,"https://www.maddenratings.com/wp-content/uploads/russell-wilson-11217-madden-photo.png"
pharaoh-brown,"https://www.maddenratings.com/wp-content/uploads/pharaoh-brown-12673-madden-photo.png"
jermaine-burton,"https://www.maddenratings.com/wp-content/uploads/jermaine-burton-14654-madden-photo.png"
hassan-haskins,"https://www.maddenratings.com/wp-content/uploads/hassan-haskins-22053-madden-photo.png"
dee-eskridge,"https://www.maddenratings.com/wp-content/uploads/dee-eskridge-21614-madden-photo.png"
david-bell,"https://www.maddenratings.com/wp-content/uploads/david-bell-22070-madden-photo.png"
joseph-noteboom,"https://www.maddenratings.com/wp-content/uploads/joe-noteboom-13190-madden-photo.png"
pat-odonnell,"https://www.maddenratings.com/wp-content/uploads/pat-odonnell.png"
cam-smith,"https://www.maddenratings.com/wp-content/uploads/cam-smith-22708-madden-photo.png"
kenyon-green,"https://www.maddenratings.com/wp-content/uploads/kenyon-green-22341-madden-photo.png"
dare-ogunbowale,"https://www.maddenratings.com/wp-content/uploads/dare-ogunbowale-12799-madden-photo.png"
brad-robbins,"https://www.maddenratings.com/wp-content/uploads/brad-robbins-23115-madden-photo.png"
james-proche,"https://www.maddenratings.com/wp-content/uploads/james-proche-ii-21082-madden-photo.png"
joshua-dobbs,"https://www.maddenratings.com/wp-content/uploads/joshua-dobbs-12708-madden-photo.png"
matthew-wright,"https://www.maddenratings.com/wp-content/uploads/matthew-wright-20772-madden-photo.png"
jihad-ward,"https://www.maddenratings.com/wp-content/uploads/jihad-ward-17692-madden-photo.png"
bryce-ford-wheaton,"https://www.maddenratings.com/wp-content/uploads/bryce-ford-wheaton-4362227-madden-photo.png"
jakobie-keeney-james,"https://www.maddenratings.com/wp-content/uploads/jakobie-keeney-james-4787.png"
jacob-phillips,"https://www.maddenratings.com/wp-content/uploads/jacob-phillips-20997-madden-photo.png"
tre-flowers,"https://www.maddenratings.com/wp-content/uploads/tre-flowers-13299-madden-photo.png"
jalyn-armour-davis,"https://www.maddenratings.com/wp-content/uploads/jalyn-armour-davis-22254-madden-photo.png"
craig-reynolds,"https://www.maddenratings.com/wp-content/uploads/craig-reynolds-20882-madden-photo.png"
sheldon-day,"https://www.maddenratings.com/wp-content/uploads/sheldon-day-17739-madden-photo.png"
owen-wright,"https://www.maddenratings.com/wp-content/uploads/owen-wright-4249616-madden-photo.png"
dj-james,"https://www.maddenratings.com/wp-content/uploads/dj-james-14943-madden-photo.png"
neville-hewitt,"https://www.maddenratings.com/wp-content/uploads/neville-hewitt.png"
damon-arnette,"https://www.maddenratings.com/wp-content/uploads/damon-arnette-madden-photo-21262.png"
troy-reeder,"https://www.maddenratings.com/wp-content/uploads/troy-reeder-20838-madden-photo.png"
cj-goodwin,"https://www.maddenratings.com/wp-content/uploads/cj-goodwin-2700-madden-photo.png"
christopher-smith-ii,"https://www.maddenratings.com/wp-content/uploads/christopher-smith-ii-22244-madden-photo.png"
jimmy-garoppolo,"https://www.maddenratings.com/wp-content/uploads/jimmy-garoppolo-10866-madden-photo.png"
cory-trice-jr,"https://www.maddenratings.com/wp-content/uploads/cory-trice-jr-23149-madden-photo.png"
charley-hughlett,"https://www.maddenratings.com/wp-content/uploads/charley-hughlett-2769-madden-photo.png"
kurt-hinish,"https://www.maddenratings.com/wp-content/uploads/kurt-hinish-22634-madden-photo.png"
donald-parham-jr,"https://www.maddenratings.com/wp-content/uploads/donald-parham-20436-madden-photo.png"
liam-eichenberg,"https://www.maddenratings.com/wp-content/uploads/liam-eichenberg-21650-madden-photo.png"
kris-boyd,"https://www.maddenratings.com/wp-content/uploads/kris-boyd-20449-madden-photo.png"
jacob-bobenmoyer,"https://www.maddenratings.com/wp-content/uploads/jacob-bobenmoyer-24435-madden-photo.png"
perrion-winfrey,"https://www.maddenratings.com/wp-content/uploads/perrion-winfrey-22165-madden-photo.png"
parry-nickerson,"https://www.maddenratings.com/wp-content/uploads/parry-nickerson-13271-madden-photo.png"
brian-asamoah,"https://www.maddenratings.com/wp-content/uploads/brian-asamoah-ii-22190-madden-photo.png"
irv-smith-jr,"https://www.maddenratings.com/wp-content/uploads/irv-smith-jr-20519-madden-photo.png"
thayer-munford,"https://www.maddenratings.com/wp-content/uploads/thayer-munford-jr-21844-madden-photo.png"
chris-lammons,"https://www.maddenratings.com/wp-content/uploads/chris-lammons.png"
casey-washington,"https://www.maddenratings.com/wp-content/uploads/casey-washington-4428796-madden-photo.png"
blake-hance,"https://www.maddenratings.com/wp-content/uploads/blake-hance-21479-madden-photo.png"
max-scharping,"https://www.maddenratings.com/wp-content/uploads/max-scharping-20364-madden-photo.png"
malik-heath,"https://www.maddenratings.com/wp-content/uploads/malik-heath-23126-madden-photo.png"
janarius-robinson,"https://www.maddenratings.com/wp-content/uploads/janarius-robinson-21515-madden-photo.png"
kenneth-murray-jr,"https://www.maddenratings.com/wp-content/uploads/kenneth-murray-jr-20998-madden-photo.png"
desmond-ridder,"https://www.maddenratings.com/wp-content/uploads/desmond-ridder-22047-madden-photo.png"
lucas-niang,"https://www.maddenratings.com/wp-content/uploads/lucas-niang-21296-madden-photo.png"
jake-mcquaide,"https://www.maddenratings.com/wp-content/uploads/jake-mcquaide.png"
sam-webb,"https://www.maddenratings.com/wp-content/uploads/sam-webb-22271-madden-photo.png"
byron-cowart,"https://www.maddenratings.com/wp-content/uploads/byron-cowart-20440-madden-photo.png"
jude-mcatamney,"https://www.maddenratings.com/wp-content/uploads/jude-mcatamney-5092436-madden-photo.png"
quinton-bell,"https://www.maddenratings.com/wp-content/uploads/quinton-bell-20743-madden-photo.png"
buddy-johnson,"https://www.maddenratings.com/wp-content/uploads/buddy-johnson.png"
demarvin-leal,"https://www.maddenratings.com/wp-content/uploads/demarvin-leal-22143-madden-photo.png"
deon-bush,"https://www.maddenratings.com/wp-content/uploads/deon-bush-17751-madden-photo.png"
jeremiah-moon,"https://www.maddenratings.com/wp-content/uploads/jeremiah-moon.png"
patrick-johnson,"https://www.maddenratings.com/wp-content/uploads/patrick-johnson-21879-madden-photo.png"
brodric-martin,"https://www.maddenratings.com/wp-content/uploads/brodric-martin-22942-madden-photo.png"
chris-board,"https://www.maddenratings.com/wp-content/uploads/chris-board-13850-madden-photo.png"
trayveon-williams,"https://www.maddenratings.com/wp-content/uploads/trayveon-williams.png"
josiah-deguara,"https://www.maddenratings.com/wp-content/uploads/josiah-deguara-21094-madden-photo.png"
cooper-rush,"https://www.maddenratings.com/wp-content/uploads/cooper-rush-12931-madden-photo.png"
isaiah-johnson,"https://www.maddenratings.com/wp-content/uploads/isaiah-johnson-4779.png"
elijah-garcia,"https://www.maddenratings.com/wp-content/uploads/elijah-garcia-22562-madden-photo.png"
keith-taylor,"https://www.maddenratings.com/wp-content/uploads/keith-taylor-21706-madden-photo.png"
markees-watts,"https://www.maddenratings.com/wp-content/uploads/markees-watts-4373706-madden-photo.png"
ajani-carter,"https://www.maddenratings.com/wp-content/uploads/ajani-carter-4429379-madden-photo.png"
cornell-armstrong,"https://www.maddenratings.com/wp-content/uploads/cornell-armstrong.png"
trent-taylor,"https://www.maddenratings.com/wp-content/uploads/trent-taylor.png"
geron-christian-sr,"https://www.maddenratings.com/wp-content/uploads/geron-christian-sr.png"
alex-bachman,"https://www.maddenratings.com/wp-content/uploads/alex-bachman-20806-madden-photo.png"
jake-curhan,"https://www.maddenratings.com/wp-content/uploads/jake-curhan-21546-madden-photo.png"
dj-montgomery,"https://www.maddenratings.com/wp-content/uploads/DJ-Montgomery.png"
mark-robinson,"https://www.maddenratings.com/wp-content/uploads/mark-robinson-22502-madden-photo.png"
nick-vannett,"https://www.maddenratings.com/wp-content/uploads/nick-vannett.png"
mike-white,"https://www.maddenratings.com/wp-content/uploads/mike-white-13250-madden-photo.png"
calvin-anderson,"https://www.maddenratings.com/wp-content/uploads/calvin-anderson-20365-madden-photo.png"
dom-jones,"https://www.maddenratings.com/wp-content/uploads/Dom-Jones.png"
trishton-jackson,"https://www.maddenratings.com/wp-content/uploads/trishton-jackson-4046715-madden-photo.png"
jamarco-jones,"https://www.maddenratings.com/wp-content/uploads/jamarco-jones-13181-madden-photo.png"
baylon-spector,"https://www.maddenratings.com/wp-content/uploads/baylon-spector-22412-madden-photo.png"
josh-woods,"https://www.maddenratings.com/wp-content/uploads/josh-woods-13893-madden-photo.png"
jordan-colbert,"https://www.maddenratings.com/wp-content/uploads/jordan-colbert-4367504-madden-photo.png"
john-fitzpatrick,"https://www.maddenratings.com/wp-content/uploads/john-fitzpatrick-22345-madden-photo.png"
reuben-lowery-iii,"https://www.maddenratings.com/wp-content/uploads/reuben-lowery-iii-4692970-madden-photo.png"
yodny-cajuste,"https://www.maddenratings.com/wp-content/uploads/yodny-cajuste.png"
hakeem-adeniji,"https://www.maddenratings.com/wp-content/uploads/hakeem-adeniji-21108-madden-photo.png"
john-stephens-jr,"https://www.maddenratings.com/wp-content/uploads/john-stephens-jr-4362489-madden-photo.png"
jermar-jefferson,"https://www.maddenratings.com/wp-content/uploads/jermar-jefferson.png"
ross-dwelley,"https://www.maddenratings.com/wp-content/uploads/ross-dwelley-13740-madden-photo.png"
ty-summers,"https://www.maddenratings.com/wp-content/uploads/ty-summers-20698-madden-photo.png"
pat-oconnor,"https://www.maddenratings.com/wp-content/uploads/pat-oconnor-12872-madden-photo.png"
cal-adomitis,"https://www.maddenratings.com/wp-content/uploads/cal-adomitis-22250-madden-photo.png"
jake-haener,"https://www.maddenratings.com/wp-content/uploads/jake-haener-22715-madden-photo.png"
aaron-brewer-ls,"https://www.maddenratings.com/wp-content/uploads/aaron-brewer-11836-madden-photo.png"
jalin-conyers,"https://www.maddenratings.com/wp-content/uploads/jalin-conyers-15112-madden-photo.png"
jj-russell,"https://www.maddenratings.com/wp-content/uploads/jj-russell.png"
clayton-tune,"https://www.maddenratings.com/wp-content/uploads/clayton-tune-22722-madden-photo.png"
cj-brewer,"https://www.maddenratings.com/wp-content/uploads/cj-brewer-22675-madden-photo.png"
tarron-jackson,"https://www.maddenratings.com/wp-content/uploads/tarron-jackson-21505-madden-photo.png"
matt-lee,"https://www.maddenratings.com/wp-content/uploads/matt-lee-1161-madden-photo.png"
john-wolford,"https://www.maddenratings.com/wp-content/uploads/john-wolford-21367-madden-photo.png"
jeff-driskel,"https://www.maddenratings.com/wp-content/uploads/jeff-driskel.png"
andre-baccellia,"https://www.maddenratings.com/wp-content/uploads/andre-baccellia-22616-madden-photo.png"
travis-vokolek,"https://www.maddenratings.com/wp-content/uploads/travis-vokolek.png"
amen-ogbongbemiga,"https://www.maddenratings.com/wp-content/uploads/amen-ogbongbemiga-21905-madden-photo.png"
caleb-johnson,"https://www.maddenratings.com/wp-content/uploads/caleb-johnson-21985-madden-photo.png"
tucker-fisk,"https://www.maddenratings.com/wp-content/uploads/tucker-fisk-4242558-madden-photo.png"
zeke-correll,"https://www.maddenratings.com/wp-content/uploads/zeke-correll-4426414-madden-photo.png"
ezekiel-turner,"https://www.maddenratings.com/wp-content/uploads/ezekiel-turner-13711-madden-photo.png"
brett-rypien,"https://www.maddenratings.com/wp-content/uploads/brett-rypien-20331-madden-photo.png"
lecitus-smith,"https://www.maddenratings.com/wp-content/uploads/lecitus-smith.png"
tyree-jackson,"https://www.maddenratings.com/wp-content/uploads/tyree-jackson-20428-madden-photo.png"
kion-smith,"https://www.maddenratings.com/wp-content/uploads/kion-smith-4058521-madden-photo.png"
matt-nelson,"https://www.maddenratings.com/wp-content/uploads/matt-nelson-20791-madden-photo.png"
