team,name,position,positionFull,jersey,archetype,ovr,age,dateOfBirth,nationality,college,yearsPro,draftYear,draftPickOverall,draftedByTeam,Speed,Acceleration,Strength,Agility,Awareness,Jumping,Injury,Stamina,Toughness,Throw Power,Throw Under Pressure,Throw Accuracy Short,Throw Accuracy Mid,Throw Accuracy Deep,Throw on the Run,Play Action,Catching,Spectacular Catch,Catch in Traffic,Route Running Short,Route Running Medium,Route Running Deep,Release,Carrying,Break Tackle,Trucking,Change of Direction,BC Vision,Stiff Arm,Spin Move,Juke Move,Break Sack,Tackle,Power Moves,Finesse Moves,Block Shedding,Pursuit,Play Recognition,Man Coverage,Zone Coverage,Hit Power,Press,Run Block,Pass Block,Impact Blocking,Run Block Power,Run Block Finesse,Pass Block Power,Pass Block Finesse,Lead Block,Kick Power,Kick Accuracy,Kick Return,Total Attributes,abilitiesRaw,url
Arizona Cardinals,Trey McBride,TE,Tight End,85,Vertical Threat,99,26,"November 22, 1999",United States,Colorado St.,5,2022,55,Arizona Cardinals,88,90,76,84,99,94,93,97,87,33,10,15,10,6,10,6,99,92,93,88,83,78,85,75,80,71,79,88,77,75,78,17,38,25,29,45,41,32,15,20,32,10,64,62,67,60,63,61,62,52,22,20,35,3011,"YAC 'Em Up The best physical receivers don't just come down with the ball, they carry it home. When they enter the zone, they are nearly guaranteed to break their first post-catch tackle. Deep In Elite Receivers with this ability catch more consistently while catching passes less than 20+ yards from the LoS, inside the numbers Mid Out Elite Receivers with this ability catch more consistently while catching passes less than 10-20 yards from the LoS, outside the numbers Short In Elite Receivers with this ability catch more consistently while catching passes less than 10 yards from the LoS, inside the numbers",https://www.maddenratings.com/trey-mcbride
Arizona Cardinals,Budda Baker,SS,Strong Safety,3,Run Support,90,30,"January 10, 1996",United States,Washington,10,2017,36,Arizona Cardinals,90,90,72,89,91,86,91,96,93,25,17,15,10,10,15,15,75,75,71,51,41,36,47,72,57,36,89,76,36,72,81,27,80,46,53,62,91,90,77,80,89,77,35,35,68,35,35,35,35,23,20,20,66,2999,"Reinforcement The game's top defenders excel in all situations. When they enter the zone, this ability increases their chance of defeating run blocks, and disrupting catches via tackles. Mid Zone KO Defenders with this ability have a slightly improved chance to force catch knockouts and react quicker in any mid-field zone coverage, less than 20 yards from the LoS inside the numbers and 10-20 outside. Secure Tackler Defenders with this ability have an increased chance to avoid fakeouts. Flat Zone KO Defenders with this ability have a slightly improved chance to force catch knockouts and react quicker in any flat zone coverage, less than 10 yards from the LoS and outside the hash marks.",https://www.maddenratings.com/budda-baker
Arizona Cardinals,Paris Johnson Jr.,LT,Left Tackle,70,Pass Protector,86,25,"July 3, 2001",United States,Ohio State,4,,,,73,80,89,75,86,79,93,87,87,22,10,6,6,6,6,6,32,23,26,21,12,10,13,35,15,25,58,15,21,10,10,12,40,44,40,46,35,35,10,12,41,10,83,89,89,80,85,89,87,88,30,26,10,2218,,https://www.maddenratings.com/paris-johnson-jr
Arizona Cardinals,Josh Sweat,REDG,Right Edge,10,Smaller Speed Rusher,85,29,"March 29, 1997",United States,Florida State,9,2018,130,Philadelphia Eagles,85,89,81,82,88,90,91,81,84,20,18,6,6,6,6,6,50,30,28,15,8,4,16,47,25,27,69,35,42,26,35,12,88,77,84,81,84,86,37,49,78,28,45,45,89,45,45,45,45,18,19,12,10,2418,"Edge Threat Defenders with this ability are slightly more likely to use faster, more dominant pass rush moves while rushing from the edge of the defense, and have more favorable disengage angles. Extra Credit Pass rushers with this ability pay a slightly reduced stamina cost for each move they attempt",https://www.maddenratings.com/josh-sweat
Arizona Cardinals,Hjalte Froholdt,C,Center,72,Power,83,29,"August 20, 1996",Denmark,Arkansas,8,2019,118,New England Patriots,72,67,91,66,85,69,89,94,86,10,10,6,6,6,6,6,42,30,25,21,16,12,22,30,14,28,54,21,21,10,19,12,44,28,21,42,39,45,11,12,30,10,85,84,82,87,82,85,83,86,30,20,10,2162,,https://www.maddenratings.com/hjalte-froholdt
Arizona Cardinals,Jeremiyah Love,,,4,Elusive Back,82,21,"May 31, 2005",United States,Notre Dame,,2026,3,Arizona Cardinals,94,94,76,92,71,94,92,89,90,31,26,21,17,15,28,23,68,53,52,65,60,53,58,94,81,81,94,83,75,78,84,30,38,28,25,35,42,38,33,41,38,38,38,49,38,28,24,27,22,31,23,22,68,2788,,https://www.maddenratings.com/jeremiyah-love
Arizona Cardinals,Isaac Seumalo,LG,Left Guard,73,Power,81,32,"October 29, 1993",United States,Oregon State,11,2016,79,Philadelphia Eagles,68,71,84,66,87,66,84,87,81,24,10,6,6,6,6,6,20,12,10,10,5,5,12,29,8,20,53,10,10,10,10,12,33,40,30,35,31,30,15,20,48,10,81,83,87,83,79,86,78,83,22,21,10,1999,,https://www.maddenratings.com/isaac-seumalo
Arizona Cardinals,Michael Wilson,WR,Wide Receiver,14,,81,26,"February 23, 2000",United States,Stanford,4,2023,94,Arizona Cardinals,89,90,72,89,83,93,86,86,80,33,20,25,20,15,15,10,90,89,90,80,80,76,80,72,77,64,85,79,74,73,76,24,42,10,10,33,39,15,10,15,37,17,53,32,52,36,31,25,23,34,25,24,60,2738,,https://www.maddenratings.com/michael-wilson
Arizona Cardinals,Tyler Allgeier,HB,Halfback,22,Power Back,81,26,"April 15, 2000",United States,BYU,5,2022,151,Atlanta Falcons,85,88,80,82,82,80,91,85,87,30,17,20,15,10,18,16,67,43,45,54,47,38,42,99,90,86,78,84,80,74,80,25,40,21,17,34,44,26,17,25,43,19,41,65,45,27,34,35,30,44,18,13,68,2624,,https://www.maddenratings.com/tyler-allgeier
Arizona Cardinals,James Conner,HB,Halfback,6,Power Back,80,31,"May 5, 1995",United States,Pittsburgh,10,2017,105,Pittsburgh Steelers,88,86,83,80,78,76,80,90,92,23,11,18,14,10,20,10,68,69,54,67,60,53,65,89,88,90,78,88,86,76,84,20,33,30,49,28,35,17,10,15,37,15,53,65,49,40,41,45,39,52,18,16,55,2736,,https://www.maddenratings.com/james-conner
Arizona Cardinals,Mack Wilson,MIKE,Mike Backer,1,Field General,80,28,"February 14, 1998",United States,Alabama,8,2019,155,Cleveland Browns,86,86,79,79,88,80,85,88,88,52,30,48,38,30,25,27,71,65,59,21,11,6,17,59,33,36,71,52,42,39,54,27,83,67,73,74,86,86,66,69,85,52,45,45,85,45,45,45,45,26,15,14,10,2833,,https://www.maddenratings.com/mack-wilson
Arizona Cardinals,Marvin Harrison Jr.,WR,Wide Receiver,18,,80,23,"August 11, 2002",United States,Ohio State,3,2024,4,Arizona Cardinals,91,93,57,91,82,93,86,90,88,27,23,15,10,6,10,6,84,86,84,81,82,79,78,75,74,39,93,87,55,73,80,22,24,12,18,15,24,28,17,25,19,19,45,22,38,20,13,18,15,21,25,15,50,2523,,https://www.maddenratings.com/marvin-harrison-jr
Arizona Cardinals,Garrett Williams,CB,Cornerback,21,Zone,78,25,"June 1, 2001",United States,Syracuse,4,2023,72,Arizona Cardinals,88,90,63,90,80,87,86,87,84,51,35,52,48,44,51,45,72,66,59,24,14,11,20,55,67,35,90,65,35,68,73,53,64,27,36,57,77,81,76,81,72,81,25,25,46,33,34,33,34,17,18,17,67,2889,,https://www.maddenratings.com/garrett-williams
Arizona Cardinals,Walter Nolen,DT,Defensive Tackle,97,,78,22,"October 14, 2003",United States,Ole Miss,2,2025,16,Arizona Cardinals,81,88,87,81,75,81,90,79,90,22,13,15,10,7,18,14,41,33,31,20,16,12,14,43,27,31,71,35,36,28,32,19,83,78,68,80,80,73,18,22,79,21,45,45,82,45,45,45,45,22,23,18,29,2386,Quick Jump Players with this ability have a slightly reduced stamina cost and slightly longer perfect window for jumping snaps.,https://www.maddenratings.com/walter-nolen
Arizona Cardinals,Kendrick Bourne,WR,Wide Receiver,17,Slot,77,31,"August 4, 1995",United States,Eastern Wash.,10,,,,87,90,65,87,84,88,89,84,82,44,30,34,31,27,35,15,83,84,84,79,78,77,80,74,76,42,84,84,46,76,82,22,27,11,11,22,32,21,16,24,15,16,56,48,42,20,13,21,19,22,23,22,67,2671,,https://www.maddenratings.com/kendrick-bourne
Arizona Cardinals,Sean Murphy-Bunting,CB,Cornerback,23,Man to Man,77,29,"June 19, 1997",United States,Central Michigan,8,2019,39,Tampa Bay Buccaneers,90,91,59,87,82,94,88,90,83,29,10,6,6,6,6,6,76,72,63,42,34,28,40,63,62,37,87,72,38,69,74,10,47,28,37,59,75,80,78,75,62,74,25,25,57,35,35,35,35,18,26,26,60,2692,,https://www.maddenratings.com/sean-murphy-bunting
Arizona Cardinals,Trey Benson,HB,Halfback,33,Elusive Back,77,24,"July 23, 2002",United States,Florida State,3,2024,66,Arizona Cardinals,93,94,77,85,67,83,84,86,82,29,20,25,20,15,24,20,70,53,52,65,59,55,56,95,82,79,86,79,79,79,85,32,49,26,31,42,47,37,27,34,47,29,43,55,40,27,30,33,30,36,18,14,77,2782,,https://www.maddenratings.com/trey-benson
Arizona Cardinals,Will Johnson,CB,Cornerback,2,Zone,77,23,"March 29, 2003",United States,Michigan,2,2025,47,Arizona Cardinals,89,90,62,86,84,89,81,83,81,14,10,6,6,6,6,6,77,73,66,41,38,41,46,69,59,41,83,79,43,69,76,12,57,34,42,49,74,83,73,79,71,74,25,25,52,25,35,25,35,25,27,21,53,2696,,https://www.maddenratings.com/will-johnson
Arizona Cardinals,Andrew Wingard,FS,Free Safety,27,Zone,76,29,"December 5, 1996",United States,Wyoming,8,,,,88,89,55,85,80,87,89,89,88,35,12,15,10,10,15,15,71,61,43,35,25,10,15,74,54,74,82,70,46,63,71,15,67,57,45,53,79,78,64,77,84,63,35,40,60,45,40,35,35,21,15,19,30,2713,,https://www.maddenratings.com/andrew-wingard
Arizona Cardinals,Zaven Collins,LEDG,Left Edge,25,,76,27,"May 19, 1999",United States,Tulsa,6,2021,16,Arizona Cardinals,88,87,76,81,74,84,92,83,85,40,37,40,34,31,42,26,73,63,64,20,10,5,12,56,31,52,73,49,47,36,34,45,85,76,67,79,87,72,65,72,87,46,45,45,82,45,45,45,45,26,19,17,10,2830,,https://www.maddenratings.com/zaven-collins
Arizona Cardinals,Chad Ryland,K,Kicker,38,Power,75,26,"October 15, 1999",United States,Maryland,4,2023,112,New England Patriots,73,74,40,60,61,66,92,84,63,34,15,35,30,25,22,20,35,12,10,10,10,10,12,32,9,10,55,10,10,10,10,14,24,10,10,13,30,10,12,12,15,10,12,10,15,12,12,10,10,10,94,83,10,1477,,https://www.maddenratings.com/chad-ryland
Arizona Cardinals,Chase Bisontis,RG,Right Guard,57,Agile,75,22,"June 10, 2004",,Texas AM,,,,,72,74,89,66,75,78,91,84,89,14,11,6,6,6,6,6,29,24,17,16,5,5,11,27,10,23,55,14,16,10,10,14,34,10,10,18,28,23,10,12,23,10,77,79,82,75,80,75,77,81,25,27,10,1925,,https://www.maddenratings.com/chase-bisontis
Arizona Cardinals,Blake Gillikin,P,Punter,12,Power,74,28,"January 21, 1998",United States,Penn State,7,,,,72,75,49,63,54,80,83,81,60,40,14,26,22,16,23,20,35,15,15,15,15,15,15,30,10,12,52,22,15,10,16,17,28,10,10,23,31,26,10,25,12,10,7,9,10,10,10,10,10,7,96,82,10,1533,,https://www.maddenratings.com/blake-gillikin
Arizona Cardinals,Devin Duvernay,WR,Wide Receiver,81,,74,28,"September 12, 1997",United States,Texas,7,2020,92,Baltimore Ravens,93,91,68,85,73,84,91,84,89,44,26,38,28,23,30,24,87,82,82,75,73,72,70,77,79,70,83,85,72,75,81,29,35,10,10,36,40,17,16,20,28,16,50,28,49,31,26,24,21,32,17,12,86,2767,,https://www.maddenratings.com/devin-duvernay
Arizona Cardinals,Kei&#8217;Trel Clark,CB,Cornerback,13,Man to Man,74,25,"March 19, 2001",United States,Louisville,4,2023,180,Arizona Cardinals,92,95,51,90,74,83,85,88,74,26,10,6,6,6,6,6,73,65,57,42,35,36,26,59,77,25,87,80,25,70,79,15,45,21,30,39,68,72,75,70,55,63,21,20,39,21,21,20,20,15,15,11,77,2467,,https://www.maddenratings.com/keitrel-clark
Arizona Cardinals,Max Melton,CB,Cornerback,16,Man to Man,74,24,"April 15, 2002",United States,Rutgers,3,2024,43,Arizona Cardinals,93,94,60,85,69,94,90,88,83,21,8,22,21,15,9,6,77,67,65,25,15,10,35,55,65,30,85,68,40,70,74,10,52,33,37,45,75,72,73,76,73,74,35,25,52,21,21,16,19,21,15,12,65,2561,,https://www.maddenratings.com/max-melton
Arizona Cardinals,Andrew Billings,DT,Defensive Tackle,95,,73,31,"March 6, 1995",United States,Baylor,11,2016,122,Cincinnati Bengals,69,67,89,61,75,69,88,72,78,24,10,6,6,6,6,6,26,16,14,13,5,3,15,28,17,43,50,28,32,17,23,12,83,74,56,76,75,77,18,26,80,13,45,44,82,46,45,44,45,28,23,19,9,2082,,https://www.maddenratings.com/andrew-billings
Arizona Cardinals,Baron Browning,LEDG,Left Edge,5,Power Rusher,73,27,"February 19, 1999",United States,Ohio State,6,2021,105,Denver Broncos,86,91,75,84,71,93,90,86,83,31,24,21,11,11,21,23,50,40,41,17,8,5,13,49,31,37,74,40,42,31,33,23,78,77,69,78,81,70,61,58,85,48,45,45,83,45,45,45,45,22,16,13,10,2554,,https://www.maddenratings.com/baron-browning
Arizona Cardinals,Jordan Burch,LEDG,Left Edge,52,Power Rusher,73,24,"October 10, 2001",United States,Oregon,2,2025,78,Arizona Cardinals,83,85,81,81,72,88,85,83,83,29,15,15,10,9,10,15,52,43,29,17,10,5,15,52,32,32,72,43,40,39,51,12,82,73,66,75,79,68,38,45,82,35,45,45,81,45,45,45,45,25,21,23,35,2486,,https://www.maddenratings.com/jordan-burch
Arizona Cardinals,BJ Ojulari,REDG,Right Edge,9,Smaller Speed Rusher,72,24,"April 5, 2002",United States,LSU,4,2023,41,Arizona Cardinals,86,91,75,84,61,81,85,78,76,19,10,6,6,6,6,6,29,22,21,10,7,5,12,30,13,26,73,24,34,35,41,14,76,66,74,68,84,62,41,50,84,42,49,49,71,45,50,48,51,45,22,21,10,2280,,https://www.maddenratings.com/bj-ojulari
Arizona Cardinals,Dadrion Taylor-Demerson,FS,Free Safety,42,Hybrid,72,25,"January 20, 2001",United States,Texas Tech,3,2024,104,Arizona Cardinals,92,93,57,85,67,90,89,85,84,31,8,25,20,14,21,9,70,64,66,52,45,39,44,71,74,54,86,79,48,72,78,22,69,27,32,51,75,69,69,73,74,67,25,22,49,15,19,14,15,19,12,11,55,2696,,https://www.maddenratings.com/dadrion-taylor-demerson
Arizona Cardinals,Isaiah Oliver,SS,Strong Safety,34,Hybrid,72,29,"September 30, 1996",United States,Colorado,9,2018,58,Atlanta Falcons,89,87,59,83,73,93,85,91,85,40,16,6,6,6,6,6,76,71,66,54,48,42,49,73,61,23,86,71,25,69,77,17,61,22,31,39,74,71,74,71,46,77,35,35,43,35,35,35,35,18,19,13,77,2685,,https://www.maddenratings.com/isaiah-oliver
Arizona Cardinals,Jacoby Brissett,QB,Quarterback,7,Field General,72,33,"December 11, 1992",United States,N.C. State,11,2016,91,New England Patriots,81,74,73,77,64,72,91,90,90,90,81,88,85,81,80,81,27,20,20,18,17,15,19,61,70,63,71,80,48,60,62,61,39,9,9,21,28,21,12,18,11,9,16,17,31,10,10,14,18,36,21,20,14,2394,,https://www.maddenratings.com/jacoby-brissett
Arizona Cardinals,Jack Gibbens,WILL,Weak Backer,50,Run Stopper,72,27,"November 24, 1998",United States,Minnesota,5,,,,86,84,68,78,72,82,92,87,89,23,5,9,7,6,7,6,58,45,41,15,9,5,15,52,23,39,77,51,35,26,38,15,86,56,47,70,82,73,59,69,82,43,45,40,82,40,40,35,35,35,12,14,10,2400,,https://www.maddenratings.com/jack-gibbens
Arizona Cardinals,Matt Pryor,RG,Right Guard,76,Power,72,31,"December 16, 1994",United States,TCU,9,2018,206,Philadelphia Eagles,59,52,86,56,77,63,87,81,85,19,13,6,6,6,6,6,23,15,15,10,5,5,12,21,18,24,48,12,21,15,17,12,27,21,17,22,25,14,10,12,30,10,75,76,84,72,78,79,73,82,17,13,10,1828,,https://www.maddenratings.com/matt-pryor
Arizona Cardinals,Roy Lopez,DT,Defensive Tackle,51,,72,29,"August 7, 1997",United States,Arizona,6,2021,195,Houston Texans,66,67,90,69,74,76,90,78,86,21,16,6,6,6,6,6,22,12,13,10,8,5,12,23,20,30,59,14,27,16,17,12,78,75,67,76,75,78,12,19,74,11,45,45,82,45,45,45,45,29,17,13,15,2054,,https://www.maddenratings.com/roy-lopez
Arizona Cardinals,Dante Stills,DT,Defensive Tackle,55,,71,26,"December 14, 1999",United States,West Virginia,4,2023,213,Arizona Cardinals,76,83,80,71,74,71,91,81,84,25,12,19,15,10,15,9,44,39,39,15,14,12,15,40,22,35,60,25,30,30,35,21,78,74,68,78,77,71,23,28,78,20,40,35,71,40,40,35,35,24,10,8,10,2235,,https://www.maddenratings.com/dante-stills
Arizona Cardinals,Denzel Burke,CB,Cornerback,29,Zone,71,23,"October 10, 2002",United States,Ohio State,2,2025,174,Arizona Cardinals,90,92,61,84,73,85,85,90,83,22,13,21,17,13,10,18,71,66,59,28,27,28,33,56,49,29,82,69,41,64,71,18,51,32,35,52,75,72,71,75,68,67,35,35,53,25,35,25,35,24,33,25,77,2648,,https://www.maddenratings.com/denzel-burke
Arizona Cardinals,Elijah Wilkinson,RT,Right Tackle,65,,71,31,"February 10, 1995",United States,Massachusetts,10,,,,69,55,85,60,79,71,86,86,83,32,12,6,6,6,6,6,26,20,15,10,5,5,12,20,10,33,44,24,36,25,30,12,37,30,20,33,38,24,10,12,35,10,77,73,80,75,79,71,75,75,25,22,10,1986,,https://www.maddenratings.com/elijah-wilkinson
Arizona Cardinals,Elijah Jones,CB,Cornerback,28,Man to Man,71,26,"January 8, 2000",United States,Boston College,3,2024,90,Arizona Cardinals,91,93,48,82,61,96,87,85,84,23,12,21,19,15,23,14,77,72,65,23,16,10,15,57,65,33,86,70,47,66,71,21,65,29,35,43,74,60,73,68,63,74,34,26,55,25,26,15,19,14,11,10,35,2502,,https://www.maddenratings.com/elijah-jones
Arizona Cardinals,Andre Szmyt,DT,Defensive Tackle,94,,71,22,"April 26, 2004",United States,SE Louisiana,,,,,79,82,83,62,71,80,88,73,85,23,10,6,6,6,6,6,23,16,12,11,10,3,15,46,17,36,57,30,27,15,21,12,81,73,70,77,78,70,14,17,77,12,45,45,85,45,45,45,45,25,17,17,10,2110,,https://www.maddenratings.com/andre-szmyt
Arizona Cardinals,Zonovan Knight,HB,Halfback,20,Elusive Back,70,25,"April 11, 2001",United States,N.C. State,5,,,,88,88,69,84,73,80,88,79,85,25,11,30,25,15,10,10,66,59,56,59,51,44,44,83,81,77,86,76,67,78,80,24,36,10,12,20,33,24,10,12,35,10,35,49,29,31,33,32,34,26,17,15,78,2472,,https://www.maddenratings.com/zonovan-knight
Arizona Cardinals,Casey Kreiter,LS,Long Snapper,59,Accurate,70,35,"August 13, 1990",United States,Iowa,13,,,,71,70,67,67,61,78,92,80,82,10,10,10,10,10,10,10,62,45,47,50,45,40,42,64,15,22,62,20,15,10,16,10,49,24,16,45,42,13,22,19,59,10,48,57,68,40,35,50,40,53,11,14,10,2028,,https://www.maddenratings.com/casey-kreiter
Arizona Cardinals,Cody Simon,,,,Run Stopper,70,24,"April 1, 2002",United States,Ohio State,2,2025,115,Arizona Cardinals,87,93,73,77,71,81,88,87,88,23,12,6,6,6,6,6,64,58,56,33,28,25,31,61,38,43,74,53,47,51,56,22,80,56,58,67,81,69,57,63,79,46,45,45,71,45,45,45,45,25,23,21,10,2626,,https://www.maddenratings.com/cody-simon
Arizona Cardinals,Darius Robinson,DT,Defensive Tackle,56,,70,24,"September 13, 2001",United States,Missouri,3,2024,27,Arizona Cardinals,74,77,87,77,71,84,87,79,85,17,16,12,19,27,13,11,25,21,25,10,8,6,10,29,23,16,58,24,28,14,17,23,78,73,68,72,75,72,32,33,80,25,40,35,81,40,40,35,35,23,24,21,8,2163,,https://www.maddenratings.com/darius-robinson
Arizona Cardinals,Gardner Minshew II,QB,Quarterback,15,,70,30,"May 16, 1996",United States,Wash. St.,9,2019,178,Jacksonville Jaguars,80,82,62,77,69,81,92,80,95,86,81,86,82,78,83,82,26,15,16,15,14,12,15,60,57,34,75,74,33,63,64,80,31,10,10,24,32,16,13,12,31,10,23,15,25,22,16,18,14,14,20,16,13,2334,,https://www.maddenratings.com/gardner-minshew-ii
Arizona Cardinals,Isaiah Adams,RG,Right Guard,74,Agile,70,26,"July 21, 2000",Canada,Illinois,3,2024,71,Arizona Cardinals,65,70,86,59,69,63,91,85,90,31,14,31,24,22,15,21,32,15,37,21,15,14,13,29,35,42,56,33,25,26,32,14,40,32,32,37,35,31,11,11,50,11,73,76,82,74,76,76,76,82,15,11,5,2211,,https://www.maddenratings.com/isaiah-adams
Arizona Cardinals,Reggie Virgil,WR,Wide Receiver,82,,70,22,"May 14, 2004",,Texas Tech,,,,,89,91,59,88,58,87,91,83,91,49,33,31,28,25,33,32,78,79,79,71,75,77,73,72,75,47,85,79,61,72,80,34,39,25,28,35,43,34,29,33,37,30,49,29,44,30,34,28,21,28,29,28,56,2814,,https://www.maddenratings.com/reggie-virgil
Arizona Cardinals,Carson Beck,QB,Quarterback,19,Field General,68,24,"November 19, 2001",,Miami,,,,,79,86,62,76,62,81,85,97,92,89,72,87,80,79,81,83,58,31,34,34,25,27,15,65,58,42,70,67,40,59,69,69,28,22,27,33,35,28,23,24,21,16,23,15,39,10,10,15,15,19,20,15,24,2516,,https://www.maddenratings.com/carson-beck
Arizona Cardinals,Elijah Higgins,TE,Tight End,84,Vertical Threat,68,25,"October 27, 2000",United States,Stanford,4,2023,197,Miami Dolphins,89,90,69,81,66,84,92,82,90,25,17,15,10,6,10,6,82,78,77,65,61,60,63,71,68,55,76,79,59,66,72,24,24,10,10,25,30,15,13,20,19,10,51,50,43,49,52,49,47,23,19,18,50,2515,,https://www.maddenratings.com/elijah-higgins
Arizona Cardinals,Jonah Williams,DT,Defensive Tackle,92,,68,30,"August 17, 1995",United States,Weber State,7,,,,77,77,82,72,66,83,90,73,78,23,17,9,9,9,9,9,37,32,27,18,15,12,22,42,35,39,59,30,41,22,24,12,81,70,63,74,73,67,16,20,82,18,45,46,82,45,45,46,46,36,17,13,10,2245,,https://www.maddenratings.com/jonah-williams-lb
Arizona Cardinals,Jon Gaines II,LG,Left Guard,71,Agile,68,26,"May 24, 2000",United States,UCLA,4,2023,122,Arizona Cardinals,72,85,77,72,71,79,90,87,76,20,11,6,6,6,6,6,25,12,10,10,5,5,15,28,10,30,64,25,29,13,15,12,25,24,25,28,24,25,10,12,27,10,69,74,68,67,71,68,78,85,14,12,10,1904,,https://www.maddenratings.com/jon-gaines-ii
Arizona Cardinals,L.J. Collier,DT,Defensive Tackle,91,,68,30,"September 12, 1995",United States,TCU,8,2019,29,Seattle Seahawks,77,75,83,63,71,74,85,72,84,23,10,6,6,6,6,6,40,23,24,12,7,3,13,38,20,32,55,26,30,14,19,12,80,72,65,73,74,68,17,26,82,21,45,45,85,45,45,45,45,18,16,10,10,2102,,https://www.maddenratings.com/lj-collier
Arizona Cardinals,Corey Kiner,HB,Halfback,37,Elusive Back,67,24,"January 21, 2002",United States,Cincinnati,,,,,88,89,73,82,66,85,88,86,87,31,22,22,14,19,16,25,66,51,49,53,50,43,47,87,80,80,79,81,77,72,79,23,32,23,25,32,35,30,24,25,28,23,38,47,43,29,27,36,38,34,16,18,69,2582,,https://www.maddenratings.com/corey-kiner
Arizona Cardinals,Christian Jones,LT,Left Tackle,75,,67,26,"May 12, 2000",United States,Texas,3,2024,162,Arizona Cardinals,71,72,84,54,65,71,92,84,85,16,9,21,15,11,11,11,32,32,34,23,20,17,24,42,15,29,56,10,25,10,10,9,33,40,30,40,35,24,12,10,35,10,74,74,83,70,78,73,72,79,13,10,10,2065,,https://www.maddenratings.com/christian-jones
Arizona Cardinals,Ihmir Smith-Marsette,WR,Wide Receiver,9,,67,26,"August 29, 1999",United States,Iowa,6,2021,157,Minnesota Vikings,89,91,54,82,62,87,89,81,82,63,29,47,42,36,40,24,78,76,76,70,70,72,64,71,71,38,86,81,47,74,76,25,45,11,14,38,46,27,24,32,38,24,44,24,37,27,33,21,19,19,18,12,85,2711,,https://www.maddenratings.com/ihmir-smith-marsette
Arizona Cardinals,Jalen Brooks,WR,Wide Receiver,86,Slot,67,26,"May 7, 2000",United States,South Carolina,4,2023,244,Dallas Cowboys,86,90,61,80,72,84,87,80,82,25,16,20,15,10,19,12,82,81,78,73,72,70,66,71,73,47,81,77,49,70,75,24,28,10,10,25,20,15,12,16,22,15,35,21,32,14,22,30,24,18,19,15,68,2399,,https://www.maddenratings.com/jalen-brooks
Arizona Cardinals,Olisaemeka Udoh,RT,Right Tackle,68,Power,67,29,"February 14, 1997",United States,Elon University,8,,,,69,71,87,64,74,71,91,88,81,18,13,6,6,6,6,6,21,15,15,15,5,5,15,25,9,10,52,10,10,10,10,12,34,32,22,35,36,34,13,20,29,10,72,69,80,74,70,70,67,81,12,11,10,1877,,https://www.maddenratings.com/olisaemeka-udoh
Arizona Cardinals,Owen Pappoe,MIKE,Mike Backer,44,Field General,67,25,"September 29, 2000",United States,Auburn,4,2023,168,Arizona Cardinals,89,92,77,77,65,85,87,84,82,24,14,22,17,12,15,10,62,60,54,15,10,8,15,55,45,42,74,58,50,64,70,22,76,55,60,61,87,61,66,61,86,54,40,35,65,40,40,35,35,24,17,12,30,2596,,https://www.maddenratings.com/owen-pappoe
Arizona Cardinals,Simi Fehoko,WR,Wide Receiver,80,Deep Threat,67,28,"November 5, 1997",United States,Stanford,6,,,,90,88,66,87,69,83,90,81,83,25,18,15,10,10,10,28,81,80,79,68,67,69,69,75,70,44,79,76,48,70,72,24,43,10,10,43,45,26,27,38,39,23,45,37,47,27,24,25,19,28,22,15,40,2557,,https://www.maddenratings.com/simi-fehoko
Arizona Cardinals,Demontrey Jacobs,RT,Right Tackle,67,,66,27,"November 22, 1998",United States,USF,4,,,,67,70,83,67,72,66,92,81,85,16,13,6,6,6,6,6,28,25,22,22,15,10,22,30,5,21,56,10,10,10,10,12,34,20,15,31,33,21,12,12,38,10,72,72,79,73,75,66,69,81,21,11,10,1905,,https://www.maddenratings.com/demontrey-jacobs
Arizona Cardinals,Karson Sharar,WILL,Weak Backer,43,Run Stopper,66,23,"March 7, 2003",,Iowa,,,,,87,90,67,84,65,89,88,87,89,24,10,6,6,6,6,6,64,33,38,33,28,23,13,63,58,59,77,53,58,53,53,16,78,53,56,66,81,64,58,62,78,46,47,65,73,65,52,43,42,27,16,16,18,2638,,https://www.maddenratings.com/karson-sharar
Arizona Cardinals,Kitan Crawford,SS,Strong Safety,36,Hybrid,66,24,"December 31, 2001",United States,Nevada,2,2025,225,Arizona Cardinals,92,90,64,83,62,95,88,86,87,24,13,6,6,6,6,6,62,58,53,28,21,17,25,62,51,44,86,66,44,57,65,14,65,35,34,50,76,59,64,67,76,65,35,35,53,35,35,35,35,25,19,15,83,2563,,https://www.maddenratings.com/kitan-crawford
Arizona Cardinals,Zachary Carter,DT,Defensive Tackle,90,,66,27,"April 7, 1999",United States,Florida,5,2022,95,Cincinnati Bengals,72,81,76,72,70,69,92,79,87,22,10,8,6,4,5,6,25,15,10,10,6,4,16,33,19,31,61,24,28,28,24,18,81,70,61,70,77,69,19,27,75,23,45,45,79,45,45,45,45,28,20,14,10,2104,,https://www.maddenratings.com/zachary-carter
Arizona Cardinals,Xavier Weaver,WR,Wide Receiver,89,,66,25,"October 12, 2000",United States,Colorado,3,,,,91,94,56,83,58,87,87,83,84,47,28,38,32,27,34,27,78,77,75,67,66,65,66,76,76,50,85,82,60,68,79,29,27,10,10,26,32,16,13,17,30,13,38,23,34,17,24,10,14,20,21,18,72,2540,,https://www.maddenratings.com/xavier-weaver
Arizona Cardinals,Kalen King,CB,Cornerback,35,Man to Man,65,23,"January 28, 2003",United States,Penn State,2,2024,255,Green Bay Packers,87,91,47,87,66,88,94,85,76,23,8,15,10,9,15,15,68,67,65,31,25,18,35,59,61,36,90,65,40,66,72,23,56,36,41,54,69,61,62,65,61,72,35,30,44,31,29,25,26,16,11,9,55,2525,,https://www.maddenratings.com/kalen-king
Arizona Cardinals,Jayden Williams,RT,Right Tackle,66,,65,23,"April 10, 2003",,Ole Miss,,,,,72,70,84,63,67,73,86,85,87,15,12,6,6,6,6,6,32,25,24,25,22,18,22,23,17,27,54,16,12,10,10,12,29,28,30,32,35,17,15,15,42,10,72,72,80,69,73,70,71,76,10,12,10,1961,,https://www.maddenratings.com/jayden-williams
Arizona Cardinals,PJ Mustipher,DT,Defensive Tackle,79,,65,26,"November 10, 1999",United States,Penn State,4,,,,59,67,79,52,68,69,91,72,85,20,7,9,7,6,6,7,25,14,13,10,6,5,9,22,14,45,46,25,19,20,21,12,83,65,51,76,74,63,10,10,81,11,45,40,80,44,45,40,40,44,12,11,10,1945,,https://www.maddenratings.com/pj-mustipher
Arizona Cardinals,Tip Reiman,TE,Tight End,87,Possession,65,24,"September 17, 2001",United States,Illinois,3,2024,82,Arizona Cardinals,84,88,77,82,50,84,85,81,87,28,15,15,10,6,10,6,79,73,78,60,53,48,61,75,67,66,75,69,62,58,62,12,34,17,17,37,34,17,14,21,41,17,66,62,64,67,63,62,58,62,21,19,18,2617,,https://www.maddenratings.com/tip-reiman
Arizona Cardinals,Kenny Yeboah,TE,Tight End,88,Vertical Threat,64,27,"October 30, 1998",United States,Ole Miss,5,,,,82,82,70,82,62,84,86,80,84,29,10,15,10,6,10,6,76,75,76,64,59,57,62,76,57,67,74,73,65,63,71,24,43,10,10,40,44,39,15,44,31,32,57,58,64,55,57,55,59,52,70,58,40,2770,,https://www.maddenratings.com/kenny-yeboah
Arizona Cardinals,Austin Keys,WILL,Weak Backer,53,Run Stopper,63,24,"April 3, 2002",United States,Auburn,2,,,,85,86,71,70,62,87,83,85,84,21,12,6,6,6,6,6,35,46,45,22,19,16,20,58,42,45,72,44,42,49,49,24,80,56,57,62,80,58,56,62,79,44,45,45,71,45,45,45,45,22,21,17,10,2449,,https://www.maddenratings.com/austin-keys
Arizona Cardinals,Hayden Conner,C,Center,58,Power,63,24,"April 26, 2002",United States,Texas,2,2025,211,Arizona Cardinals,65,75,86,63,65,52,89,88,88,23,6,6,6,6,6,6,21,33,32,31,27,26,28,38,35,35,57,33,35,20,18,12,35,42,38,39,28,29,10,11,41,10,71,69,80,71,69,70,67,77,19,22,20,2129,,https://www.maddenratings.com/hayden-conner
Arizona Cardinals,Joey Blount,FS,Free Safety,32,Hybrid,63,27,"November 16, 1998",United States,Virginia,5,,,,91,93,65,86,62,90,85,82,88,26,13,15,10,8,21,15,62,57,54,28,24,19,25,61,74,64,80,79,64,69,75,27,60,35,40,51,65,63,58,64,77,65,33,29,49,33,33,29,29,18,15,14,40,2612,,https://www.maddenratings.com/joey-blount
Arizona Cardinals,Josh Fryar,LT,Left Tackle,78,Power,63,24,"February 12, 2002",United States,Ohio State,2,,,,70,78,86,61,58,72,86,80,81,12,10,6,6,6,6,6,21,16,15,13,5,5,12,24,13,22,56,12,14,10,10,12,26,14,10,25,23,12,12,11,25,10,68,71,79,69,67,71,68,77,15,15,10,1762,,https://www.maddenratings.com/josh-fryar
Arizona Cardinals,Teagan Quitoriano,TE,Tight End,47,Possession,63,26,"March 15, 2000",United States,Oregon State,5,2022,170,Houston Texans,74,73,78,72,57,78,91,83,82,25,9,15,10,6,10,6,76,78,79,66,61,52,60,75,61,67,65,64,65,55,60,18,46,38,32,44,45,36,10,12,43,10,61,56,68,62,56,56,55,50,24,19,15,2609,,https://www.maddenratings.com/teagan-quitoriano
Arizona Cardinals,Eku Leota,REDG,Right Edge,54,,62,27,"May 11, 1999",United States,Auburn,4,,,,78,81,78,74,55,75,85,77,87,22,7,10,6,5,7,6,58,57,54,43,35,24,44,59,35,51,72,52,54,45,50,11,78,65,52,72,76,56,45,51,82,35,45,40,78,45,45,40,40,40,31,28,10,2551,,https://www.maddenratings.com/eku-leota
Arizona Cardinals,Kedon Slovis,QB,Quarterback,19,Scrambler,57,25,"April 11, 2001",United States,BYU,,,,,81,85,66,78,52,77,85,84,86,86,72,77,76,72,75,77,31,15,19,19,18,17,21,52,65,46,78,69,41,55,58,64,20,26,28,26,29,27,13,15,24,18,19,21,21,19,23,22,24,23,19,25,22,2361,,https://www.maddenratings.com/kedon-slovis
Atlanta Falcons,Bijan Robinson,HB,Halfback,7,Elusive Back,95,24,"January 30, 2002",United States,Texas,4,2023,8,Atlanta Falcons,91,92,81,92,89,90,94,95,90,37,22,36,31,23,30,20,75,61,63,72,66,61,66,91,93,84,95,92,82,93,97,37,36,10,10,32,37,22,13,15,34,18,46,51,51,40,39,46,39,49,23,19,71,2942,"First One Free Some players thrive on making defenders look silly. When they enter the zone, this ability increases their fakeout rate on the next juke, spin or hurdle. Juke Box Ballcarriers with this ability have steerable juke animations. Energizer Ballcarriers with this ability will replenish a small portion of their stamina upon successfully performing any skill move Backfield Mismatch Running backs with this ability have slightly improved catch in traffic and route running when coming out of the backfield against linebackers and linemen. Human Joystick Ballcarriers with this ability can quickly shift momentum, change direction, and turn the corner without sacrificing speed.",https://www.maddenratings.com/bijan-robinson
Atlanta Falcons,Jessie Bates III,FS,Free Safety,3,Zone,94,29,"February 26, 1997",United States,Wake Forest,9,2018,54,Cincinnati Bengals,90,90,59,87,96,85,92,97,88,25,23,10,10,10,10,10,83,70,65,20,15,10,13,69,48,41,84,77,36,69,78,10,81,25,37,56,93,95,85,93,85,66,35,35,61,35,35,35,35,20,18,12,78,2785,"Shutdown Shutdown defenders have the talent to erase receivers from the game. When they enter the zone, their coverage is tighter and interceptions are more frequent on contested catches. Deep In Zone KO Defenders with this ability have a slightly improved chance to force catch knockouts and react quicker in deep zone coverage, 20+ yards from the LoS and inside the hash marks. Lurker Defenders with this ability can make spectacular interceptions while lurking in zones, and are more likely to attempt and succeed at diving swats/catches.",https://www.maddenratings.com/jessie-bates-iii
Atlanta Falcons,Chris Lindstrom,RG,Right Guard,63,Power,93,29,"February 28, 1997",United States,Boston College,8,2019,14,Atlanta Falcons,76,79,92,67,97,75,94,91,92,23,10,6,6,6,6,6,26,14,18,16,6,5,12,19,8,31,57,14,27,10,14,12,32,10,10,15,23,10,12,12,28,10,96,83,91,92,95,86,81,99,25,25,10,2060,Tough Nut Blockers with this ability have an increased number of blocker resistance points. Run Protector Blockers with this ability reduce a rusher's chances of using most quick run block shed moves.,https://www.maddenratings.com/chris-lindstrom
Atlanta Falcons,Drake London,WR,Wide Receiver,5,,92,25,"July 24, 2001",United States,USC,5,2022,8,Atlanta Falcons,88,92,77,88,94,97,89,89,88,25,14,20,15,10,12,10,97,95,94,86,85,80,95,73,83,76,88,84,73,76,82,21,42,10,10,23,29,15,11,18,25,14,47,33,48,24,21,25,20,29,14,17,38,2709,"Acrobat Players with this ability are more likely to succeed at catching tipped passes Short Out Elite Receivers with this ability catch more consistently while catching passes less than 10 yards from the LoS, outside the numbers Quick Jump Players with this ability have a slightly reduced stamina cost and slightly longer perfect window for jumping snaps.",https://www.maddenratings.com/drake-london
Atlanta Falcons,Jake Matthews,LT,Left Tackle,70,Pass Protector,89,34,"February 11, 1992",United States,Texas AM,13,2014,6,Atlanta Falcons,70,71,86,67,93,75,98,94,87,25,13,6,6,6,6,6,40,25,35,28,18,10,35,45,23,37,55,28,20,15,10,12,45,35,30,40,50,30,12,15,40,10,78,91,85,76,80,93,89,80,22,20,10,2276,,https://www.maddenratings.com/jake-matthews
Atlanta Falcons,A.J. Terrell Jr,CB,Cornerback,24,Zone,88,27,"September 23, 1998",United States,Clemson,7,,,,91,91,60,89,91,85,91,92,83,22,13,6,6,6,6,6,70,62,55,31,26,20,38,58,58,35,89,67,47,66,75,15,63,28,43,50,76,92,87,91,56,95,35,35,50,35,35,35,35,19,19,12,40,2681,"Inside Shade Defenders with this ability have a slightly increased chance to react much faster to receiver cut moves when in man coverage and inside the numbers Deep Route KO Defenders with this ability have a slightly improved chance to succeed at catch tackle knockouts in man-to-man versus deep routes 20+ yards from the LoS Deep Out Zone KO Defenders with this ability have a slightly improved chance to force catch knockouts and react quicker in deep zone coverage, 20+ yards from the LoS and outside the hash marks.",https://www.maddenratings.com/aj-terrell-jr
Atlanta Falcons,Nick Folk,K,Kicker,6,Accurate,85,41,"November 5, 1984",United States,Arizona,19,2007,178,Dallas Cowboys,66,64,59,54,68,50,85,78,65,55,13,35,30,25,20,20,40,12,10,10,10,10,12,50,15,10,43,25,15,20,25,20,25,15,20,25,35,25,15,20,12,10,15,15,20,21,26,16,17,15,94,98,10,1663,,https://www.maddenratings.com/nick-folk
Atlanta Falcons,Ryan Neuzil,C,Center,64,Agile,82,29,"July 31, 1997",United States,Appalach. St.,6,,,,69,71,85,69,91,72,95,92,84,21,10,7,6,5,7,6,50,48,50,46,44,39,51,57,45,47,59,51,47,36,41,12,22,10,10,22,29,25,6,10,35,10,89,81,76,87,91,78,82,78,57,52,10,2473,,https://www.maddenratings.com/ryan-neuzil
Atlanta Falcons,Divine Deablo,,,,Pass Coverage,81,27,"August 17, 1998",United States,Virginia Tech,6,2021,80,Las Vegas Raiders,88,86,69,83,83,82,86,85,91,23,18,6,6,6,6,6,73,69,65,52,48,45,56,62,56,48,74,66,53,63,70,21,87,45,48,67,87,81,72,78,89,72,35,35,68,35,35,35,35,36,14,11,54,2864,,https://www.maddenratings.com/divine-deablo
Atlanta Falcons,Kyle Pitts,TE,Tight End,8,Vertical Threat,81,25,"October 6, 2000",United States,Florida,6,2021,4,Atlanta Falcons,90,92,71,80,81,92,90,88,90,48,21,29,32,23,29,23,85,87,81,75,71,66,76,80,63,70,78,81,75,68,73,31,41,18,32,39,39,21,16,23,36,17,56,60,63,53,56,56,59,51,18,14,37,2944,,https://www.maddenratings.com/kyle-pitts
Atlanta Falcons,Jalon Walker,LEDG,Left Edge,11,Smaller Speed Rusher,79,22,"February 24, 2004",United States,Georgia,2,2025,15,Atlanta Falcons,86,92,80,85,73,81,88,73,85,21,27,18,18,18,16,25,51,40,39,39,33,28,36,49,30,29,76,47,32,43,51,25,84,70,79,76,84,73,36,48,78,36,45,45,70,45,45,45,45,38,27,25,35,2663,,https://www.maddenratings.com/jalon-walker
Atlanta Falcons,James Pearce Jr.,REDG,Right Edge,27,Smaller Speed Rusher,79,22,"October 12, 2003",United States,Tennessee,2,2025,26,Atlanta Falcons,90,92,76,76,85,76,86,73,78,31,10,20,13,12,10,15,53,33,33,15,10,5,14,48,31,35,68,44,42,34,40,12,76,71,81,70,79,77,40,50,74,31,40,40,66,40,40,40,40,29,24,21,30,2419,,https://www.maddenratings.com/james-pearce-jr
Atlanta Falcons,Xavier Watts,SS,Strong Safety,31,Zone,79,24,"November 22, 2001",United States,Notre Dame,2,2025,96,Atlanta Falcons,86,88,62,82,81,84,93,93,90,31,22,25,21,17,25,20,76,66,62,40,35,30,36,65,59,52,82,70,51,63,71,29,75,36,33,55,80,78,72,81,78,67,35,35,57,35,35,35,35,25,20,17,80,2871,,https://www.maddenratings.com/xavier-watts
Atlanta Falcons,Brian Robinson,HB,Halfback,15,Power Back,78,27,"March 2, 1999",United States,Alabama,5,,,,87,90,81,79,75,78,92,88,89,29,13,29,20,18,18,18,65,44,43,52,45,37,47,94,85,86,76,85,83,70,83,29,39,11,12,38,45,15,12,17,39,13,38,54,43,25,31,40,35,42,19,17,73,2586,,https://www.maddenratings.com/brian-robinson
Atlanta Falcons,Jake Bailey,P,Punter,16,Power,78,29,"June 18, 1997",United States,Stanford,8,2019,163,New England Patriots,81,83,43,65,66,80,83,81,43,44,14,26,23,17,23,20,39,15,15,15,15,15,15,40,10,12,55,22,15,10,16,17,29,10,10,23,24,26,10,27,12,10,7,9,10,10,10,10,10,7,91,86,10,1559,,https://www.maddenratings.com/jake-bailey
Atlanta Falcons,Matthew Bergeron,LG,Left Guard,65,Power,76,26,"February 26, 2000",Canada,Syracuse,4,2023,38,Atlanta Falcons,63,75,89,71,78,75,93,86,88,23,14,6,6,6,6,6,31,12,10,25,14,10,19,28,9,29,59,17,24,11,17,12,30,20,15,25,21,13,10,9,35,10,82,76,86,78,84,79,74,79,33,31,10,2012,,https://www.maddenratings.com/matthew-bergeron
Atlanta Falcons,Samson Ebukam,REDG,Right Edge,52,Smaller Speed Rusher,76,31,"May 9, 1995",Nigeria,Eastern Wash.,10,2017,125,Los Angeles Rams,83,87,83,78,73,87,95,82,87,25,15,6,6,6,6,6,52,43,42,23,13,7,17,41,26,52,66,46,35,48,57,12,82,67,78,80,82,70,48,61,83,36,45,45,84,45,45,45,45,21,20,20,10,2517,,https://www.maddenratings.com/samson-ebukam
Atlanta Falcons,Avieon Terrell,CB,Cornerback,12,,75,21,"January 11, 2005",,Clemson,,,,,88,91,61,91,77,82,90,88,85,25,10,6,6,6,6,6,72,63,65,52,47,42,43,64,56,32,88,65,36,64,72,19,70,34,38,51,74,76,70,73,67,70,35,35,48,35,35,35,35,16,18,16,57,2686,,https://www.maddenratings.com/avieon-terrell
Atlanta Falcons,Clark Phillips III,CB,Cornerback,22,Man to Man,75,24,"December 19, 2001",United States,Utah,4,2023,113,Atlanta Falcons,89,94,60,89,74,80,92,91,81,23,15,15,12,10,7,8,76,67,64,29,24,21,28,57,65,30,90,76,58,70,75,12,55,31,39,41,70,77,78,74,58,62,35,35,41,35,35,35,35,18,13,11,55,2615,,https://www.maddenratings.com/clark-phillips-iii
Atlanta Falcons,Jawaan Taylor,RT,Right Tackle,71,Pass Protector,75,28,"November 25, 1997",United States,Florida,8,2019,35,Jacksonville Jaguars,66,59,87,63,82,72,94,90,84,19,10,6,6,6,6,6,35,12,10,10,5,5,12,30,6,34,51,15,25,10,10,12,38,10,10,36,27,10,12,12,43,10,70,81,86,73,67,83,78,70,22,20,10,1906,,https://www.maddenratings.com/jawaan-taylor
Atlanta Falcons,Mike Hughes,CB,Cornerback,21,Zone,75,29,"February 11, 1997",United States,UCF,9,2018,30,Minnesota Vikings,88,89,66,90,77,85,85,88,84,23,18,6,6,6,6,6,76,74,69,35,30,26,24,72,63,44,87,73,41,73,81,17,64,23,31,47,72,77,73,78,69,82,35,35,57,35,35,35,35,15,22,24,82,2734,,https://www.maddenratings.com/mike-hughes
Atlanta Falcons,Austin Hooper,TE,Tight End,81,Possession,74,31,"October 29, 1994",United States,Stanford,11,2016,81,Atlanta Falcons,84,83,73,79,80,85,91,89,88,26,15,15,10,6,10,6,86,81,81,65,60,56,69,75,64,70,70,78,78,59,69,12,34,17,17,29,31,22,14,21,27,17,62,59,68,58,62,59,55,56,21,19,18,2679,,https://www.maddenratings.com/austin-hooper
Atlanta Falcons,Da&#8217;Shawn Hand,DT,Defensive Tackle,90,,74,30,"November 14, 1995",United States,Alabama,9,,,,76,76,88,56,69,77,82,73,85,22,14,6,6,6,6,6,27,18,20,15,8,4,13,28,17,34,53,26,32,23,29,12,84,74,62,78,79,71,20,28,79,20,45,45,88,45,45,45,45,20,33,16,10,2139,,https://www.maddenratings.com/dashawn-hand
Atlanta Falcons,Azeez Ojulari,LEDG,Left Edge,51,Smaller Speed Rusher,73,26,"June 16, 2000",United States,Georgia,6,2021,50,New York Giants,85,89,77,79,72,74,78,83,82,23,14,6,6,6,6,6,50,48,44,29,24,19,31,53,33,33,72,48,40,39,46,12,76,67,74,74,81,75,43,51,80,32,45,45,87,45,45,45,45,29,14,12,10,2482,,https://www.maddenratings.com/azeez-ojulari
Atlanta Falcons,Billy Bowman Jr.,CB,Cornerback,33,Zone,73,23,"January 29, 2003",United States,Oklahoma,2,2025,118,Atlanta Falcons,92,92,61,89,70,85,89,90,90,24,12,6,6,6,6,6,70,62,59,36,31,27,34,62,54,46,88,66,44,58,64,15,63,38,38,52,78,67,71,76,75,66,35,35,58,35,35,35,35,25,19,15,81,2672,,https://www.maddenratings.com/billy-bowman-jr
Atlanta Falcons,Brandon Dorlus,DT,Defensive Tackle,54,,73,25,"March 22, 2001",United States,Oregon,3,2024,109,Atlanta Falcons,77,82,84,70,73,75,88,85,89,22,16,6,6,6,6,6,35,20,17,13,6,3,17,26,12,38,52,28,31,25,29,12,79,77,72,79,78,70,22,29,81,23,44,44,87,44,45,45,44,14,21,19,9,2181,,https://www.maddenratings.com/brandon-dorlus
Atlanta Falcons,Jahan Dotson,WR,Wide Receiver,4,,73,26,"March 22, 2000",United States,Penn State,5,2022,16,Washington Commanders,92,93,61,84,76,84,91,88,81,48,30,44,34,30,37,24,83,83,83,72,74,75,70,74,72,35,87,82,51,74,82,22,25,10,10,21,36,27,20,28,21,19,38,27,40,15,22,13,17,22,18,15,80,2640,,https://www.maddenratings.com/jahan-dotson
Atlanta Falcons,Michael Penix Jr.,QB,Quarterback,9,Field General,73,26,"May 8, 2000",United States,Washington,3,2024,8,Washington Commanders,84,89,57,78,71,86,82,89,81,92,75,86,85,76,74,83,30,15,15,15,14,12,15,68,50,29,73,72,39,54,58,73,18,10,10,18,28,17,12,15,12,10,12,15,12,12,12,15,15,10,22,21,10,2226,,https://www.maddenratings.com/michael-penix-jr
Atlanta Falcons,Olamide Zaccheaus,WR,Wide Receiver,14,,73,29,"July 23, 1997",United States,Virginia,8,,,,90,88,54,84,77,85,88,85,84,31,20,19,12,7,10,13,84,80,79,77,76,76,72,72,75,35,84,79,39,75,82,24,35,15,23,35,39,30,15,23,25,10,45,35,44,23,17,19,19,31,13,15,72,2539,,https://www.maddenratings.com/olamide-zaccheaus
Atlanta Falcons,Zach Harrison,DT,Defensive Tackle,96,Power Rusher,73,24,"August 14, 2001",United States,Ohio State,4,2023,75,Atlanta Falcons,83,87,81,73,74,83,88,72,83,23,12,20,14,13,22,5,46,49,41,29,26,24,32,35,34,45,61,46,64,37,44,26,81,78,69,76,76,71,35,44,85,44,45,40,85,45,45,40,40,32,15,12,10,2540,,https://www.maddenratings.com/zach-harrison
Atlanta Falcons,Zachariah Branch,WR,Wide Receiver,17,,73,22,"March 29, 2004",,Georgia,,,,,95,95,64,93,51,90,91,84,88,34,21,27,23,18,26,22,81,79,76,72,73,74,69,75,76,39,88,84,46,76,83,21,22,15,18,20,23,26,22,24,24,20,45,28,34,24,25,27,25,23,28,27,81,2615,,https://www.maddenratings.com/zachariah-branch
Atlanta Falcons,Christian Harris,WILL,Weak Backer,45,Run Stopper,72,25,"January 16, 2001",United States,Alabama,5,2022,75,Houston Texans,89,93,69,84,72,83,90,84,80,25,10,6,6,6,6,6,69,62,50,35,31,29,37,55,37,45,82,51,44,46,57,15,78,55,62,67,84,73,65,65,86,58,45,45,81,45,45,45,45,26,22,24,39,2709,,https://www.maddenratings.com/christian-harris
Atlanta Falcons,Layden Robinson,LG,Left Guard,73,Power,72,25,"May 3, 2001",United States,Texas AM,3,2024,103,New England Patriots,72,72,88,60,80,67,91,85,85,21,7,8,5,5,8,9,40,30,35,22,21,11,15,40,31,33,56,35,30,25,25,13,36,10,10,16,24,26,11,11,39,10,74,66,84,75,77,74,69,83,11,10,10,2051,,https://www.maddenratings.com/layden-robinson
Atlanta Falcons,Mike Ford,CB,Cornerback,28,Man to Man,72,31,"August 4, 1995",United States,SE Missouri St.,9,,,,89,91,58,91,71,93,85,87,76,29,15,6,6,6,6,6,69,63,56,46,36,29,44,62,55,32,86,68,35,68,75,15,49,40,45,51,74,70,75,69,57,71,35,35,45,35,35,35,35,15,21,15,60,2621,,https://www.maddenratings.com/mike-ford
Atlanta Falcons,Sydney Brown,SS,Strong Safety,29,Hybrid,72,26,"March 21, 2000",United States,Illinois,4,2023,66,Philadelphia Eagles,90,95,69,83,71,94,88,90,83,42,17,34,28,24,27,16,76,69,65,37,33,24,35,65,63,44,79,70,45,63,72,17,64,39,48,58,75,69,71,66,85,71,35,25,51,35,35,25,25,20,32,31,62,2830,,https://www.maddenratings.com/sydney-brown
Atlanta Falcons,Bralen Trice,REDG,Right Edge,48,Smaller Speed Rusher,71,25,"February 26, 2001",United States,Washington,3,2024,74,Atlanta Falcons,82,85,76,77,70,78,87,79,85,27,16,6,6,6,6,6,28,30,21,15,8,4,23,30,16,35,68,32,32,20,26,12,78,72,75,74,79,69,43,49,76,24,45,45,80,45,45,45,45,19,22,19,10,2251,,https://www.maddenratings.com/bralen-trice
Atlanta Falcons,Darnay Holmes,CB,Cornerback,30,Man to Man,71,28,"June 23, 1998",United States,UCLA,7,2020,110,New York Giants,89,88,56,89,73,87,88,89,87,29,10,6,6,6,6,6,75,72,62,55,51,47,40,62,48,33,87,66,42,68,74,10,53,36,45,47,73,72,73,72,57,71,35,35,44,35,35,35,35,18,16,14,78,2686,,https://www.maddenratings.com/darnay-holmes
Atlanta Falcons,C.J. Henderson,CB,Cornerback,26,Man to Man,70,27,"September 30, 1998",United States,Florida,7,2020,9,Jacksonville Jaguars,91,90,64,88,72,89,85,89,86,27,14,6,6,6,6,6,64,61,54,34,32,28,35,57,51,31,87,60,34,68,73,14,52,38,43,44,67,69,69,70,57,71,25,25,54,33,34,33,34,18,18,17,45,2524,,https://www.maddenratings.com/cj-henderson
Atlanta Falcons,Cameron Thomas,LEDG,Left Edge,99,Power Rusher,70,26,"January 7, 2000",United States,San Diego St.,5,2022,87,Arizona Cardinals,78,83,77,82,65,81,93,78,85,22,9,6,6,6,6,6,39,37,38,34,31,28,34,41,33,34,72,41,39,36,39,15,83,73,66,75,82,64,25,35,78,18,45,45,87,45,45,45,45,26,15,14,10,2395,,https://www.maddenratings.com/cameron-thomas
Atlanta Falcons,Matthew Hayball,P,Punter,39,Power,70,29,"March 12, 1997",United States,Vanderbilt,3,,,,74,72,51,63,53,64,84,82,72,39,18,37,32,26,26,18,38,14,18,12,12,12,12,47,14,21,55,28,16,22,18,21,29,10,10,28,24,24,18,26,33,13,20,20,22,18,18,19,17,16,91,77,10,1714,,https://www.maddenratings.com/matthew-hayball
Atlanta Falcons,Troy Andersen,MIKE,Mike Backer,44,Field General,70,27,"April 23, 1999",United States,Montana State,5,2022,58,Atlanta Falcons,90,93,68,86,76,86,85,85,86,53,39,51,46,44,55,53,67,57,58,35,30,24,37,76,71,63,84,76,58,55,65,63,81,40,45,68,80,72,54,58,84,55,56,53,79,54,57,54,52,59,24,21,10,3171,,https://www.maddenratings.com/troy-andersen
Atlanta Falcons,DeMarcco Hellams,FS,Free Safety,23,Run Support,69,26,"June 5, 2000",United States,Alabama,4,2023,224,Atlanta Falcons,87,92,70,76,69,76,91,87,85,38,23,35,31,25,38,21,71,71,65,55,49,47,52,68,67,52,74,74,52,64,73,42,75,45,49,63,75,67,65,65,84,71,35,35,64,35,35,35,35,35,25,15,67,2995,,https://www.maddenratings.com/demarcco-hellams
Atlanta Falcons,JD Bertrand,SAM,Sam Backer,40,Run Stopper,69,26,"May 5, 2000",United States,Notre Dame,3,2024,143,Atlanta Falcons,83,87,70,75,70,79,89,83,88,25,8,9,7,6,6,7,53,46,47,18,8,6,25,56,27,56,74,51,48,50,54,15,76,65,54,73,82,71,60,64,81,62,45,40,78,45,45,35,35,36,25,24,25,2547,,https://www.maddenratings.com/jd-bertrand
Atlanta Falcons,Kendal Daniels,WILL,Weak Backer,53,Run Stopper,69,23,"December 16, 2002",,Oklahoma,,,,,86,88,70,81,69,79,89,87,85,26,10,6,6,6,6,6,65,65,63,43,38,33,37,57,39,43,75,51,47,45,50,19,81,54,54,66,83,69,58,68,79,43,48,68,64,71,55,44,44,26,18,19,19,2701,,https://www.maddenratings.com/kendal-daniels
Atlanta Falcons,Maason Smith,DT,Defensive Tackle,92,,69,23,"October 13, 2002",United States,LSU,3,2024,48,Jacksonville Jaguars,72,75,83,64,64,76,83,80,86,28,15,6,6,6,6,6,39,15,10,10,3,2,20,46,14,54,58,38,52,45,35,12,84,72,71,77,79,62,24,47,81,19,45,45,84,45,45,45,45,14,30,20,10,2253,,https://www.maddenratings.com/maason-smith
Atlanta Falcons,Wanya Morris,LT,Left Tackle,79,,69,25,"October 10, 2000",United States,Oklahoma,4,2023,92,Kansas City Chiefs,69,70,83,63,74,71,86,84,87,21,7,7,7,7,7,6,23,15,17,16,7,5,15,20,11,28,57,13,22,12,15,14,30,10,10,33,36,10,12,12,29,13,77,71,77,73,82,74,68,86,12,10,10,1874,,https://www.maddenratings.com/wanya-morris
Atlanta Falcons,Jammie Robinson,SS,Strong Safety,34,Run Support,68,25,"January 24, 2001",United States,Florida State,4,2023,145,Carolina Panthers,86,93,67,87,66,81,93,92,88,27,25,25,23,21,22,24,70,67,65,20,10,10,25,64,67,39,81,72,33,70,75,31,72,31,38,47,75,65,62,69,87,58,35,35,59,35,35,35,35,44,15,11,69,2731,,https://www.maddenratings.com/jammie-robinson
Atlanta Falcons,LaCale London,DT,Defensive Tackle,94,,68,29,"August 5, 1997",United States,W. Illinois,7,,,,71,76,83,66,69,79,87,73,81,24,14,6,6,6,6,6,25,16,16,10,5,3,13,28,15,26,50,22,29,18,20,12,78,73,61,74,76,71,16,22,78,12,45,45,80,45,45,45,45,20,22,15,16,2045,,https://www.maddenratings.com/lacale-london
Atlanta Falcons,Tyler Goodson,HB,Halfback,25,Elusive Back,68,25,"November 10, 2000",United States,Iowa,5,,,,91,92,57,87,65,81,86,82,73,30,11,25,20,15,15,15,67,58,60,62,54,45,43,81,73,50,84,73,74,76,81,35,24,10,10,20,37,20,18,20,22,20,27,42,35,17,15,24,20,34,25,21,56,2378,,https://www.maddenratings.com/tyler-goodson
Atlanta Falcons,Anterio Thompson,DT,Defensive Tackle,98,,67,23,"October 29, 2002",,Washington,,,,,78,76,88,58,64,73,82,71,84,27,10,6,6,6,6,6,36,26,29,14,12,2,26,43,17,46,68,27,32,30,29,12,79,69,63,72,75,61,29,16,79,45,45,45,80,45,45,45,45,22,14,23,10,2197,,https://www.maddenratings.com/anterio-thompson
Atlanta Falcons,Ethan Onianwa,RG,Right Guard,75,Power,67,22,"August 16, 2003",,Ohio State,,,,,65,66,84,55,63,74,89,88,88,10,12,6,6,6,6,6,27,28,14,14,5,5,13,25,10,24,58,11,15,10,10,12,37,31,29,25,32,27,12,14,27,10,70,70,81,74,72,74,71,82,25,26,10,1904,,https://www.maddenratings.com/ethan-onianwa
Atlanta Falcons,Nate Carter,HB,Halfback,38,Elusive Back,67,24,"May 22, 2002",United States,Michigan St.,2,,,,91,89,74,79,68,87,89,84,88,25,11,21,15,12,15,13,67,51,49,59,52,44,47,85,77,78,85,76,71,76,77,22,36,20,26,33,38,29,15,20,37,22,37,45,36,31,26,25,28,32,15,14,65,2507,,https://www.maddenratings.com/nate-carter
Atlanta Falcons,Channing Tindall,MIKE,Mike Backer,55,,66,26,"March 28, 2000",United States,Georgia,5,2022,102,Miami Dolphins,90,93,69,75,64,95,89,80,83,29,10,15,10,9,15,15,49,45,42,25,20,15,19,55,32,49,81,50,55,55,61,15,81,59,54,65,84,60,57,53,86,46,45,45,77,45,45,45,45,21,19,17,30,2588,,https://www.maddenratings.com/channing-tindall
Atlanta Falcons,Darren Hall,FS,Free Safety,41,Zone,66,26,"May 2, 2000",United States,San Diego St.,6,,,,89,90,60,78,68,91,86,89,84,27,16,6,6,6,6,6,65,63,59,21,11,10,39,53,40,42,83,48,39,58,66,10,59,41,48,45,66,69,62,69,63,70,35,35,43,35,35,35,35,21,21,15,50,2467,,https://www.maddenratings.com/darren-hall
Atlanta Falcons,Dylan Drummond,WR,Wide Receiver,80,,66,26,"January 17, 2000",United States,Eastern Michigan,2,,,,88,89,57,88,62,80,87,88,87,28,17,20,18,13,19,17,80,78,76,72,71,70,69,71,71,43,83,75,42,70,74,23,28,10,10,29,31,14,18,23,25,15,41,27,42,19,26,20,17,24,20,20,65,2450,,https://www.maddenratings.com/dylan-drummond
Atlanta Falcons,Charlie Woerner,TE,Tight End,89,Possession,65,28,"October 16, 1997",United States,Georgia,7,2020,190,San Francisco 49ers,82,82,77,76,72,83,91,86,90,34,17,22,16,11,18,13,73,74,74,64,56,51,62,71,54,66,67,63,59,51,55,21,58,36,42,56,58,58,50,57,63,50,62,61,73,57,60,59,59,64,17,13,57,2941,,https://www.maddenratings.com/charlie-woerner
Atlanta Falcons,Cobee Bryant,CB,Cornerback,37,Man to Man,65,24,"September 17, 2001",United States,Kansas,2,,,,88,92,62,79,60,85,86,87,86,26,10,6,6,6,6,6,69,68,59,33,27,21,24,60,50,27,83,62,32,60,69,13,48,26,31,47,70,58,69,71,55,70,35,30,40,35,35,30,30,15,13,15,51,2422,,https://www.maddenratings.com/cobee-bryant
Atlanta Falcons,Michael Jerrell,RT,Right Tackle,72,,65,26,"August 18, 1999",United States,Findlay,3,2024,207,Seattle Seahawks,74,81,82,53,53,79,93,76,88,16,10,5,5,5,7,5,23,19,20,12,11,7,15,24,13,25,54,13,10,10,10,12,36,12,18,31,34,15,9,12,33,10,72,70,78,70,74,66,75,84,18,17,10,1854,,https://www.maddenratings.com/michael-jerrell
Atlanta Falcons,Andrew Stueber,RG,Right Guard,74,Power,64,27,"July 1, 1999",United States,Michigan,5,,,,59,62,82,50,71,63,86,83,88,19,6,6,6,6,6,6,21,15,12,10,5,5,12,20,19,24,48,17,25,15,14,10,39,42,35,40,38,34,10,11,37,10,71,64,81,73,68,68,61,72,15,14,10,1864,,https://www.maddenratings.com/andrew-stueber
Atlanta Falcons,Chris Williams,DT,Defensive Tackle,93,,64,28,"June 16, 1998",United States,Wagner College,6,,,,66,72,84,57,60,68,88,71,78,14,12,6,6,6,6,6,28,15,15,15,7,3,15,36,19,38,46,19,17,10,10,12,78,72,54,70,75,62,13,15,81,10,45,45,81,45,45,45,45,37,21,17,10,1971,,https://www.maddenratings.com/chris-williams
Atlanta Falcons,Corey Levin,C,Center,62,Power,64,31,"August 12, 1994",United States,Tenn-Chat,9,2017,217,Tennessee Titans,63,65,84,62,73,67,89,82,83,16,10,6,6,6,6,6,25,18,23,18,8,5,14,22,12,38,52,25,31,15,23,12,32,10,10,28,35,25,15,20,36,10,67,72,81,69,65,73,70,78,21,23,11,1916,,https://www.maddenratings.com/corey-levin
Atlanta Falcons,Harold Perkins Jr.,MIKE,Mike Backer,56,Field General,64,21,"September 10, 2004",,LSU,,,,,88,91,68,82,63,84,83,86,84,24,10,6,6,6,6,6,60,62,45,25,20,15,16,68,56,51,75,65,58,57,65,15,77,57,61,66,83,61,53,61,76,46,46,64,68,60,55,41,44,25,15,16,17,2638,,https://www.maddenratings.com/harold-perkins-jr
Atlanta Falcons,James Brockermeyer,C,Center,66,Power,64,24,"June 24, 2002",,Miami,,,,,62,70,83,53,74,71,86,86,87,22,14,6,6,6,6,6,22,15,10,10,5,5,15,24,9,22,57,16,15,10,10,12,25,15,10,24,26,35,11,13,24,10,72,68,76,69,73,70,66,80,18,15,10,1805,,https://www.maddenratings.com/james-brockermeyer
Atlanta Falcons,Liam McCullough,LS,Long Snapper,49,Accurate,64,29,"June 5, 1997",United States,Ohio State,6,,,,75,78,64,63,55,72,90,72,74,39,12,24,18,10,5,7,55,44,49,45,38,34,20,66,27,38,54,29,44,29,36,11,56,10,10,44,48,35,20,20,52,15,45,55,68,43,39,49,54,59,19,17,10,2145,,https://www.maddenratings.com/liam-mccullough
Atlanta Falcons,Brandon Walton,LT,Left Tackle,67,Power,63,28,"March 18, 1998",United States,FAU,6,,,,61,56,85,55,73,65,88,77,79,20,11,6,6,6,6,6,25,12,10,10,5,5,15,28,10,30,47,25,29,13,15,12,25,24,25,28,24,25,10,12,27,10,68,69,80,67,69,71,66,78,14,14,15,1812,,https://www.maddenratings.com/brandon-walton
Atlanta Falcons,Jack Nelson,RT,Right Tackle,69,,63,24,"January 15, 2002",United States,Wisconsin,2,2025,218,Atlanta Falcons,67,71,84,64,66,69,87,86,87,17,11,6,6,6,6,6,27,19,24,16,5,5,16,34,6,27,53,17,15,12,11,17,25,34,33,35,30,28,11,12,30,10,69,70,80,68,70,69,71,77,17,18,10,1910,,https://www.maddenratings.com/jack-nelson
Atlanta Falcons,Kyle Hinton,LG,Left Guard,68,Agile,63,28,"February 27, 1998",United States,Washburn,7,2020,253,Minnesota Vikings,74,75,87,59,63,83,89,81,86,30,13,6,6,6,6,6,39,12,10,21,13,5,12,40,5,15,55,10,10,10,10,12,37,33,22,30,29,30,12,15,38,10,64,67,81,63,66,65,69,83,25,25,10,1923,,https://www.maddenratings.com/kyle-hinton
Atlanta Falcons,Natrone Brooks,CB,Cornerback,35,Zone,63,26,"December 11, 1999",United States,Southern Miss,4,,,,88,90,50,82,66,76,90,85,82,29,16,29,24,18,22,15,71,68,62,27,23,21,20,63,51,30,79,64,29,64,72,16,56,26,34,45,71,63,63,65,57,63,30,25,43,30,30,25,25,10,14,12,50,2459,,https://www.maddenratings.com/natrone-brooks
Atlanta Falcons,Storm Norton,LT,Left Tackle,77,,63,32,"May 16, 1994",United States,Toledo,10,,,,64,70,82,67,79,71,90,85,86,30,10,6,6,6,6,6,27,15,22,15,15,15,21,22,8,33,52,14,27,10,10,12,29,25,15,39,29,20,13,15,20,10,72,63,81,68,75,65,62,83,22,21,10,1919,,https://www.maddenratings.com/storm-norton
Atlanta Falcons,DeAngelo Malone,MIKE,Mike Backer,50,,62,27,"July 12, 1999",United States,W. Kentucky,5,2022,82,Atlanta Falcons,86,89,72,81,67,85,91,76,78,21,10,6,6,6,6,6,37,31,29,15,8,6,12,32,22,32,73,30,31,35,43,15,75,63,71,68,78,63,40,50,80,44,45,45,72,45,45,45,45,21,32,27,10,2301,,https://www.maddenratings.com/deangelo-malone
Baltimore Ravens,Lamar Jackson,QB,Quarterback,8,,94,29,"January 7, 1997",United States,Louisville,9,2018,32,Baltimore Ravens,95,94,63,93,92,91,92,93,96,93,95,92,94,82,95,98,64,15,17,20,15,13,17,70,82,39,94,98,80,83,91,96,35,12,10,16,38,10,12,12,27,10,14,13,29,14,14,13,13,21,12,19,10,2706,"Truzz The most effective ball carriers prioritize maintaining possession over all else. When they enter the zone, no tackles made against them will result in a fumble. Fastbreak Passers with this ability receive better blocking support on designed quarterback run plays. Juke Box Ballcarriers with this ability have steerable juke animations. Gift-Wrapped Passers with this ability have a better chance to complete passes to uncovered halfbacks.",https://www.maddenratings.com/lamar-jackson
Baltimore Ravens,Derrick Henry,HB,Halfback,22,Power Back,93,32,"January 4, 1994",United States,Alabama,11,2016,45,Tennessee Titans,93,87,87,83,95,88,96,93,97,42,26,40,29,23,32,15,66,55,47,56,49,41,47,89,92,91,78,97,98,74,84,29,44,11,12,36,41,20,14,19,33,16,42,66,47,35,31,43,38,49,21,20,36,2793,"Freight Train Freight Trains are relentless runners who refuse to go down on first contact. When they enter the zone, this ability increases their chance to break the next tackle. Arm Bar Ballcarriers with this ability have more powerful stiff arm animations and have a larger timing window for landing perfect stiff arms Steamroller Ballcarriers with this ability retain more of their forward momentum during tackles while travelling at high speeds. Tank Ballcarriers with this ability have an increased chance to break hit-stick tackle attempts made on them. Backlash Ballcarriers with this ability will cause increased fatigue penalties against their tackler when tackled via a non-conservative tackle.",https://www.maddenratings.com/derrick-henry
Baltimore Ravens,Roquan Smith,,,,Field General,93,29,"April 8, 1997",United States,Georgia,9,2018,8,Chicago Bears,86,88,80,87,91,81,95,98,95,25,10,10,8,6,13,10,72,39,40,13,12,11,22,54,36,39,82,41,35,31,47,12,96,68,60,79,97,92,71,77,88,56,45,45,87,45,45,45,45,22,14,22,10,2678,"Reinforcement The game's top defenders excel in all situations. When they enter the zone, this ability increases their chance of defeating run blocks, and disrupting catches via tackles. Secure Tackler Defenders with this ability have an increased chance to avoid fakeouts. Mid Zone KO Defenders with this ability have a slightly improved chance to force catch knockouts and react quicker in any mid-field zone coverage, less than 20 yards from the LoS inside the numbers and 10-20 outside. Deflator Defenders with this ability will cause increased fatigue penalties when tackling a ballcarrier with a non-conservative tackle.",https://www.maddenratings.com/roquan-smith
Baltimore Ravens,Kyle Hamilton,SS,Strong Safety,14,Run Support,92,25,"March 16, 2001",,Notre Dame,5,2022,14,Baltimore Ravens,88,91,72,88,92,91,89,91,87,36,20,28,24,20,33,15,78,72,68,37,34,32,44,68,57,55,81,70,55,65,73,35,80,52,68,71,89,95,87,84,88,88,35,35,67,35,35,35,35,34,22,21,35,3080,Out My Way Defenders with this ability will have a slightly increased chance to win impact blocks against receivers. Outmatched Defenders with this ability have a slightly improved chance to force catch knockouts against running backs,https://www.maddenratings.com/kyle-hamilton
Baltimore Ravens,Mark Andrews,TE,Tight End,89,Vertical Threat,90,30,"September 6, 1995",United States,Oklahoma,9,2018,86,Baltimore Ravens,87,89,81,78,93,93,92,94,89,25,15,15,10,5,10,5,91,90,90,81,77,73,78,73,73,73,75,86,82,68,80,16,27,10,10,28,32,15,12,15,25,10,68,54,67,63,66,50,54,49,12,10,10,2774,Matchup Nightmare Receivers with this ability make sharper cuts and frequently win contested catches when covered by linebackers and linemen.,https://www.maddenratings.com/mark-andrews
Baltimore Ravens,Justin Madubuike,DT,Defensive Tackle,92,,90,28,"November 17, 1997",United States,Texas AM,7,2020,71,Baltimore Ravens,80,82,92,74,85,70,91,83,88,16,10,6,6,6,6,6,44,28,25,15,7,3,15,30,10,34,63,17,25,30,25,12,96,76,87,89,88,86,22,26,85,20,45,45,85,45,45,45,45,27,15,12,10,2278,Inside Stuff Defenders with this ability have slightly improved run shed moves and disengage angles for a better chance at stopping inside run plays. B.O.G.O. Defenders with this ability are granted a free pass rush move once per play after spending stamina to perform one,https://www.maddenratings.com/justin-madubuike
Baltimore Ravens,Trey Hendrickson,REDG,Right Edge,91,Smaller Speed Rusher,90,31,"December 5, 1994",United States,FAU,10,2017,103,New Orleans Saints,83,86,83,83,91,81,92,88,84,23,14,6,6,6,6,6,44,27,30,17,10,6,16,41,28,43,67,45,42,28,39,12,87,85,94,78,94,90,36,41,84,37,45,45,83,45,45,44,45,18,17,17,10,2473,"Edge Threat Defenders with this ability are slightly more likely to use faster, more dominant pass rush moves while rushing from the edge of the defense, and have more favorable disengage angles. No Outsiders Defenders with this ability have slightly improved run shed moves and disengage angles for a better chance at stopping outside zone plays.",https://www.maddenratings.com/trey-hendrickson
Baltimore Ravens,Zay Flowers,WR,Wide Receiver,4,,88,25,"September 11, 2000",United States,Boston College,4,2023,22,Baltimore Ravens,93,92,55,93,90,85,92,92,89,51,31,39,35,30,38,28,88,85,83,86,89,85,79,71,80,38,92,93,44,83,94,30,36,15,20,34,40,27,27,37,30,27,47,28,44,25,29,13,15,26,20,15,72,2880,,https://www.maddenratings.com/zay-flowers
Baltimore Ravens,Ronnie Stanley,LT,Left Tackle,79,Power,86,32,"March 18, 1994",United States,Notre Dame,11,2016,6,Baltimore Ravens,70,66,92,68,97,71,79,87,76,22,16,6,6,6,6,6,24,20,22,19,9,6,22,32,8,27,55,15,19,13,22,12,31,18,14,27,29,18,11,13,42,9,86,87,89,88,84,85,87,86,20,17,9,2049,Secure Protector Blockers with this ability reduce a rusher's chances of using a quick block shed move. Edge Protector Blockers with this ability reduce an edge pass rusher's chances of using a quick block shed move.,https://www.maddenratings.com/ronnie-stanley
Baltimore Ravens,Marlon Humphrey,CB,Cornerback,44,Zone,85,30,"July 8, 1996",United States,Alabama,10,2017,16,Baltimore Ravens,91,92,74,85,88,85,88,96,79,22,10,6,6,6,6,6,78,68,56,15,11,10,15,62,56,29,87,68,36,61,76,16,70,37,51,61,79,89,81,84,77,96,35,35,62,35,35,35,35,20,30,25,62,2718,,https://www.maddenratings.com/marlon-humphrey
Baltimore Ravens,Chidobe Awuzie,CB,Cornerback,3,Zone,83,31,"May 24, 1995",United States,Colorado,10,2017,60,Dallas Cowboys,89,92,69,86,86,91,87,91,84,32,12,6,6,6,6,6,72,71,57,34,23,16,27,68,54,32,85,67,42,68,78,14,66,36,51,54,77,86,83,85,79,78,35,35,47,35,35,35,35,17,26,22,69,2743,,https://www.maddenratings.com/chidobe-awuzie
Baltimore Ravens,Calais Campbell,DT,Defensive Tackle,93,,82,39,"September 1, 1986",United States,Miami,19,2008,50,Arizona Cardinals,73,73,89,73,83,82,95,79,89,35,14,6,6,6,6,6,41,15,10,10,3,2,12,46,16,41,60,20,45,15,15,12,83,81,73,89,81,84,20,27,83,35,45,45,91,45,45,45,45,19,30,30,10,2284,,https://www.maddenratings.com/calais-campbell
Baltimore Ravens,Nate Wiggins,CB,Cornerback,2,Man to Man,81,22,"August 28, 2003",United States,Clemson,3,2024,30,Baltimore Ravens,96,95,49,92,75,86,87,90,78,33,16,27,23,21,29,18,73,70,61,47,45,42,37,58,71,21,90,79,30,76,77,32,67,25,29,43,72,74,82,75,54,68,28,21,32,21,21,11,13,20,15,16,72,2683,,https://www.maddenratings.com/nate-wiggins
Baltimore Ravens,John Simpson,RG,Right Guard,74,Power,80,28,"August 19, 1997",United States,Clemson,7,2020,109,Las Vegas Raiders,69,66,92,50,86,74,90,89,90,14,15,6,6,6,6,6,32,15,15,20,10,6,15,42,12,25,49,22,35,20,10,12,31,27,10,27,27,17,12,12,38,10,82,78,86,84,79,80,73,83,35,22,10,2028,,https://www.maddenratings.com/john-simpson
Baltimore Ravens,Travis Jones,DT,Defensive Tackle,98,,79,26,"October 15, 1999",United States,Connecticut,5,2022,76,Baltimore Ravens,74,71,95,70,74,71,90,80,89,20,10,6,6,6,6,6,26,14,13,10,6,5,14,25,19,33,59,20,35,17,18,10,86,77,64,82,78,73,15,19,81,16,45,45,87,45,45,45,45,35,15,14,10,2120,,https://www.maddenratings.com/travis-jones
Baltimore Ravens,Jaylinn Hawkins,FS,Free Safety,21,Zone,78,28,"August 25, 1997",Panama,California,7,2020,134,Atlanta Falcons,87,87,63,82,81,85,88,91,81,27,12,6,6,6,6,6,74,72,60,40,37,30,32,55,45,48,77,63,51,61,66,15,73,50,44,61,79,79,71,80,87,68,30,30,62,35,35,35,35,10,28,24,60,2716,,https://www.maddenratings.com/jaylinn-hawkins
Baltimore Ravens,Malaki Starks,FS,Free Safety,24,Zone,78,22,"November 13, 2003",United States,Georgia,2,2025,27,Baltimore Ravens,89,91,63,90,77,80,93,93,91,40,32,33,29,26,33,30,72,62,57,32,25,21,29,62,60,49,91,71,49,64,72,35,76,36,37,58,82,73,73,76,79,72,35,35,56,35,35,35,35,25,21,18,81,2914,,https://www.maddenratings.com/malaki-starks
Baltimore Ravens,Olaivavega Ioane,,,71,Power,78,22,"April 17, 2004",United States,Penn State,,2026,14,Baltimore Ravens,62,70,89,66,78,77,89,86,87,15,11,6,6,6,6,6,28,24,16,14,5,5,13,25,10,24,57,14,19,10,10,14,44,44,42,35,34,24,12,14,37,10,80,79,86,83,77,79,76,83,24,26,10,2047,,https://www.maddenratings.com/olaivavega-ioane
Baltimore Ravens,Roger Rosengarten,RT,Right Tackle,70,,78,24,"June 3, 2002",United States,Washington,3,2024,62,Baltimore Ravens,75,77,82,69,83,74,93,87,79,17,8,9,6,5,5,5,12,14,11,10,10,8,12,32,25,25,61,10,15,32,33,12,28,10,10,28,33,22,15,10,29,10,80,81,85,81,82,79,83,82,16,11,10,1981,,https://www.maddenratings.com/roger-rosengarten
Baltimore Ravens,Tyler Loop,K,Kicker,33,Power,78,25,"August 4, 2001",United States,Arizona,2,2025,186,Baltimore Ravens,74,75,40,67,62,59,87,83,66,25,15,30,28,20,16,16,30,13,13,14,12,10,12,34,12,12,53,17,16,12,18,13,20,10,10,10,24,14,10,11,13,10,10,12,12,10,10,11,13,13,97,85,10,1469,,https://www.maddenratings.com/tyler-loop
Baltimore Ravens,Trenton Simpson,WILL,Weak Backer,32,Run Stopper,78,25,"June 14, 2001",United States,Clemson,4,2023,86,Baltimore Ravens,91,95,77,81,76,94,93,85,87,35,24,36,31,27,37,31,47,51,44,25,21,15,23,64,56,55,79,68,57,64,72,40,83,59,69,75,84,75,62,66,90,64,45,35,70,45,45,35,35,34,16,14,10,2892,,https://www.maddenratings.com/trenton-simpson
Baltimore Ravens,Justice Hill,HB,Halfback,43,Elusive Back,77,28,"November 14, 1997",United States,Oklahoma St.,8,2019,113,Baltimore Ravens,90,90,67,87,80,91,81,82,77,24,13,20,17,13,15,10,77,53,55,68,60,52,54,88,75,66,85,81,75,81,84,22,25,10,10,21,28,16,12,15,15,12,30,51,39,14,17,32,28,32,14,10,83,2447,,https://www.maddenratings.com/justice-hill
Baltimore Ravens,Rashod Bateman,WR,Wide Receiver,7,Deep Threat,77,26,"November 29, 1999",United States,Minnesota,6,2021,27,Baltimore Ravens,90,91,60,88,75,89,84,87,90,28,18,15,10,10,10,15,82,85,83,79,78,80,83,74,77,48,85,83,60,71,80,22,29,10,10,29,34,17,12,16,25,17,44,36,46,27,31,21,24,23,22,20,50,2573,,https://www.maddenratings.com/rashod-bateman
Baltimore Ravens,Zion Young,LEDG,Left Edge,9,,76,22,"March 18, 2004",,Missouri,,,,,81,78,88,75,71,79,92,82,87,18,16,20,18,10,18,16,33,31,31,17,15,10,17,49,39,38,69,37,37,31,31,20,84,75,68,83,81,75,18,24,83,31,45,45,86,45,45,45,45,42,27,20,30,2451,,https://www.maddenratings.com/zion-young
Baltimore Ravens,John Jenkins,DT,Defensive Tackle,94,,75,37,"July 11, 1989",United States,Georgia,14,2013,82,New Orleans Saints,70,62,90,54,78,63,84,71,76,25,10,6,6,6,6,6,30,15,15,15,7,3,15,40,10,45,42,15,25,10,10,12,87,73,55,77,76,79,10,15,81,10,45,45,88,45,45,45,45,35,23,17,10,2028,,https://www.maddenratings.com/john-jenkins
Baltimore Ravens,Mike Green,REDG,Right Edge,15,Smaller Speed Rusher,75,23,"July 28, 2003",United States,Marshall,2,2025,59,Baltimore Ravens,88,92,79,88,66,88,87,74,85,16,10,6,8,6,6,6,37,25,23,15,8,7,12,42,27,26,77,37,34,36,35,22,79,66,76,72,79,64,28,39,75,25,45,45,77,45,45,45,45,20,24,24,26,2312,,https://www.maddenratings.com/mike-green
Baltimore Ravens,Tavius Robinson,LEDG,Left Edge,95,Power Rusher,74,27,"January 3, 1999",Canada,Ole Miss,4,2023,124,Baltimore Ravens,84,91,79,71,74,81,86,74,77,20,16,6,6,6,6,6,35,35,31,20,15,10,12,36,31,32,62,43,43,45,50,16,85,75,60,73,80,73,31,38,82,32,45,45,81,45,45,45,45,32,13,14,10,2348,,https://www.maddenratings.com/tavius-robinson
Baltimore Ravens,Ryan Eckley,P,Punter,30,Power,73,22,"February 16, 2004",,Michigan St.,,,,,75,82,47,64,58,68,87,87,76,29,18,16,21,26,27,28,28,28,16,11,12,14,16,55,28,10,53,15,22,26,21,32,29,10,10,23,32,23,10,12,26,10,20,14,19,17,13,17,15,14,92,80,10,1692,,https://www.maddenratings.com/ryan-eckley
Baltimore Ravens,Adisa Isaac,LEDG,Left Edge,50,Smaller Speed Rusher,72,24,"October 4, 2001",United States,Penn State,3,2024,93,Baltimore Ravens,81,86,72,77,73,83,83,78,83,19,10,6,6,6,6,6,25,22,21,10,7,5,12,24,13,26,71,24,34,35,41,14,79,71,75,71,80,71,42,49,74,42,49,49,78,45,50,48,51,20,22,21,10,2256,,https://www.maddenratings.com/adisa-isaac
Baltimore Ravens,Andrew Vorhees,LG,Left Guard,72,Power,71,27,"January 21, 1999",United States,USC,4,2023,229,Baltimore Ravens,65,74,97,51,72,72,81,80,89,15,7,5,5,5,5,5,30,25,24,22,16,14,15,32,15,25,48,15,32,10,10,6,29,40,25,35,21,23,8,9,39,8,75,72,81,72,77,74,69,77,11,10,10,1932,,https://www.maddenratings.com/andrew-vorhees
Baltimore Ravens,Broderick Washington Jr,DT,Defensive Tackle,96,,71,29,"December 4, 1996",United States,Texas Tech,7,,,,70,72,83,61,76,65,88,73,88,27,16,6,6,6,6,6,23,12,10,10,3,2,12,34,11,31,51,19,26,11,13,12,79,73,63,75,77,79,19,26,79,10,57,55,85,56,54,55,52,54,17,13,10,2117,,https://www.maddenratings.com/broderick-washington-jr
Baltimore Ravens,Chandler Rivers,CB,Cornerback,29,Man to Man,71,22,"October 17, 2003",,Duke,,,,,92,94,57,85,64,92,85,86,82,24,10,6,6,6,6,6,64,65,60,45,40,36,42,59,52,32,88,68,39,62,69,14,58,35,38,44,73,64,72,69,54,73,35,35,43,35,35,35,35,14,14,12,58,2567,,https://www.maddenratings.com/chandler-rivers
Baltimore Ravens,Devontez Walker,WR,Wide Receiver,81,Deep Threat,71,25,"June 19, 2001",United States,North Carolina,3,2024,113,Baltimore Ravens,94,93,63,87,60,94,89,81,81,23,19,15,10,6,10,6,80,85,81,73,74,75,73,70,75,52,84,77,56,75,78,22,33,10,10,31,29,17,12,20,28,10,49,38,49,25,32,20,20,31,20,16,42,2503,,https://www.maddenratings.com/devontez-walker
Baltimore Ravens,Elijah Sarratt,WR,Wide Receiver,13,Deep Threat,71,23,"May 28, 2003",,Indiana,,,,,89,91,62,83,68,81,92,91,92,33,30,30,26,20,28,27,81,82,80,74,76,75,75,75,76,56,79,80,69,70,78,29,23,14,18,25,26,25,20,23,27,27,52,34,48,31,32,32,32,30,32,28,62,2739,,https://www.maddenratings.com/elijah-sarratt
Baltimore Ravens,Ja&#8217;Kobi Lane,WR,Wide Receiver,6,Deep Threat,71,22,"August 5, 2004",,USC,,,,,90,91,62,86,77,93,91,86,88,35,22,27,23,19,23,20,78,83,81,70,72,73,70,74,71,51,82,76,61,66,73,20,27,18,20,24,23,24,18,20,25,22,46,30,41,28,26,28,28,30,27,24,55,2618,,https://www.maddenratings.com/jakobi-lane
Baltimore Ravens,K&#8217;Von Wallace,FS,Free Safety,26,Hybrid,71,29,"July 25, 1997",United States,Clemson,7,,,,86,90,64,88,72,90,88,87,84,34,10,27,21,14,22,6,62,61,55,38,33,25,35,55,49,39,85,61,42,66,71,19,69,40,48,60,73,71,67,71,79,71,35,25,60,35,35,35,35,15,15,15,41,2674,,https://www.maddenratings.com/kvon-wallace
Baltimore Ravens,Durham Smythe,TE,Tight End,80,Possession,70,30,"August 9, 1995",United States,Notre Dame,9,2018,123,Miami Dolphins,80,82,75,75,77,76,90,86,86,25,14,15,10,6,10,6,86,76,74,66,62,56,65,75,62,71,72,63,67,50,68,18,28,10,10,19,25,21,10,13,12,10,62,60,71,57,62,56,59,58,19,14,10,2530,,https://www.maddenratings.com/durham-smythe
Baltimore Ravens,Emery Jones Jr.,RT,Right Tackle,51,Power,70,22,"March 5, 2004",United States,LSU,2,2025,91,Baltimore Ravens,70,74,88,57,68,71,88,87,88,20,10,6,6,6,6,6,21,21,22,20,5,5,13,33,13,30,54,14,10,10,10,12,31,42,23,35,33,26,11,12,33,10,73,75,85,74,72,76,74,81,14,16,10,1950,,https://www.maddenratings.com/emery-jones-jr
Baltimore Ravens,LaJohntay Wester,WR,Wide Receiver,10,,70,24,"March 29, 2002",United States,Colorado,2,2025,203,Baltimore Ravens,90,91,62,88,63,79,91,87,90,15,31,15,15,16,17,21,79,83,82,75,73,72,71,68,71,39,92,81,40,71,74,21,28,19,22,26,24,34,66,22,21,24,41,20,34,12,12,18,10,21,20,21,80,2538,,https://www.maddenratings.com/lajohntay-wester
Baltimore Ravens,Nick Moore,LS,Long Snapper,46,Accurate,70,33,"December 9, 1992",United States,Georgia,7,,,,70,73,70,73,64,74,88,82,83,39,10,10,10,10,10,10,70,58,52,48,43,38,44,68,20,34,66,48,42,41,48,18,57,19,24,43,58,42,36,42,53,33,51,54,56,40,35,50,40,53,25,24,10,2359,,https://www.maddenratings.com/nick-moore
Baltimore Ravens,T.J. Tampa,CB,Cornerback,27,Man to Man,70,24,"March 13, 2002",United States,Iowa State,3,2024,130,Baltimore Ravens,88,88,60,86,68,91,93,86,85,40,11,33,32,23,22,21,73,71,67,54,51,47,53,62,66,44,87,71,45,66,70,24,54,35,43,51,69,72,71,70,72,75,25,15,56,20,20,12,10,25,20,15,68,2776,,https://www.maddenratings.com/tj-tampa
Baltimore Ravens,Bilhal Kone,CB,Cornerback,31,Man to Man,69,24,"March 3, 2002",United States,W. Michigan,2,2025,178,Baltimore Ravens,91,92,58,87,66,84,87,88,88,29,31,24,27,24,18,19,69,65,54,18,17,16,27,54,44,28,82,70,39,64,72,30,58,26,25,45,72,65,70,66,51,70,35,35,46,25,35,25,35,23,22,27,82,2600,,https://www.maddenratings.com/bilhal-kone
Baltimore Ravens,Robert Longerbeam,CB,Cornerback,37,Man to Man,69,25,"January 18, 2001",United States,Rutgers,2,2025,212,Baltimore Ravens,93,92,57,85,65,87,85,88,85,48,41,48,44,41,49,41,73,66,60,20,18,15,25,60,52,34,87,76,39,62,73,46,47,23,27,42,71,64,69,68,46,65,35,35,42,25,35,25,35,25,24,30,45,2733,,https://www.maddenratings.com/robert-longerbeam
Baltimore Ravens,Rasheen Ali,HB,Halfback,26,Elusive Back,69,25,"February 16, 2001",United States,Marshall,3,2024,165,Baltimore Ravens,92,92,74,86,69,81,80,89,80,25,11,21,15,12,15,13,67,53,53,61,54,45,49,83,73,69,85,78,69,71,76,23,35,10,10,31,34,20,15,20,27,17,30,46,34,25,24,35,31,28,19,14,77,2446,,https://www.maddenratings.com/rasheen-ali
Baltimore Ravens,Tyler Huntley,QB,Quarterback,5,,68,28,"February 3, 1998",United States,Utah,7,,,,85,90,53,85,66,88,84,80,88,86,78,83,80,72,79,77,46,45,43,29,21,18,20,60,60,38,80,74,25,69,68,79,17,10,10,17,24,13,10,12,12,10,11,11,15,10,10,10,10,10,17,11,10,2309,,https://www.maddenratings.com/tyler-huntley
Baltimore Ravens,Carson Vinson,RT,Right Tackle,71,Agile,67,24,"November 13, 2001",United States,Alabama AM,,2025,141,Baltimore Ravens,68,70,81,63,70,71,87,86,87,15,11,6,6,6,6,6,28,29,15,15,5,5,17,26,14,25,52,13,21,10,10,13,24,23,14,37,31,22,11,14,25,10,73,74,83,71,74,72,74,79,14,11,13,1886,,https://www.maddenratings.com/carson-vinson
Baltimore Ravens,Aeneas Peebles,DT,Defensive Tackle,90,Power Rusher,67,24,"September 3, 2001",United States,Virginia Tech,2,2025,210,Baltimore Ravens,73,81,81,64,69,80,93,83,88,23,10,6,6,6,6,6,27,22,20,15,12,10,18,38,23,26,57,29,28,19,20,12,78,74,72,75,76,65,16,21,77,22,45,45,80,45,45,45,45,26,20,19,25,2167,,https://www.maddenratings.com/aeneas-peebles
Baltimore Ravens,Amani Oruwariye,CB,Cornerback,25,Zone,67,30,"February 9, 1996",United States,Penn State,8,,,,87,84,65,85,74,87,88,90,89,27,13,6,6,6,6,6,73,70,62,26,16,11,27,62,58,41,83,65,35,66,72,15,52,35,41,50,72,70,66,72,53,78,34,33,44,33,34,33,34,15,18,17,56,2541,,https://www.maddenratings.com/amani-oruwariye
Baltimore Ravens,Cornelius Johnson,WR,Wide Receiver,86,,67,25,"November 29, 2000",United States,Michigan,3,2024,253,Los Angeles Chargers,91,91,63,86,59,88,91,85,88,23,19,15,10,10,15,15,77,81,80,73,72,69,71,71,71,50,82,76,51,67,75,20,37,10,10,34,40,18,17,21,30,17,43,26,40,24,28,15,15,28,18,12,45,2463,,https://www.maddenratings.com/cornelius-johnson
Baltimore Ravens,Evan Beerntsen,RG,Right Guard,60,Power,67,25,"September 19, 2000",,Northwestern,,,,,64,69,80,63,63,79,95,84,88,16,12,6,6,6,6,6,35,23,15,28,25,22,24,24,10,26,54,12,25,10,10,27,25,10,10,32,44,24,12,14,29,10,75,73,84,73,72,74,71,82,23,24,10,1984,,https://www.maddenratings.com/evan-beerntsen
Baltimore Ravens,Rayshaun Benny,DT,Defensive Tackle,99,,67,24,"May 8, 2002",,Michigan,,,,,70,78,86,61,60,75,80,74,86,14,10,6,6,6,6,6,35,30,30,15,13,2,21,36,15,37,51,30,39,30,30,12,82,71,68,73,76,58,27,28,81,25,52,53,85,51,52,51,54,27,15,28,10,2217,,https://www.maddenratings.com/rayshaun-benny
Baltimore Ravens,Danny Pinter,C,Center,63,Agile,66,30,"June 19, 1996",United States,Ball State,7,2020,149,Indianapolis Colts,73,74,82,59,74,73,87,82,85,30,11,6,6,6,6,6,48,37,40,34,31,25,40,38,31,35,55,33,30,18,25,12,37,33,21,35,29,30,13,15,33,10,74,64,80,72,77,62,66,86,22,21,10,2182,,https://www.maddenratings.com/danny-pinter
Baltimore Ravens,Aaron Graves,DT,Defensive Tackle,59,,65,26,"June 30, 2000",,Iowa,,,,,62,71,82,67,64,78,88,77,82,19,10,6,6,6,6,6,36,20,25,15,7,3,14,35,19,41,58,28,23,17,24,12,80,71,63,75,73,62,17,19,77,18,45,45,84,45,45,45,45,19,15,16,10,2076,,https://www.maddenratings.com/aaron-graves
Baltimore Ravens,Adam Randall,HB,Halfback,23,Elusive Back,65,22,"July 14, 2004",,Clemson,,,,,90,89,70,83,69,88,87,86,95,26,24,23,18,12,25,20,64,62,63,68,63,58,59,84,74,71,79,74,70,73,79,22,26,15,18,26,27,23,18,26,24,25,30,48,34,23,26,26,23,29,24,22,78,2559,,https://www.maddenratings.com/adam-randall
Baltimore Ravens,Cortez Braham Jr.,WR,Wide Receiver,82,Deep Threat,65,26,"March 6, 2000",,Memphis,,,,,87,92,63,76,67,78,89,85,87,29,24,24,16,10,14,23,78,78,77,67,69,71,69,72,74,54,75,78,64,69,76,21,27,14,16,22,30,25,17,19,24,21,51,24,46,21,27,24,16,33,21,19,59,2512,,https://www.maddenratings.com/cortez-braham-jr
Baltimore Ravens,Keyon Martin,CB,Cornerback,38,Man to Man,65,25,"May 16, 2001",United States,UL Lafayette,2,,,,92,93,54,85,54,92,84,87,83,25,10,6,6,6,6,6,62,61,59,29,17,12,26,55,52,29,86,60,33,64,70,10,51,27,35,44,69,51,67,66,55,67,35,30,40,35,35,30,30,17,14,13,55,2380,,https://www.maddenratings.com/keyon-martin
Baltimore Ravens,Diego Pavia,QB,Quarterback,17,,64,23,"September 18, 2002",,Vanderbilt,,,,,79,85,69,87,29,74,95,94,95,86,80,83,77,73,81,74,51,22,22,22,24,26,25,63,74,74,84,84,69,71,76,85,25,21,30,35,41,28,22,31,22,14,30,41,33,28,29,28,32,36,18,15,28,2720,,https://www.maddenratings.com/diego-pavia
Baltimore Ravens,Jovaughn Gwyn,C,Center,54,Agile,64,27,"March 18, 1999",United States,South Carolina,4,2023,225,Atlanta Falcons,68,77,89,57,71,69,92,84,80,19,10,7,6,5,5,6,26,14,12,12,8,5,11,30,7,17,54,10,22,11,12,11,40,32,33,30,26,38,12,11,40,10,64,71,74,62,67,68,74,79,22,20,10,1890,,https://www.maddenratings.com/jovaughn-gwyn
Baltimore Ravens,Josh Cuevas,TE,Tight End,85,Vertical Threat,64,22,"September 15, 2003",,Alabama,,,,,83,86,74,74,69,82,89,91,91,30,25,30,22,18,21,26,78,78,75,61,55,50,62,73,64,59,72,66,66,60,66,30,54,40,38,49,48,47,41,45,53,32,58,57,61,58,57,57,56,55,26,29,48,2935,,https://www.maddenratings.com/josh-cuevas
Baltimore Ravens,Kaimon Rucker,REDG,Right Edge,56,Power Rusher,64,24,"February 28, 2002",United States,North Carolina,2,,,,81,84,81,72,53,84,87,79,85,19,10,6,6,6,6,6,33,24,25,13,7,5,15,35,23,34,68,34,36,27,28,12,77,69,67,69,80,52,36,45,77,30,45,45,66,45,45,45,45,20,15,13,10,2180,,https://www.maddenratings.com/kaimon-rucker
Baltimore Ravens,Marquise Robinson,CB,Cornerback,28,Man to Man,64,24,"July 16, 2002",United States,Arkansas,2,,,,91,93,64,79,56,83,92,88,87,22,10,6,6,6,6,6,66,66,60,28,15,12,25,58,50,30,81,65,35,64,68,11,54,25,33,42,72,54,67,70,56,68,35,30,53,35,35,30,30,15,13,15,50,2411,,https://www.maddenratings.com/marquise-robinson
Baltimore Ravens,Matthew Hibner,TE,Tight End,88,Vertical Threat,64,24,"March 9, 2002",,SMU,,,,,87,89,75,73,56,88,89,81,87,29,22,20,15,13,22,20,81,76,77,62,56,54,63,72,63,63,75,65,64,60,66,24,51,30,25,52,57,43,33,37,49,19,59,58,62,58,58,57,57,55,33,28,49,2857,,https://www.maddenratings.com/matthew-hibner
Baltimore Ravens,Skylar Thompson,QB,Quarterback,11,Strong Arm,64,29,"June 4, 1997",United States,Kansas State,5,2022,247,Miami Dolphins,77,84,65,83,59,76,85,78,82,88,76,79,79,76,76,78,34,19,16,15,14,12,14,56,53,43,79,75,41,43,60,65,26,10,10,22,30,14,10,15,20,10,20,15,17,19,22,12,12,22,23,19,10,2238,,https://www.maddenratings.com/skylar-thompson
Baltimore Ravens,C.J. Okoye,DT,Defensive Tackle,97,,63,24,"October 20, 2001",Nigeria,No College,2,,,,58,61,89,56,62,66,88,82,88,20,10,6,6,6,6,6,35,19,22,15,7,5,15,32,15,32,46,23,24,17,21,12,78,69,62,70,71,60,16,20,79,15,45,45,89,45,45,45,45,26,17,11,10,2013,,https://www.maddenratings.com/c-j-okoye
Baltimore Ravens,Dominic DeLuca,WILL,Weak Backer,42,Run Stopper,63,24,"July 20, 2002",,Penn State,,,,,85,87,68,83,56,79,79,81,85,15,14,6,6,6,6,6,61,47,51,15,5,5,15,60,24,32,77,35,31,33,35,12,75,56,51,63,82,56,61,66,78,47,45,45,68,45,45,45,45,28,14,12,10,2337,,https://www.maddenratings.com/dominic-deluca
Baltimore Ravens,Silas Walters,FS,Free Safety,36,Hybrid,63,24,"July 20, 2002",,Miami Univ.,,,,,88,89,62,85,56,91,86,87,87,23,12,6,6,6,6,6,61,62,58,25,23,21,22,54,53,53,86,66,45,57,64,11,66,33,44,51,76,57,62,67,71,68,35,35,56,35,35,35,35,25,24,14,50,2531,,https://www.maddenratings.com/silas-walters
Baltimore Ravens,Carl Jones,MIKE,Mike Backer,48,Field General,62,24,"August 8, 2001",United States,UCLA,2,,,,89,88,70,79,60,82,88,87,87,23,12,6,6,6,6,6,55,42,43,26,23,20,23,55,31,43,71,45,41,42,50,22,80,52,53,64,79,58,54,60,79,42,45,45,72,45,45,45,45,23,19,19,10,2461,,https://www.maddenratings.com/carl-jones
Baltimore Ravens,Jay Higgins,MIKE,Mike Backer,49,Field General,61,24,"February 14, 2002",United States,Iowa,2,,,,78,84,68,83,62,80,88,88,87,23,12,6,6,6,6,6,53,51,41,28,25,22,26,56,31,42,76,45,41,43,51,22,79,53,51,63,78,60,53,61,80,42,45,45,73,45,45,45,45,24,23,19,10,2475,,https://www.maddenratings.com/jay-higgins
Baltimore Ravens,Jared Penning,LG,Left Guard,68,Agile,60,25,"September 17, 2000",United States,Northern Iowa,2,,,,61,63,82,57,58,66,86,84,85,12,15,6,6,6,6,6,21,15,15,14,5,5,11,22,9,20,52,12,15,10,10,12,23,16,10,23,29,15,11,12,24,10,69,68,77,68,69,67,68,78,13,14,10,1721,,https://www.maddenratings.com/jared-penning
Baltimore Ravens,Corey Bullock,C,Center,67,Power,60,24,"December 9, 2001",United States,Maryland,3,,,,62,65,85,61,58,69,88,82,82,12,15,6,6,6,6,6,25,11,13,10,9,5,12,25,9,25,54,17,17,10,10,12,26,15,12,23,27,12,12,13,23,10,70,67,81,71,67,68,66,78,12,13,10,1749,,https://www.maddenratings.com/corey-bullock
Baltimore Ravens,Diego Pounds,LT,Left Tackle,61,Power,60,23,"December 12, 2002",,Ole Miss,,,,,67,73,81,55,61,74,86,82,89,11,10,6,6,6,6,6,24,17,15,15,5,5,15,31,14,22,55,16,16,10,10,14,42,60,24,26,25,26,14,14,33,10,67,71,72,67,69,71,69,69,19,13,10,1874,,https://www.maddenratings.com/diego-pounds
Baltimore Ravens,Keondre Jackson,SS,Strong Safety,39,Hybrid,60,24,"May 2, 2002",United States,Illinois St.,2,,,,83,83,65,86,57,85,89,88,84,28,10,6,6,6,6,6,64,64,61,30,23,18,24,60,51,29,82,62,33,62,75,14,57,30,36,45,68,60,69,65,61,72,35,30,53,35,35,30,30,15,15,16,51,2448,,https://www.maddenratings.com/keondre-jackson
Baltimore Ravens,Joe Fagnano,QB,Quarterback,12,,59,25,"March 31, 2001",,Connecticut,,,,,78,82,64,82,55,84,82,89,86,86,74,80,75,71,76,75,33,22,26,23,20,18,18,67,60,50,79,65,46,47,56,66,24,15,20,24,27,20,18,19,24,10,21,15,21,15,10,15,15,23,30,26,27,2354,,https://www.maddenratings.com/joe-fagnano
Buffalo Bills,Josh Allen,QB,Quarterback,17,Improviser,99,30,"May 21, 1996",United States,Wyoming,9,2018,7,Buffalo Bills,87,90,81,84,96,92,99,98,98,98,94,97,90,93,98,97,40,23,20,22,15,13,18,63,86,76,81,97,83,78,81,94,32,9,9,23,33,15,12,18,11,9,17,14,26,10,10,15,10,17,22,14,13,2721,"Bazooka Quarterbacks with generational arms have the power to stretch any defense to its breaking point. When they enter the zone, their maximum throw distance is increased Fastbreak Passers with this ability receive better blocking support on designed quarterback run plays. Dashing Deadeye Passers with this ability have elite accuracy on all unpressured throws under 40 yards while running outside the pocket (except on high throws). Extender While in the pocket, passers with this ability have a slightly improved chance to break the first sack attempt by a blitzing defensive back. Gunslinger QB has slightly increased pass anim speed when throwing under pressure.",https://www.maddenratings.com/josh-allen
Buffalo Bills,James Cook,HB,Halfback,4,Elusive Back,94,26,"September 25, 1999",United States,Georgia,5,2022,63,Buffalo Bills,93,94,67,94,90,81,89,89,84,27,17,20,14,10,10,10,70,54,52,68,65,57,62,90,87,64,92,91,71,89,95,20,40,10,10,35,47,31,24,34,37,17,42,51,38,24,29,21,26,43,19,14,74,2682,Juke Box Ballcarriers with this ability have steerable juke animations. Backfield Mismatch Running backs with this ability have slightly improved catch in traffic and route running when coming out of the backfield against linebackers and linemen.,https://www.maddenratings.com/james-cook
Buffalo Bills,Dion Dawkins,LT,Left Tackle,73,Pass Protector,88,32,"April 26, 1994",United States,Temple,10,2017,63,Buffalo Bills,75,71,92,78,97,66,95,92,86,23,14,6,6,6,6,6,41,12,10,25,14,10,19,28,8,33,52,17,27,11,22,12,31,10,10,27,24,13,12,15,40,10,84,88,91,87,82,90,86,90,24,22,10,2106,Run Protector Blockers with this ability reduce a rusher's chances of using most quick run block shed moves. Tough Nut Blockers with this ability have an increased number of blocker resistance points.,https://www.maddenratings.com/dion-dawkins
Buffalo Bills,Gregory Rousseau,LEDG,Left Edge,15,,88,26,"April 5, 2000",United States,Miami,6,2021,30,Buffalo Bills,86,89,83,81,92,83,90,89,83,22,17,6,6,6,6,6,51,44,40,30,26,21,31,48,29,32,68,49,44,35,42,12,89,87,82,87,89,90,35,44,83,31,44,44,83,44,45,46,44,29,20,19,9,2591,B.O.G.O. Defenders with this ability are granted a free pass rush move once per play after spending stamina to perform one Max Effort Defenders with this ability will ignore one bar of blocker resistance when attempting pass rush moves with effort,https://www.maddenratings.com/gregory-rousseau
Buffalo Bills,Spencer Brown,RT,Right Tackle,79,Power,85,28,"February 28, 1998",United States,Northern Iowa,6,2021,93,Buffalo Bills,73,79,91,74,85,77,89,86,85,23,10,6,6,6,6,6,55,49,49,33,14,5,23,50,24,35,56,27,30,10,10,12,42,49,38,34,51,33,12,15,45,10,88,80,91,89,87,83,78,89,25,25,10,2358,,https://www.maddenratings.com/spencer-brown
Buffalo Bills,D.J. Moore,WR,Wide Receiver,2,,84,29,"April 14, 1997",United States,Maryland,9,2018,24,Carolina Panthers,91,91,66,92,83,95,95,94,92,43,22,33,27,20,23,15,91,91,89,81,81,80,85,73,85,70,88,95,82,79,92,23,30,10,10,22,36,22,18,24,18,29,53,30,41,27,21,22,25,20,18,13,80,2836,,https://www.maddenratings.com/dj-moore
Buffalo Bills,Christian Benford,CB,Cornerback,47,Zone,83,25,"September 21, 2000",United States,Villanova,5,2022,185,Buffalo Bills,89,92,65,82,87,87,90,90,84,30,10,6,6,6,6,6,75,66,60,32,27,24,38,61,52,37,81,57,40,63,70,15,73,35,41,51,76,88,80,84,57,86,35,35,52,35,35,35,35,17,18,12,45,2659,,https://www.maddenratings.com/christian-benford
Buffalo Bills,Khalil Shakir,WR,Wide Receiver,10,,83,26,"February 3, 2000",United States,Boise State,5,2022,148,Buffalo Bills,90,93,63,85,91,89,88,89,80,39,27,31,27,21,29,21,94,85,81,82,84,79,74,73,83,45,86,92,52,79,88,26,25,10,10,27,28,16,11,17,21,14,39,29,40,20,24,20,25,21,19,15,76,2673,,https://www.maddenratings.com/khalil-shakir
Buffalo Bills,Terrel Bernard,MIKE,Mike Backer,8,Field General,83,27,"May 7, 1999",United States,Baylor,5,2022,89,Buffalo Bills,85,91,67,82,88,85,86,89,88,21,12,22,17,15,15,11,74,51,45,15,5,5,15,49,33,39,78,48,44,51,61,18,86,52,62,72,92,90,65,72,81,40,45,45,74,45,45,45,45,19,17,13,30,2640,,https://www.maddenratings.com/terrel-bernard
Buffalo Bills,Connor McGovern,C,Center,66,,81,28,"November 3, 1997",United States,Penn State,8,,,,68,61,87,61,92,67,87,96,84,30,13,10,10,10,10,10,35,15,15,15,5,5,12,40,5,20,54,10,10,10,10,12,40,10,10,20,15,15,12,15,20,10,82,83,84,81,83,81,84,76,25,25,10,1950,,https://www.maddenratings.com/connor-mcgovern-lg
Buffalo Bills,Dalton Kincaid,TE,Tight End,86,Vertical Threat,81,26,"October 18, 1999",United States,Utah,4,2023,25,Buffalo Bills,86,90,71,67,84,90,87,84,83,25,10,15,10,6,10,6,92,84,82,76,70,72,74,76,67,67,79,75,63,61,73,17,37,10,10,35,33,17,16,20,41,23,60,58,62,57,60,54,58,56,21,19,39,2738,,https://www.maddenratings.com/dalton-kincaid
Buffalo Bills,Cole Bishop,FS,Free Safety,24,Zone,80,23,"October 24, 2002",United States,Utah,3,2024,60,Buffalo Bills,91,93,64,84,79,92,91,88,87,36,24,35,32,24,32,19,66,68,58,15,15,12,14,65,64,49,81,64,53,66,67,31,70,57,53,62,79,77,74,81,74,71,21,15,65,19,18,13,14,33,27,28,60,2770,,https://www.maddenratings.com/cole-bishop
Buffalo Bills,Geno Stone,FS,Free Safety,25,Run Support,79,27,"April 19, 1999",United States,Iowa,7,2020,219,Baltimore Ravens,86,88,58,86,85,82,88,91,89,42,26,29,25,21,33,20,82,63,48,30,15,11,34,65,49,48,83,65,55,62,67,26,72,33,38,56,76,86,71,77,86,60,16,12,55,35,35,35,35,14,17,22,55,2738,,https://www.maddenratings.com/geno-stone
Buffalo Bills,Bradley Chubb,REDG,Right Edge,9,,78,30,"June 24, 1996",United States,N.C. State,9,2018,5,Denver Broncos,84,85,89,77,79,86,86,82,95,20,16,6,6,6,6,6,56,55,36,15,8,4,13,53,36,32,67,39,42,33,38,12,79,71,77,79,82,80,48,53,87,28,45,45,92,45,45,45,45,17,18,15,10,2474,,https://www.maddenratings.com/bradley-chubb
Buffalo Bills,Maxwell Hairston,CB,Cornerback,31,Man to Man,78,23,"August 6, 2003",United States,Kentucky,2,2025,30,Buffalo Bills,96,93,59,92,70,93,86,83,86,20,23,15,15,21,22,13,74,68,61,37,35,38,43,63,50,27,93,77,34,69,79,22,61,26,31,46,73,67,78,78,51,73,35,25,46,25,35,25,35,22,20,19,47,2675,,https://www.maddenratings.com/maxwell-hairston
Buffalo Bills,Mike Danna,LEDG,Left Edge,51,,77,28,"December 1, 1997",United States,Michigan,7,,,,80,83,82,74,78,71,91,80,86,26,10,6,6,6,6,6,31,18,16,10,5,5,15,31,27,37,62,47,43,32,31,12,87,74,65,78,82,80,16,25,78,16,45,45,87,45,45,45,45,14,17,13,6,2221,,https://www.maddenratings.com/mike-danna
Buffalo Bills,T.J. Parker,,,99,,77,21,"September 19, 2004",United States,Clemson,,,,,83,87,82,83,69,83,94,84,91,12,15,13,18,10,11,12,37,40,38,17,15,10,18,50,34,37,73,35,40,36,40,20,86,79,71,82,84,71,34,41,87,36,45,45,85,45,45,45,45,45,26,20,29,2533,,https://www.maddenratings.com/tj-parker
Buffalo Bills,Austin Corbett,LG,Left Guard,63,Agile,76,30,"September 5, 1995",United States,Nevada,9,2018,33,Cleveland Browns,68,69,85,56,82,70,85,88,87,23,10,6,6,6,6,6,18,12,15,10,5,5,12,32,7,23,51,15,10,10,10,12,29,20,10,15,23,16,12,12,27,10,78,80,82,76,80,78,81,83,17,13,10,1852,,https://www.maddenratings.com/austin-corbett
Buffalo Bills,Dawson Knox,TE,Tight End,88,Vertical Threat,76,29,"November 14, 1996",United States,Ole Miss,8,2019,96,Buffalo Bills,86,89,72,83,76,91,89,90,85,41,20,28,23,17,25,21,83,85,82,68,63,58,68,71,53,72,75,73,75,56,62,21,31,10,10,28,31,14,13,16,21,13,65,63,65,60,65,59,62,53,14,12,25,2731,,https://www.maddenratings.com/dawson-knox
Buffalo Bills,Dee Alford,CB,Cornerback,23,Zone,76,28,"November 5, 1997",United States,Tusculum College,6,,,,91,90,49,85,78,85,88,85,78,22,12,6,6,6,6,6,71,72,62,30,25,21,33,60,67,33,84,78,32,67,74,12,66,30,33,43,70,77,76,78,51,67,18,13,37,33,34,33,34,15,14,15,75,2526,,https://www.maddenratings.com/dee-alford
Buffalo Bills,Mitch Wishnowsky,P,Punter,19,Power,76,34,"March 3, 1992",Australia,Utah,8,2019,110,San Francisco 49ers,83,85,56,70,58,79,84,88,83,34,14,30,30,25,20,20,33,18,14,15,15,15,15,50,29,24,54,20,10,10,10,17,52,10,10,23,46,28,10,27,63,10,7,9,24,10,10,10,10,10,94,86,10,1767,,https://www.maddenratings.com/mitch-wishnowsky
Buffalo Bills,C.J. Gardner-Johnson,SS,Strong Safety,22,Zone,75,28,"December 20, 1997",United States,Florida,8,2019,105,New Orleans Saints,90,89,68,83,77,86,85,91,83,25,20,15,10,10,15,15,84,66,61,28,21,15,26,64,53,38,84,68,25,65,74,12,66,36,51,53,77,73,69,75,76,77,35,35,61,35,35,35,35,19,65,50,64,2768,,https://www.maddenratings.com/cj-gardner-johnson
Buffalo Bills,Josh Palmer,WR,Wide Receiver,5,Deep Threat,75,26,"September 22, 1999",Canada,Tennessee,6,2021,77,Los Angeles Chargers,87,89,65,83,84,88,92,86,89,28,16,20,15,10,10,6,84,85,87,77,77,76,79,75,77,52,82,77,63,71,76,18,26,10,10,26,31,16,15,19,18,16,38,28,39,29,24,24,20,20,18,13,55,2519,,https://www.maddenratings.com/josh-palmer
Buffalo Bills,Keon Coleman,,,,,75,23,"May 17, 2003",United States,Florida State,3,2024,33,Buffalo Bills,87,88,72,87,73,94,88,85,84,65,19,52,46,40,35,28,84,88,85,77,77,75,79,74,77,52,88,84,62,73,78,22,40,10,10,40,45,26,25,31,39,28,42,52,40,33,27,30,30,15,22,20,77,2900,,https://www.maddenratings.com/keon-coleman
Buffalo Bills,Lloyd Cushenberry III,C,Center,53,Power,75,28,"November 22, 1997",United States,LSU,7,2020,83,Denver Broncos,70,65,85,56,89,61,88,88,92,22,15,6,6,6,6,6,30,12,10,10,5,5,12,30,9,20,49,10,10,10,10,12,22,15,12,23,25,28,13,14,22,10,77,77,83,78,76,77,78,81,22,21,10,1869,,https://www.maddenratings.com/lloyd-cushenberry-iii
Buffalo Bills,Michael Hoecht,LEDG,Left Edge,55,Smaller Speed Rusher,75,28,"October 5, 1997",Canada,Brown,7,,,,83,85,83,79,75,81,89,75,88,10,14,6,6,6,6,6,33,33,35,30,22,17,15,52,36,57,66,47,51,44,51,12,79,69,77,76,81,73,46,50,80,18,45,49,84,45,45,45,45,23,8,6,35,2472,,https://www.maddenratings.com/michael-hoecht
Buffalo Bills,O&#8217;Cyrus Torrence,RG,Right Guard,64,Power,75,26,"January 20, 2000",United States,Florida,4,2023,59,Buffalo Bills,61,68,91,50,75,61,92,92,91,21,12,7,6,5,6,6,25,14,12,10,7,5,12,34,5,15,51,10,10,10,10,11,35,21,10,39,22,10,7,8,45,7,79,76,86,82,76,79,73,67,14,13,10,1844,,https://www.maddenratings.com/ocyrus-torrence
Buffalo Bills,Ray Davis,HB,Halfback,7,Elusive Back,75,26,"November 11, 1999",United States,Kentucky,3,2024,128,Buffalo Bills,88,88,78,86,74,84,87,88,85,40,27,32,26,20,31,25,71,56,52,66,61,54,55,93,83,81,85,82,75,76,82,34,33,10,10,30,36,19,12,12,30,15,36,52,35,33,28,33,27,30,58,55,88,2747,,https://www.maddenratings.com/ray-davis
Buffalo Bills,Ty Johnson,HB,Halfback,26,Elusive Back,75,28,"September 17, 1997",United States,Maryland,8,2019,186,Detroit Lions,90,89,64,85,80,82,90,85,79,23,11,20,15,10,15,13,67,52,54,65,56,51,47,91,77,65,84,79,71,75,82,20,31,10,10,24,34,15,12,15,28,15,31,51,31,17,23,25,28,29,13,16,81,2426,,https://www.maddenratings.com/ty-johnson
Buffalo Bills,Davison Igbinosun,CB,Cornerback,21,Man to Man,74,22,"April 11, 2004",,Ohio State,,,,,91,91,56,85,74,82,87,88,85,27,10,6,6,6,6,6,68,60,65,45,41,37,41,62,52,36,84,65,33,65,70,14,65,34,45,50,74,73,74,71,61,73,35,35,43,35,35,35,35,15,17,15,53,2617,,https://www.maddenratings.com/davison-igbinosun
Buffalo Bills,Dorian Williams,WILL,Weak Backer,42,Pass Coverage,74,25,"June 28, 2001",United States,Tulane,4,2023,91,Buffalo Bills,89,93,63,79,74,84,90,86,76,20,11,15,12,10,6,12,65,60,55,15,10,10,25,55,52,48,75,58,55,60,65,15,85,46,54,67,86,73,61,67,76,67,35,30,66,35,35,30,30,24,18,16,42,2586,,https://www.maddenratings.com/dorian-williams
Buffalo Bills,Landon Jackson,DT,Defensive Tackle,94,,74,23,"January 2, 2003",United States,Arkansas,2,2025,72,Buffalo Bills,83,85,81,79,72,90,82,81,84,17,27,16,14,9,25,25,35,21,21,15,8,7,12,41,26,29,64,29,29,28,31,18,81,72,71,78,80,73,26,35,80,27,45,45,80,45,45,45,45,28,21,16,25,2347,,https://www.maddenratings.com/landon-jackson
Buffalo Bills,Damar Hamlin,FS,Free Safety,3,Zone,73,28,"March 24, 1998",United States,Pittsburgh,6,2021,212,Buffalo Bills,87,92,62,85,75,84,87,91,78,25,18,6,6,6,6,6,70,65,62,37,33,31,38,63,49,42,76,66,45,63,68,14,70,33,38,52,83,74,61,71,72,62,35,35,61,35,35,35,35,32,20,20,51,2646,,https://www.maddenratings.com/damar-hamlin
Buffalo Bills,Mecole Hardman,WR,Wide Receiver,1,,73,28,"March 12, 1998",United States,Georgia,8,2019,56,Kansas City Chiefs,93,95,60,90,63,86,83,85,73,56,29,45,40,37,44,36,82,80,77,70,71,73,66,71,73,51,84,87,55,76,83,34,45,11,11,41,51,38,46,41,31,41,39,23,41,15,8,10,10,20,44,32,83,2829,,https://www.maddenratings.com/mecole-hardman
Buffalo Bills,T.J. Sanders,DT,Defensive Tackle,98,,73,23,"July 30, 2003",United States,South Carolina,2,2025,41,Buffalo Bills,74,83,88,61,73,77,90,76,89,28,12,6,6,6,6,6,20,17,16,15,13,10,15,39,25,27,58,20,32,17,19,13,78,75,68,80,77,70,14,18,78,15,45,45,86,45,45,45,45,24,15,14,22,2141,,https://www.maddenratings.com/tj-sanders
Buffalo Bills,Tommy Doman Jr,P,Punter,39,Power,73,23,"September 1, 2002",,Florida,,,,,75,82,51,62,60,66,88,86,75,34,20,15,24,20,34,24,31,27,15,10,10,10,17,56,25,10,52,25,25,21,47,26,33,10,10,25,30,25,12,16,23,10,21,13,18,17,16,16,15,15,91,78,10,1727,,https://www.maddenratings.com/tommy-doman-jr
Buffalo Bills,Dorian Strong,CB,Cornerback,43,Slot,72,24,"March 14, 2002",United States,Virginia Tech,,2025,177,Buffalo Bills,89,91,60,96,67,86,87,87,87,18,32,17,14,9,11,31,73,66,61,29,27,27,31,58,45,23,92,71,34,63,70,25,67,29,29,49,74,66,68,73,69,72,35,35,52,25,35,25,35,25,18,17,82,2657,,https://www.maddenratings.com/dorian-strong
Buffalo Bills,Deone Walker,DT,Defensive Tackle,96,,72,22,"March 11, 2004",United States,Kentucky,2,2025,109,Buffalo Bills,61,73,82,70,76,64,85,88,86,22,17,12,11,10,18,14,30,18,18,16,14,12,16,42,24,26,62,32,29,23,31,20,84,77,74,78,76,75,17,22,81,14,45,45,77,45,45,45,45,23,18,18,24,2230,,https://www.maddenratings.com/deone-walker
Buffalo Bills,Trent Sherfield,WR,Wide Receiver,81,Slot,72,30,"February 25, 1996",United States,Vanderbilt,9,,,,88,90,54,85,75,79,90,82,68,49,24,40,35,29,36,31,85,79,81,75,73,71,70,73,69,42,81,72,47,70,80,31,50,10,10,35,58,18,30,44,53,27,54,40,42,22,12,25,27,22,19,11,60,2723,,https://www.maddenratings.com/trent-sherfield
Buffalo Bills,Kaleb Elarms-Orr,WILL,Weak Backer,52,Run Stopper,71,22,"August 29, 2003",,TCU,,,,,90,91,71,80,69,89,85,86,86,13,10,6,6,6,6,6,65,64,64,38,36,34,38,60,35,44,73,41,45,52,54,14,81,52,58,69,82,68,59,64,79,46,41,41,79,42,36,48,49,29,17,15,17,2629,,https://www.maddenratings.com/kaleb-elarms-orr
Buffalo Bills,Reid Ferguson,LS,Long Snapper,69,Accurate,71,32,"March 24, 1994",United States,LSU,11,,,,72,69,65,62,68,69,94,79,83,27,10,18,16,13,19,17,57,51,54,51,47,42,48,54,43,46,61,45,52,47,51,11,33,17,17,39,48,22,14,21,27,17,50,54,46,47,42,50,40,35,21,19,18,2218,,https://www.maddenratings.com/reid-ferguson
Buffalo Bills,Skyler Bell,WR,Wide Receiver,13,,71,24,"July 5, 2002",,Connecticut,,,,,92,94,67,92,49,92,90,85,90,40,31,30,25,20,33,26,77,78,79,71,72,71,71,71,77,51,92,82,62,77,83,28,41,30,36,37,42,33,33,38,36,31,50,33,44,30,33,29,25,29,46,37,58,2869,,https://www.maddenratings.com/skyler-bell
Buffalo Bills,DeWayne Carter,DT,Defensive Tackle,90,,70,25,"December 10, 2000",United States,Duke,3,2024,95,Buffalo Bills,73,78,82,57,73,78,88,84,88,12,16,13,16,17,11,15,22,15,15,4,4,4,12,40,43,25,56,40,24,23,44,23,79,73,70,78,78,71,17,19,79,10,45,23,84,45,45,25,18,11,23,17,8,2113,,https://www.maddenratings.com/dewayne-carter
Buffalo Bills,Jordan Hancock,SS,Strong Safety,37,Hybrid,70,22,"August 12, 2003",United States,Ohio State,2,2025,170,Buffalo Bills,91,94,60,82,73,95,85,84,84,22,35,21,7,15,18,32,71,64,60,30,30,31,35,56,45,25,81,70,33,63,71,25,60,32,43,48,74,74,66,68,73,56,35,35,50,25,35,25,35,24,31,30,51,2658,,https://www.maddenratings.com/jordan-hancock
Buffalo Bills,Sam Franklin,FS,Free Safety,28,Zone,69,30,"February 2, 1996",United States,Temple,6,,,,86,88,66,84,73,85,89,87,79,27,19,6,6,6,6,6,68,62,64,41,38,29,40,57,49,39,79,68,50,62,73,14,63,50,58,59,73,72,65,70,78,59,35,35,62,33,34,33,34,19,18,17,45,2658,,https://www.maddenratings.com/sam-franklin
Buffalo Bills,Tyrell Shavers,WR,Wide Receiver,14,,69,26,"August 18, 1999",United States,San Diego St.,3,,,,91,88,55,79,73,82,86,83,85,30,19,26,22,19,29,17,81,80,78,73,71,69,63,69,75,39,83,79,41,74,81,29,28,10,12,26,38,27,21,25,27,26,45,30,41,30,25,10,11,21,23,19,53,2517,,https://www.maddenratings.com/tyrell-shavers
Buffalo Bills,Javon Solomon,REDG,Right Edge,56,Smaller Speed Rusher,69,25,"January 17, 2001",United States,Troy,3,2024,168,Buffalo Bills,82,84,77,75,70,88,90,80,81,22,15,6,6,6,6,6,47,37,35,10,6,5,15,33,24,39,64,46,37,41,47,12,79,70,72,73,76,69,36,40,76,29,45,45,80,45,45,45,45,29,12,10,10,2323,,https://www.maddenratings.com/javon-solomon
Buffalo Bills,Joe Andreessen,MIKE,Mike Backer,44,,69,26,"February 7, 2000",United States,Buffalo,3,,,,84,89,77,77,66,87,91,87,86,30,15,6,6,6,6,6,66,25,15,15,5,5,15,63,42,42,80,50,49,44,58,12,80,58,51,71,82,69,51,62,86,55,45,45,83,45,45,45,45,19,20,20,10,2492,,https://www.maddenratings.com/joe-andreessen
Buffalo Bills,Jude Bowry,RT,Right Tackle,74,Power,69,22,"August 19, 2003",,Boston College,,,,,70,75,84,68,71,78,87,88,89,16,12,6,6,6,6,6,23,19,19,15,5,5,18,24,17,25,58,10,12,10,10,12,45,38,40,44,44,20,13,13,51,10,74,71,82,72,76,77,73,80,10,12,10,2005,,https://www.maddenratings.com/jude-bowry
Buffalo Bills,Phidarian Mathis,DT,Defensive Tackle,72,,69,28,"April 26, 1998",United States,Alabama,5,2022,47,Washington Commanders,62,68,89,56,68,61,88,76,84,22,11,6,6,6,6,6,24,20,15,15,12,9,8,25,20,34,50,25,39,19,20,15,83,71,60,74,76,66,15,20,75,10,45,45,87,45,45,45,45,31,15,12,10,2040,,https://www.maddenratings.com/phidarian-mathis
Buffalo Bills,Zane Durant,DT,Defensive Tackle,92,,69,22,"May 6, 2004",,Penn State,,,,,79,84,87,62,65,81,87,77,89,24,10,6,6,6,6,6,47,30,30,10,8,3,26,42,15,44,48,30,48,30,30,12,78,72,65,74,77,64,23,25,79,21,45,45,82,45,45,45,45,28,17,24,10,2237,,https://www.maddenratings.com/zane-durant
Buffalo Bills,Jackson Hawes,TE,Tight End,85,Possession,68,25,"December 6, 2000",United States,Georgia Tech,2,2025,173,Buffalo Bills,78,86,72,73,71,83,91,85,91,24,26,25,9,15,21,20,75,73,73,65,57,53,63,70,60,66,71,68,67,65,64,21,33,28,32,33,30,25,17,20,41,13,69,61,69,69,66,62,60,60,24,27,23,2743,,https://www.maddenratings.com/jackson-hawes
Buffalo Bills,Ben VanSumeren,FB,Fullback,45,Utility,67,26,"May 5, 2000",United States,Michigan St.,4,,,,87,89,75,80,69,93,87,79,77,30,12,20,15,10,14,12,67,65,65,53,46,37,39,74,55,62,71,69,60,61,66,22,72,39,49,54,79,51,57,54,73,45,55,54,65,51,53,52,55,64,23,21,45,2872,,https://www.maddenratings.com/ben-vansumeren
Buffalo Bills,Jalon Kilgore,SS,Strong Safety,29,Hybrid,67,21,"January 27, 2005",,South Carolina,,,,,91,91,64,82,65,88,91,92,89,26,12,6,6,6,6,6,66,61,60,49,46,39,46,59,52,54,81,60,45,55,64,13,65,37,46,55,75,63,65,67,73,71,35,35,60,35,35,35,35,28,22,28,46,2682,,https://www.maddenratings.com/jalon-kilgore
Buffalo Bills,Toriano Pride Jr.,CB,Cornerback,32,Man to Man,67,22,"December 18, 2003",,Missouri,,,,,93,92,55,82,60,89,86,87,84,25,10,6,6,6,6,6,63,62,63,29,30,25,32,57,54,43,84,69,47,67,69,12,58,36,37,44,69,60,67,68,59,67,35,35,49,35,35,35,35,16,15,14,59,2527,,https://www.maddenratings.com/toriano-pride-jr
Buffalo Bills,Alec Anderson,LG,Left Guard,70,Power,66,26,"October 3, 1999",United States,UCLA,4,,,,60,55,85,48,68,62,91,82,83,25,13,6,6,6,6,6,40,25,35,28,18,10,35,45,23,32,46,28,20,15,10,12,45,35,30,40,50,30,12,15,40,10,76,68,83,73,78,72,65,74,22,20,10,2072,,https://www.maddenratings.com/alec-anderson
Buffalo Bills,Ar&#8217;maj Reed-Adams,RG,Right Guard,60,Power,66,24,"November 4, 2001",,Texas AM,,,,,63,65,85,55,63,73,88,87,86,12,12,6,6,6,6,6,29,26,18,16,5,5,11,25,10,25,46,13,16,10,10,14,36,39,37,28,33,24,15,15,25,10,73,71,81,72,74,73,74,77,29,26,10,1920,,https://www.maddenratings.com/armaj-reed-adams
Buffalo Bills,Shane Zylstra,TE,Tight End,48,Vertical Threat,66,29,"November 16, 1996",United States,Minnesota State,6,,,,81,83,65,78,62,83,87,82,81,25,10,6,6,6,6,6,79,80,80,64,62,59,68,76,71,62,77,80,61,65,70,22,34,22,20,31,44,24,15,15,35,18,58,49,52,51,56,46,48,36,24,21,10,2552,,https://www.maddenratings.com/shane-zylstra
Buffalo Bills,Sedrick Van Pran-Granger,C,Center,62,Agile,66,24,"October 23, 2001",United States,Georgia,3,2024,141,Buffalo Bills,66,73,82,69,78,68,95,85,87,17,14,9,8,6,7,8,24,15,10,12,5,5,10,25,9,23,53,15,24,9,10,11,31,19,17,25,27,20,10,10,26,10,72,72,81,70,72,70,69,77,10,9,10,1839,,https://www.maddenratings.com/sedrick-van-pran-granger
Buffalo Bills,Chase Lundt,LT,Left Tackle,77,,65,26,"June 16, 2000",United States,Connecticut,2,2025,206,Buffalo Bills,69,74,82,62,72,67,85,86,87,20,13,6,6,6,6,6,37,27,27,24,21,17,20,44,13,24,56,25,27,25,26,11,25,20,18,25,29,18,11,13,26,10,71,70,85,69,72,69,71,77,11,12,10,1983,,https://www.maddenratings.com/chase-lundt
Buffalo Bills,Tommy Akingbesote,DT,Defensive Tackle,71,Power Rusher,65,23,"February 25, 2003",United States,Maryland,2,2025,247,Dallas Cowboys,69,74,82,62,70,73,90,77,85,27,12,12,10,8,10,13,21,18,18,17,15,12,15,37,20,32,55,28,35,21,18,11,73,74,63,73,72,69,13,17,75,17,45,45,82,45,45,45,45,26,23,21,27,2142,,https://www.maddenratings.com/tommy-akingbesote
Buffalo Bills,Zion Logue,DT,Defensive Tackle,93,,65,25,"July 13, 2001",United States,Georgia,3,2024,197,Atlanta Falcons,68,68,83,56,60,72,89,81,85,25,15,6,6,6,6,6,34,15,15,15,8,4,17,45,10,25,50,10,10,10,10,12,80,69,64,74,75,63,15,25,77,22,45,45,84,45,45,45,45,18,19,15,10,2002,,https://www.maddenratings.com/zion-logue
Buffalo Bills,Deven Thompkins,WR,Wide Receiver,38,,64,26,"December 23, 1999",United States,Utah State,5,,,,93,93,48,85,62,91,83,80,77,24,11,20,15,10,24,17,77,74,71,63,62,65,53,61,60,25,89,82,32,69,76,24,20,10,10,15,28,22,27,25,14,15,30,31,30,13,11,13,14,19,15,12,76,2266,,https://www.maddenratings.com/deven-thompkins
Buffalo Bills,Jimmy Ciarlo,MIKE,Mike Backer,35,Pass Coverage,64,25,"February 28, 2001",United States,Army,2,,,,86,90,67,84,61,86,86,86,87,21,12,6,6,6,6,6,52,46,45,22,20,18,15,57,42,44,78,45,45,46,44,22,79,49,52,63,80,59,56,63,78,47,45,45,72,45,45,45,45,21,21,17,10,2474,,https://www.maddenratings.com/jimmy-ciarlo
Buffalo Bills,Andre Jones,REDG,Right Edge,59,Power Rusher,63,27,"October 25, 1998",United States,UL Lafayette,4,2023,233,Washington Commanders,80,90,67,78,62,76,91,72,87,19,14,18,12,10,11,10,49,47,43,38,35,33,32,44,44,45,71,48,52,43,47,22,75,66,57,71,82,61,36,53,81,45,40,35,69,40,40,35,35,42,24,22,25,2524,,https://www.maddenratings.com/andre-jones
Buffalo Bills,Nick Broeker,LG,Left Guard,65,Power,63,25,"October 7, 2000",United States,Ole Miss,4,2023,230,Buffalo Bills,63,74,81,60,72,68,92,85,81,25,10,10,8,6,6,6,35,33,30,24,21,18,15,42,26,30,56,24,21,23,24,14,26,38,26,32,35,32,11,12,29,10,68,69,73,66,70,71,67,78,19,15,10,2040,,https://www.maddenratings.com/nick-broeker
Buffalo Bills,Travis Clayton,LT,Left Tackle,67,,63,25,"February 17, 2001",United States,No College,3,2024,221,Buffalo Bills,79,82,79,72,51,66,87,74,81,29,7,24,22,16,11,12,39,37,35,31,26,24,28,41,14,41,58,25,47,30,33,21,33,31,23,35,41,25,9,9,46,7,70,69,75,68,72,64,74,84,53,46,10,2266,,https://www.maddenratings.com/travis-clayton
Buffalo Bills,Tylan Grable,LT,Left Tackle,68,,63,26,"October 4, 1999",United States,UCF,3,2024,204,Buffalo Bills,74,81,81,73,68,87,88,81,79,57,35,52,48,45,39,35,51,55,49,43,35,33,51,57,34,58,65,52,57,44,46,49,48,57,46,45,51,42,12,13,52,10,70,69,79,67,70,70,69,79,13,13,10,2787,,https://www.maddenratings.com/tylan-grable
Buffalo Bills,Demetrius Flannigan-Fowles,MIKE,Mike Backer,50,Pass Coverage,62,29,"September 4, 1996",United States,Arizona,8,,,,86,84,65,76,66,83,91,82,81,27,12,6,6,6,6,6,67,66,57,37,27,22,24,55,45,48,74,54,51,61,69,15,74,43,58,61,79,63,58,65,77,60,30,30,69,35,35,35,35,10,28,24,40,2564,,https://www.maddenratings.com/demetrius-flannigan-fowles
Buffalo Bills,Keleki Latu,TE,Tight End,83,Possession,62,23,"August 13, 2002",United States,Washington,2,,,,76,87,67,81,62,74,87,82,83,25,10,15,10,6,10,6,75,74,73,63,58,51,64,70,62,59,73,64,60,52,63,13,32,11,12,35,37,25,15,17,35,15,61,60,61,59,55,62,58,55,17,14,13,2504,,https://www.maddenratings.com/keleki-latu
Buffalo Bills,Frank Gore Jr,HB,Halfback,20,Elusive Back,61,24,"March 13, 2002",United States,Southern Miss,3,,,,84,87,66,81,73,75,90,90,92,46,33,43,39,32,48,29,64,53,54,50,46,39,49,81,70,69,80,77,70,68,76,35,28,10,10,23,32,23,13,12,30,20,26,35,43,20,22,22,30,22,29,31,44,2514,,https://www.maddenratings.com/frank-gore-jr
Buffalo Bills,Kyle Allen,QB,Quarterback,11,Field General,60,30,"March 8, 1996",United States,Houston,9,,,,81,76,53,73,62,71,89,71,84,84,73,82,77,74,74,74,24,66,18,18,17,15,19,56,33,27,75,52,42,70,49,60,28,9,9,21,28,21,12,18,11,9,16,17,22,10,10,14,18,12,18,15,11,2168,,https://www.maddenratings.com/kyle-allen
Buffalo Bills,Shane Buechele,QB,Quarterback,6,Field General,52,28,"January 8, 1998",United States,SMU,6,,,,73,75,51,71,57,74,89,76,86,82,65,77,73,69,71,66,32,24,21,18,16,10,19,61,37,28,68,64,29,42,55,50,19,10,9,11,20,15,15,16,18,10,24,20,32,20,20,20,20,25,24,21,10,2108,,https://www.maddenratings.com/shane-buechele
Carolina Panthers,Derrick Brown,DT,Defensive Tackle,95,,96,28,"April 15, 1998",United States,Auburn,7,2020,7,Carolina Panthers,75,76,98,70,97,68,95,88,95,41,31,35,30,27,36,25,53,49,47,42,38,33,39,56,38,60,58,53,52,50,52,33,96,86,68,95,86,95,24,30,84,23,50,48,93,50,46,48,44,42,22,14,30,2914,"Swim Club Defenders with this ability will ignore one bar of blocker resistance when attempting swim/club pass rush moves Unpredictable Defenders with this ability are less likely to increase their blocker's resistance bars when performing shed wins Interior Threat Defenders with this ability are slightly more likely to use faster, more dominant pass rush moves while rushing from the interior of the defense, and have more favorable disengage angles.",https://www.maddenratings.com/derrick-brown
Carolina Panthers,Jaycee Horn,CB,Cornerback,8,Man to Man,87,26,"November 26, 1999",United States,South Carolina,6,2021,8,Carolina Panthers,91,92,65,87,88,94,84,90,85,30,17,18,12,8,29,6,77,73,63,34,24,17,27,65,54,36,88,71,47,67,74,17,63,30,41,48,76,90,87,85,68,87,35,35,50,35,35,35,35,19,23,14,55,2776,Medium Route KO Defenders with this ability have a slightly improved chance to succeed at catch tackle knockouts in man-to-man versus medium routes 10-20 yards from the LoS,https://www.maddenratings.com/jaycee-horn
Carolina Panthers,Devin Lloyd,MIKE,Mike Backer,55,Field General,86,27,"September 30, 1998",United States,Utah,5,2022,27,Jacksonville Jaguars,86,90,78,79,88,84,92,93,88,28,10,16,12,10,15,6,75,70,58,32,30,28,33,65,53,47,75,68,46,46,61,18,87,58,66,78,92,90,69,74,86,51,45,45,86,45,45,45,45,24,41,38,10,2900,"Short Route KO Defenders with this ability have a slightly improved chance to succeed at catch tackle knockouts in man-to-man versus short routes less than 10 yards from the LoS Lurker Defenders with this ability can make spectacular interceptions while lurking in zones, and are more likely to attempt and succeed at diving swats/catches.",https://www.maddenratings.com/devin-lloyd
Carolina Panthers,Damien Lewis,LG,Left Guard,68,Power,85,29,"March 21, 1997",United States,LSU,7,2020,69,Seattle Seahawks,67,64,89,55,88,74,91,88,94,26,12,6,6,6,6,6,26,15,15,15,5,5,15,30,5,40,46,15,35,15,10,12,42,40,27,38,35,30,12,15,47,10,86,87,88,88,83,89,84,82,25,25,10,2125,,https://www.maddenratings.com/damien-lewis
Carolina Panthers,Tetairoa McMillan,WR,Wide Receiver,4,Slot,85,23,"April 5, 2003",United States,Arizona,2,2025,8,Carolina Panthers,89,91,76,90,91,95,92,96,89,79,53,62,56,54,69,36,87,89,87,87,87,82,88,73,78,58,88,87,67,73,77,52,44,31,34,39,46,28,27,26,41,22,45,26,49,35,35,24,17,34,27,17,71,3196,Quick Jump Players with this ability have a slightly reduced stamina cost and slightly longer perfect window for jumping snaps.,https://www.maddenratings.com/tetairoa-mcmillan
Carolina Panthers,Taylor Moton,RT,Right Tackle,72,Pass Protector,84,31,"August 18, 1994",United States,W. Michigan,10,2017,64,Carolina Panthers,68,64,88,61,96,75,99,96,96,20,7,18,13,6,12,6,28,29,15,13,5,5,12,23,10,29,55,23,14,10,15,12,31,10,10,34,28,10,12,12,36,10,86,85,90,84,88,87,84,82,22,21,10,2055,,https://www.maddenratings.com/taylor-moton
Carolina Panthers,Chuba Hubbard,HB,Halfback,30,Elusive Back,81,27,"June 11, 1999",Canada,Oklahoma St.,6,2021,126,Carolina Panthers,91,92,73,87,80,86,90,88,83,31,14,25,20,15,16,18,73,55,57,64,58,48,47,90,84,76,85,87,78,79,85,40,32,11,11,27,36,19,11,18,23,16,42,54,41,29,33,37,32,39,22,17,76,2641,,https://www.maddenratings.com/chuba-hubbard
Carolina Panthers,Jaelan Phillips,REDG,Right Edge,5,Smaller Speed Rusher,81,27,"May 28, 1999",United States,Miami,6,2021,18,Miami Dolphins,87,89,83,85,78,87,83,85,76,18,15,6,6,6,6,6,39,21,21,22,16,12,23,39,16,30,76,32,32,31,35,11,82,79,83,77,84,78,41,49,78,27,45,45,83,45,45,45,45,13,19,14,10,2359,,https://www.maddenratings.com/jaelan-phillips
Carolina Panthers,Robert Hunt,RG,Right Guard,50,Power,81,29,"August 25, 1996",United States,UL Lafayette,7,2020,39,Miami Dolphins,65,57,89,60,90,68,89,92,87,25,14,6,6,6,6,6,41,26,19,12,5,5,12,38,27,36,50,28,15,10,30,12,39,29,10,30,25,26,12,15,39,10,84,78,87,82,86,80,75,88,20,20,10,2077,,https://www.maddenratings.com/robert-hunt
Carolina Panthers,Trevon Moehrig,FS,Free Safety,7,Run Support,81,27,"June 16, 1999",United States,TCU,6,,,,89,89,64,81,86,80,92,92,85,22,20,6,6,6,6,6,75,69,68,38,36,32,45,64,51,42,81,64,55,63,70,10,76,40,46,58,83,85,66,75,89,72,35,35,54,35,35,35,35,29,21,21,65,2783,,https://www.maddenratings.com/trevon-moehrig
Carolina Panthers,Ikem Ekwonu,LT,Left Tackle,79,Power,80,25,"October 31, 2000",Nigeria,N.C. State,5,2022,6,Carolina Panthers,74,77,93,57,81,72,93,88,97,23,11,6,6,6,6,6,32,15,14,10,5,5,12,40,17,28,56,16,30,10,10,14,45,42,35,44,45,35,12,14,55,10,85,77,93,83,87,79,74,86,27,23,10,2171,,https://www.maddenratings.com/ikem-ekwonu
Carolina Panthers,Mike Jackson Sr,CB,Cornerback,2,Man to Man,80,29,"January 10, 1997",United States,Miami,8,,,,90,87,61,83,85,93,87,91,81,25,12,6,6,6,6,6,69,64,49,29,19,12,45,57,43,31,85,56,38,60,67,10,65,32,37,53,75,84,83,83,63,74,35,35,45,35,35,35,35,15,15,14,30,2537,,https://www.maddenratings.com/mike-jackson-sr
Carolina Panthers,Rasheed Walker,LT,Left Tackle,63,Pass Protector,79,26,"February 13, 2000",United States,Penn State,5,2022,249,Green Bay Packers,63,72,87,62,79,69,89,87,77,22,11,6,6,6,6,6,30,20,15,10,5,5,12,36,15,30,57,25,31,24,27,12,43,49,39,46,38,33,10,12,42,10,75,85,87,72,77,87,83,75,15,14,10,2104,,https://www.maddenratings.com/rasheed-walker
Carolina Panthers,Bryce Young,QB,Quarterback,9,Improviser,78,25,"July 5, 2001",United States,Alabama,4,2023,1,Carolina Panthers,87,89,54,84,76,75,89,85,86,87,86,89,83,87,86,81,35,19,18,16,12,9,13,59,69,32,88,80,36,68,80,81,20,10,10,17,32,13,9,10,14,9,16,12,19,10,10,10,12,13,23,23,22,2353,,https://www.maddenratings.com/bryce-young
Carolina Panthers,J.J. Jansen,LS,Long Snapper,44,Power,78,40,"January 20, 1986",United States,Notre Dame,20,,,,63,70,70,66,71,42,93,74,76,37,16,6,6,6,6,6,60,44,51,45,40,35,40,62,20,24,59,20,10,10,13,10,53,10,10,42,60,25,14,12,50,10,54,56,69,50,42,50,40,53,15,21,10,1997,,https://www.maddenratings.com/jj-jansen
Carolina Panthers,Brady Christensen,LG,Left Guard,70,Power,76,29,"September 27, 1996",United States,BYU,6,2021,70,Carolina Panthers,73,77,88,70,75,82,90,84,78,21,16,6,6,6,6,6,26,28,24,14,12,11,22,30,11,30,54,16,21,10,11,12,25,10,10,17,18,15,12,15,24,10,76,80,80,79,73,83,77,75,18,12,10,1935,,https://www.maddenratings.com/brady-christensen
Carolina Panthers,Jalen Coker,WR,Wide Receiver,18,Deep Threat,76,24,"October 31, 2001",United States,Holy Cross,3,,,,91,92,63,79,82,94,88,82,81,50,34,42,33,28,43,29,89,84,85,78,77,76,74,75,73,51,77,78,59,65,78,29,34,11,11,35,37,21,16,24,24,16,48,40,47,32,26,11,15,21,23,22,25,2698,,https://www.maddenratings.com/jalen-coker
Carolina Panthers,Jonathon Brooks,HB,Halfback,25,Elusive Back,76,23,"July 21, 2003",United States,Texas,3,2024,46,Carolina Panthers,90,91,70,90,68,85,82,82,86,23,18,20,15,10,20,15,65,50,50,65,58,51,56,91,80,81,88,81,78,77,84,25,38,10,10,35,41,30,23,30,34,25,32,54,36,21,26,43,39,31,28,22,40,2593,,https://www.maddenratings.com/jonathon-brooks
Carolina Panthers,Ryan Fitzgerald,K,Kicker,10,Power,76,25,"August 13, 2000",United States,Florida State,2,,,,72,71,53,58,61,51,86,83,65,23,16,29,28,26,18,18,29,14,10,10,10,10,12,32,13,12,50,13,15,13,11,14,24,10,10,12,26,13,12,14,18,10,15,12,13,20,11,11,13,11,94,86,10,1471,,https://www.maddenratings.com/ryan-fitzgerald
Carolina Panthers,Monroe Freeling,,,57,,75,22,"July 25, 2004",United States,Georgia,,2026,19,Carolina Panthers,75,79,86,68,79,81,85,80,84,15,12,6,6,6,6,6,22,14,15,19,5,5,15,25,17,25,57,15,11,10,10,12,28,10,10,24,25,23,12,15,43,10,78,78,83,77,80,78,80,80,10,12,10,1917,,https://www.maddenratings.com/monroe-freeling
Carolina Panthers,Nic Scourton,LEDG,Left Edge,11,Smaller Speed Rusher,75,21,"August 25, 2004",United States,Texas AM,2,2025,51,Carolina Panthers,82,90,83,81,76,84,90,81,86,28,32,15,10,9,9,25,33,22,20,15,8,7,13,39,29,33,73,35,41,37,41,19,78,71,76,75,80,75,43,50,76,29,45,45,83,45,45,45,45,25,26,23,33,2459,,https://www.maddenratings.com/nic-scourton
Carolina Panthers,Nick Scott,SS,Strong Safety,21,Zone,75,31,"May 17, 1995",United States,Penn State,8,2019,243,Los Angeles Rams,89,92,64,81,77,92,91,91,84,28,17,6,6,6,6,6,69,65,49,39,26,20,21,69,60,50,81,73,50,67,73,17,69,28,50,53,77,76,67,74,85,64,35,45,58,35,35,35,35,17,18,14,40,2675,,https://www.maddenratings.com/nick-scott
Carolina Panthers,A.J. Dillon,HB,Halfback,28,Power Back,74,28,"May 2, 1998",United States,Boston College,7,,,,87,85,85,78,71,89,92,83,88,31,15,20,15,10,18,15,68,52,44,51,44,34,41,90,81,86,79,82,85,75,76,36,29,15,10,31,33,15,10,17,28,15,56,62,53,48,40,42,37,57,18,12,25,2559,,https://www.maddenratings.com/aj-dillon
Carolina Panthers,Bobby Brown III,DT,Defensive Tackle,97,,74,26,"August 7, 2000",Grenada,Texas AM,6,,,,71,78,86,62,73,80,88,70,85,22,11,6,6,6,6,6,26,14,13,10,6,5,14,25,14,39,60,22,34,22,23,12,86,69,59,79,77,72,16,23,77,17,45,44,85,44,45,44,44,33,18,19,9,2100,,https://www.maddenratings.com/bobby-brown-iii
Carolina Panthers,Lee Hunter,DT,Defensive Tackle,92,,74,24,"July 2, 2002",,Texas Tech,,,,,66,71,88,61,77,65,85,79,87,17,10,6,6,6,6,6,25,24,26,12,10,2,29,47,16,45,50,22,47,23,25,12,83,73,67,78,79,75,30,22,81,24,51,55,83,52,52,54,53,28,13,29,10,2243,,https://www.maddenratings.com/lee-hunter
Carolina Panthers,Sam Martin,P,Punter,6,Power,74,36,"February 27, 1990",United States,Appalach. St.,14,2013,165,Detroit Lions,75,70,46,54,63,65,92,85,75,41,13,15,15,15,18,15,45,12,10,10,10,10,12,48,10,10,50,15,10,10,10,17,24,10,10,10,35,15,10,25,12,10,25,20,15,15,15,15,15,15,89,78,10,1519,,https://www.maddenratings.com/sam-martin
Carolina Panthers,Tershawn Wharton,DT,Defensive Tackle,98,,74,28,"June 25, 1998",United States,Missouri University of Science & Technology,7,,,,78,82,87,72,77,76,87,81,88,25,10,6,6,6,6,6,36,24,10,10,5,3,12,27,17,35,59,16,24,13,17,12,80,64,74,75,79,76,19,29,80,10,45,45,81,45,45,45,45,22,20,20,10,2122,,https://www.maddenratings.com/tershawn-wharton
Carolina Panthers,Trevin Wallace,WILL,Weak Backer,32,Pass Coverage,74,23,"February 22, 2003",United States,Kentucky,3,2024,72,Carolina Panthers,89,88,70,81,73,89,90,83,85,50,35,47,44,42,44,37,66,62,57,38,24,12,26,64,50,67,75,64,65,63,66,51,85,62,67,73,84,69,69,70,83,65,45,40,80,45,44,35,34,31,21,20,50,3069,,https://www.maddenratings.com/trevin-wallace
Carolina Panthers,Xavier Legette,WR,Wide Receiver,17,,74,25,"January 29, 2001",United States,South Carolina,3,2024,32,Carolina Panthers,93,93,73,89,67,92,89,85,84,48,33,38,32,25,42,31,81,83,83,72,72,74,71,75,78,59,86,83,66,75,82,46,38,11,11,36,41,23,23,28,33,22,53,47,57,33,41,35,32,34,23,19,81,2921,,https://www.maddenratings.com/xavier-legette
Carolina Panthers,Chau Smith-Wade,CB,Cornerback,26,,73,23,"September 17, 2002",United States,Wash. St.,3,2024,157,Carolina Panthers,88,92,57,86,73,83,88,85,85,27,11,17,14,9,9,6,69,54,47,26,16,11,27,50,59,26,84,64,31,67,71,10,71,26,27,42,73,72,72,75,51,65,15,10,42,33,34,33,34,15,29,27,56,2444,,https://www.maddenratings.com/chau-smith-wade
Carolina Panthers,Isaiah Simmons,FS,Free Safety,27,Hybrid,73,28,"July 26, 1998",United States,Clemson,7,2020,8,Arizona Cardinals,91,91,73,83,73,93,93,90,87,24,12,6,6,6,6,6,75,67,60,39,36,32,43,65,43,39,77,69,47,63,68,12,73,62,60,63,73,71,68,66,83,72,29,23,67,45,45,45,45,18,20,20,58,2781,,https://www.maddenratings.com/isaiah-simmons
Carolina Panthers,John Metchie,WR,Wide Receiver,13,,73,26,"July 18, 2000",,Alabama,5,2022,44,Houston Texans,90,91,66,87,73,84,84,81,90,24,17,15,10,6,10,6,80,79,79,76,75,73,75,77,75,49,87,84,47,77,82,23,24,10,10,22,29,16,10,17,17,12,48,31,46,26,32,20,19,28,18,15,73,2495,,https://www.maddenratings.com/john-metchie
Carolina Panthers,Chris Brazzell II,WR,Wide Receiver,19,Deep Threat,72,22,"October 23, 2003",,Tennessee,,,,,93,94,60,88,66,91,92,85,91,26,20,23,18,15,19,20,79,81,77,73,75,77,74,75,72,50,86,77,63,68,74,21,40,27,30,40,47,41,33,40,38,28,47,29,42,30,29,24,22,26,26,20,42,2724,,https://www.maddenratings.com/chris-brazzell-ii
Carolina Panthers,Patrick Jones II,LEDG,Left Edge,91,Power Rusher,72,27,"September 29, 1998",United States,Pittsburgh,6,2021,90,Minnesota Vikings,76,86,78,71,78,78,88,78,82,18,16,6,6,6,6,6,38,23,22,10,5,5,12,41,23,27,64,28,31,33,37,12,79,75,67,75,80,76,30,39,76,26,45,45,82,45,45,45,45,16,17,12,10,2220,,https://www.maddenratings.com/patrick-jones-ii
Carolina Panthers,Tommy Tremble,TE,Tight End,82,Possession,72,26,"June 2, 2000",United States,Notre Dame,6,2021,83,Carolina Panthers,86,89,75,79,76,83,89,87,82,26,10,15,10,6,10,6,79,77,78,69,64,61,63,74,55,66,72,68,64,63,67,16,34,10,10,37,36,23,15,22,26,21,62,58,71,58,62,57,54,62,18,14,27,2642,,https://www.maddenratings.com/tommy-tremble
Carolina Panthers,Princely Umanmielen,REDG,Right Edge,3,Smaller Speed Rusher,72,24,"April 18, 2002",United States,Ole Miss,2,2025,77,Carolina Panthers,82,89,79,80,68,89,88,80,86,25,10,19,10,6,6,6,32,22,23,15,8,7,15,39,24,25,69,31,31,33,39,22,76,70,77,79,78,64,46,52,78,39,45,45,76,45,45,45,45,25,22,23,28,2361,,https://www.maddenratings.com/princely-umanmielen
Carolina Panthers,Akayleb Evans,CB,Cornerback,29,Zone,71,27,"June 2, 1999",United States,Missouri,5,2022,118,Minnesota Vikings,90,92,65,81,69,86,85,86,83,24,11,15,10,10,19,11,59,52,48,28,23,17,27,55,45,38,86,54,33,60,65,21,56,35,40,49,70,68,66,76,66,78,35,33,55,35,35,33,33,26,14,13,40,2504,,https://www.maddenratings.com/akayleb-evans
Carolina Panthers,David Moore,WR,Wide Receiver,83,Deep Threat,71,31,"January 15, 1995",United States,East Central Univ.,10,,,,87,85,74,81,78,86,85,80,85,35,19,29,25,15,22,15,85,85,82,74,75,74,73,72,76,56,75,78,71,63,77,22,37,10,10,33,40,25,18,25,28,33,54,56,55,24,17,30,29,33,33,25,70,2724,,https://www.maddenratings.com/david-moore
Carolina Panthers,Luke Fortner,C,Center,77,Agile,71,28,"May 15, 1998",United States,Kentucky,5,2022,65,Jacksonville Jaguars,65,72,87,59,75,72,91,89,87,17,14,6,6,6,6,6,24,15,10,12,5,5,14,25,9,21,48,15,17,9,10,11,30,19,17,25,27,20,10,10,26,10,72,78,79,69,75,76,80,86,17,14,10,1858,,https://www.maddenratings.com/luke-fortner
Carolina Panthers,Trevis Gipson,REDG,Right Edge,52,Smaller Speed Rusher,71,29,"June 13, 1997",United States,Tulsa,7,2020,155,Chicago Bears,82,85,79,77,69,82,90,87,85,20,14,6,6,6,6,6,37,22,19,15,8,4,13,34,18,32,69,30,32,27,32,12,79,64,74,71,79,67,38,46,81,34,45,45,81,45,45,45,45,14,16,12,10,2240,,https://www.maddenratings.com/trevis-gipson
Carolina Panthers,Trevor Etienne,HB,Halfback,23,Elusive Back,71,22,"July 9, 2004",United States,Georgia,2,2025,114,Carolina Panthers,92,93,69,79,68,84,84,85,85,45,28,40,32,23,12,27,70,46,49,63,56,54,56,90,80,82,81,81,77,75,81,24,40,30,29,37,35,36,27,35,35,25,34,51,34,31,28,36,32,29,30,28,78,2751,,https://www.maddenratings.com/trevor-etienne
Carolina Panthers,Cam Jackson,DT,Defensive Tackle,99,,70,24,"August 7, 2002",United States,Florida,2,2025,140,Carolina Panthers,67,70,87,60,69,63,90,79,92,24,13,14,12,10,12,11,17,18,18,15,13,10,19,35,24,33,54,20,34,16,20,17,80,69,53,77,74,70,10,12,78,13,45,45,85,45,45,45,45,31,21,18,28,2125,,https://www.maddenratings.com/cam-jackson
Carolina Panthers,Ja&#8217;Tavion Sanders,,,,Vertical Threat,70,23,"March 27, 2003",United States,Texas,3,2024,101,Carolina Panthers,83,90,67,79,75,78,92,82,89,31,13,15,10,6,14,6,79,78,77,66,64,58,67,78,70,67,75,78,65,66,72,18,49,35,25,27,42,31,16,21,49,20,54,56,60,51,57,54,55,55,18,12,6,2701,,https://www.maddenratings.com/jatavion-sanders
Carolina Panthers,Lathan Ransom,SS,Strong Safety,22,Zone,70,24,"July 16, 2002",United States,Ohio State,2,2025,122,Carolina Panthers,86,91,66,83,70,87,80,89,81,24,12,6,6,6,6,6,69,61,58,35,30,25,33,61,54,47,80,66,44,58,65,14,73,37,36,53,77,67,63,71,82,62,35,35,53,35,35,35,35,25,19,16,43,2586,,https://www.maddenratings.com/lathan-ransom
Carolina Panthers,Will Lee III,CB,Cornerback,24,Man to Man,70,23,"April 9, 2003",,Texas AM,,,,,88,92,62,89,65,94,87,87,84,26,10,6,6,6,6,6,63,67,58,46,43,40,41,60,59,34,87,65,35,65,71,11,57,37,37,49,68,67,73,65,59,72,35,35,45,35,35,35,35,15,16,14,52,2595,,https://www.maddenratings.com/will-lee-iii
Carolina Panthers,Ainias Smith,WR,Wide Receiver,80,,69,25,"May 31, 2001",United States,Texas AM,3,2024,152,Philadelphia Eagles,87,91,60,89,49,85,86,86,83,26,18,15,10,10,15,15,81,80,80,75,73,72,69,75,74,51,87,82,52,76,81,16,32,10,10,31,38,24,24,30,27,23,43,25,39,20,28,15,20,27,19,13,81,2528,,https://www.maddenratings.com/ainias-smith
Carolina Panthers,Claudin Cherelus,SAM,Sam Backer,53,Run Stopper,69,27,"February 9, 1999",United States,Alcorn St.,4,,,,87,85,70,70,73,87,93,82,84,41,22,37,32,27,21,37,50,46,45,22,12,6,12,57,42,50,71,55,45,56,61,29,81,46,41,67,84,75,45,54,79,47,45,45,69,45,45,45,45,15,20,15,15,2630,,https://www.maddenratings.com/claudin-cherelus
Carolina Panthers,Mitchell Evans,TE,Tight End,84,Possession,69,23,"March 18, 2003",United States,Notre Dame,2,2025,163,Carolina Panthers,81,85,73,79,68,81,78,84,80,41,31,30,25,20,35,30,80,78,80,67,60,59,65,69,67,67,70,72,62,63,67,35,38,30,33,38,38,34,29,34,40,19,62,57,67,58,58,57,53,54,23,28,25,2857,,https://www.maddenratings.com/mitchell-evans
Carolina Panthers,Nick Hampton,LEDG,Left Edge,39,Smaller Speed Rusher,69,26,"April 5, 2000",United States,Appalach. St.,4,2023,161,Los Angeles Rams,86,92,65,83,62,85,87,76,88,31,9,22,17,14,19,11,40,39,40,20,20,15,12,45,23,33,69,43,45,47,55,23,78,67,66,68,83,63,44,52,80,47,40,35,66,40,40,35,35,25,14,13,15,2422,,https://www.maddenratings.com/nick-hampton
Carolina Panthers,Zakee Wheatley,FS,Free Safety,38,Hybrid,69,24,"February 28, 2002",,Penn State,,,,,87,86,64,84,71,80,88,90,90,27,12,6,6,6,6,6,68,61,66,46,43,36,50,56,54,52,86,67,49,56,67,11,65,38,45,56,73,68,71,71,72,66,35,35,58,35,35,35,35,25,21,24,52,2692,,https://www.maddenratings.com/zakee-wheatley
Carolina Panthers,Brycen Tremayne,WR,Wide Receiver,87,Slot,68,26,"November 18, 1999",United States,Stanford,3,,,,87,90,68,87,69,81,87,85,86,24,17,15,13,11,15,10,82,79,78,72,71,68,67,71,71,44,83,78,47,68,74,19,29,10,10,27,31,22,10,17,22,14,47,27,45,23,30,21,17,28,15,19,45,2426,,https://www.maddenratings.com/brycen-tremayne
Carolina Panthers,Robert Rochell,CB,Cornerback,33,Zone,68,28,"April 26, 1998",United States,Central Arkansas,6,2021,130,Los Angeles Rams,92,91,55,90,69,94,87,88,72,35,11,6,6,6,6,6,66,63,53,36,31,26,33,59,44,35,89,65,34,67,74,10,52,26,33,41,61,67,64,69,49,64,35,35,42,35,35,35,35,13,20,20,59,2489,,https://www.maddenratings.com/robert-rochell
Carolina Panthers,Sam Hecht,C,Center,75,Agile,68,23,"April 3, 2003",,Kansas State,,,,,69,77,81,60,72,70,85,86,86,19,6,6,6,6,6,6,33,15,11,10,5,5,11,33,10,34,57,13,24,10,18,12,37,24,22,45,32,36,15,13,33,10,76,75,82,74,76,75,75,79,15,16,10,1962,,https://www.maddenratings.com/sam-hecht
Carolina Panthers,Jimmy Horn Jr.,WR,Wide Receiver,15,,67,23,"September 12, 2002",United States,Colorado,2,2025,208,Carolina Panthers,91,91,61,83,69,87,88,84,82,18,18,18,15,12,14,16,77,75,75,72,72,71,68,74,70,32,85,79,39,72,73,23,24,18,20,26,24,37,64,32,19,25,38,21,32,13,12,23,15,22,24,25,78,2496,,https://www.maddenratings.com/jimmy-horn-jr
Carolina Panthers,Kenny Pickett,QB,Quarterback,12,,67,28,"June 6, 1998",United States,Pittsburgh,5,2022,20,Pittsburgh Steelers,81,86,68,80,62,80,88,87,88,86,77,83,80,76,82,80,45,39,22,25,15,12,18,51,72,61,77,82,44,71,70,75,29,5,5,25,29,19,9,10,16,9,20,16,25,19,15,15,12,16,51,40,12,2460,,https://www.maddenratings.com/kenny-pickett
Carolina Panthers,LaBryan Ray,DT,Defensive Tackle,93,,67,28,"December 5, 1997",United States,Alabama,4,,,,68,69,83,61,69,71,80,75,76,20,10,6,6,6,6,6,40,24,20,15,8,4,26,40,24,35,63,39,40,31,28,12,84,67,48,72,71,68,16,19,82,15,45,35,86,45,45,35,35,18,13,12,5,2077,,https://www.maddenratings.com/labryan-ray
Carolina Panthers,Saahdiq Charles,LG,Left Guard,78,Agile,67,27,"July 26, 1999",United States,LSU,6,2020,108,Washington Commanders,70,61,85,69,78,68,87,83,86,17,14,6,6,6,6,6,20,14,16,10,8,5,12,26,11,30,52,12,20,10,15,12,35,22,26,30,33,35,12,12,30,10,70,67,79,69,71,65,69,83,15,12,11,1877,,https://www.maddenratings.com/saahdiq-charles
Carolina Panthers,Ja&#8217;Tyre Carter,RG,Right Guard,65,Power,66,27,"January 15, 1999",United States,Southern,5,,,,71,77,85,55,74,83,92,83,76,12,8,6,6,6,6,6,43,40,37,32,29,23,29,45,42,40,48,43,39,32,40,12,35,40,32,39,39,37,10,10,36,10,65,71,81,67,63,73,69,76,14,12,10,2209,,https://www.maddenratings.com/jatyre-carter
Carolina Panthers,Thomas Incoom,LEDG,Left Edge,48,Power Rusher,66,27,"February 19, 1999",United States,Central Michigan,4,,,,84,91,77,78,63,75,91,73,77,24,11,11,7,6,7,6,54,51,55,45,41,35,44,55,44,50,72,53,41,40,47,12,78,66,59,66,75,61,25,31,76,27,45,45,85,45,45,45,45,28,38,36,15,2556,,https://www.maddenratings.com/thomas-incoom
Carolina Panthers,Corey Thornton,CB,Cornerback,31,Zone,65,25,"January 30, 2001",United States,Louisville,2,,,,85,91,55,77,65,79,86,90,85,27,10,6,6,6,6,6,67,67,60,22,17,11,24,56,52,29,85,66,32,63,72,13,56,29,34,42,70,63,69,72,57,65,35,30,41,35,35,30,30,15,14,15,49,2402,,https://www.maddenratings.com/corey-thornton
Carolina Panthers,Demani Richardson,SS,Strong Safety,36,Zone,65,25,"October 7, 2000",United States,Texas AM,3,,,,86,92,64,78,65,79,90,86,88,27,11,20,16,13,22,9,67,65,62,40,38,24,34,62,56,47,77,74,45,65,72,21,69,36,48,52,78,63,62,66,76,65,35,33,59,35,35,33,33,32,25,24,38,2692,,https://www.maddenratings.com/demani-richardson
Carolina Panthers,Haynes King,QB,Quarterback,16,,65,25,"January 9, 2001",,Georgia Tech,,,,,90,92,70,87,38,81,86,94,97,87,78,81,82,74,82,84,47,31,32,34,27,30,36,59,76,71,86,85,55,67,73,67,32,40,46,46,24,27,36,39,32,16,49,52,44,35,38,41,36,44,20,16,33,2925,,https://www.maddenratings.com/haynes-king
Carolina Panthers,Jackson Kuwatch,MIKE,Mike Backer,46,,65,23,"May 19, 2003",,Miami Univ.,,,,,84,90,69,85,63,87,87,87,86,20,10,6,6,6,6,6,55,32,47,34,29,24,14,53,34,43,73,45,45,43,41,16,79,53,54,68,81,61,62,63,78,46,42,62,77,62,50,40,43,22,17,18,18,2522,,https://www.maddenratings.com/jackson-kuwatch
Carolina Panthers,James Mitchell,TE,Tight End,85,Vertical Threat,65,26,"August 11, 1999",United States,Virginia Tech,5,2022,177,Detroit Lions,84,86,70,76,65,78,83,79,83,42,30,37,33,30,44,31,76,73,75,63,63,61,63,76,57,63,69,70,67,59,67,48,35,23,22,32,35,14,18,20,39,10,57,59,60,52,59,58,60,58,25,19,10,2766,,https://www.maddenratings.com/james-mitchell
Carolina Panthers,Tyrek Funderburk,CB,Cornerback,20,Man to Man,65,25,"November 28, 2000",United States,Appalach. St.,3,,,,92,93,58,83,62,83,90,87,81,27,17,6,6,6,6,6,60,60,61,22,20,15,13,61,60,32,85,70,39,66,72,12,51,22,29,43,63,64,65,63,50,64,35,35,51,35,35,35,35,17,21,15,35,2414,,https://www.maddenratings.com/tyrek-funderburk
Carolina Panthers,Chandler Zavala,RG,Right Guard,62,Agile,64,27,"April 2, 1999",United States,N.C. State,4,2023,114,Carolina Panthers,66,72,88,65,64,78,80,82,83,21,10,9,9,7,9,9,30,23,21,12,11,7,18,34,21,33,57,22,14,12,12,12,31,14,15,19,25,21,9,10,31,10,70,70,74,67,73,69,65,78,21,13,10,1886,,https://www.maddenratings.com/chandler-zavala
Carolina Panthers,Jared Harrison-Hunte,DT,Defensive Tackle,94,,64,26,"July 22, 2000",United States,SMU,2,,,,77,81,84,59,61,63,88,86,88,20,10,6,6,6,6,6,32,23,20,15,4,2,15,41,16,33,59,20,21,18,22,12,77,66,63,71,69,59,18,25,77,16,45,45,86,45,45,45,45,27,17,16,10,2067,,https://www.maddenratings.com/jared-harrison-hunte
Carolina Panthers,Stone Forsythe,LT,Left Tackle,73,,64,28,"December 29, 1997",United States,Florida,6,2021,208,Seattle Seahawks,67,66,87,66,77,69,92,78,74,12,10,6,6,6,6,6,24,15,17,18,8,5,15,20,5,25,48,16,22,10,14,12,31,10,10,25,23,15,9,11,34,10,69,70,75,66,71,72,68,70,14,13,10,1778,,https://www.maddenratings.com/stone-forsythe
Carolina Panthers,Bam Martin-Scott,WILL,Weak Backer,54,Run Stopper,63,26,"July 4, 2000",United States,South Carolina,2,,,,85,88,74,75,59,77,88,86,87,23,12,6,6,6,6,6,51,50,47,23,20,17,27,43,33,43,69,41,48,43,57,21,77,49,51,63,79,57,54,61,77,43,45,45,78,45,45,45,45,22,22,20,10,2450,,https://www.maddenratings.com/bam-martin-scott
Carolina Panthers,Jared Bartlett,WILL,Weak Backer,56,Run Stopper,63,25,"April 1, 2001",,Cincinnati,2,,,,84,90,71,81,59,78,86,87,87,23,12,6,6,6,6,6,54,47,45,15,24,15,20,52,35,51,73,45,41,44,51,22,77,51,54,63,80,57,54,61,78,46,45,45,71,45,45,45,45,33,20,11,10,2458,,https://www.maddenratings.com/jared-bartlett
Carolina Panthers,Maema Njongmeta,MIKE,Mike Backer,45,,62,25,"March 9, 2001",United States,Wisconsin,3,,,,80,84,66,73,64,83,90,78,85,23,12,6,6,6,6,6,53,41,44,10,6,5,20,46,23,30,65,27,31,30,37,12,79,48,44,65,78,67,52,63,83,49,45,45,77,45,45,45,45,19,18,14,10,2284,,https://www.maddenratings.com/maema-njongmeta
Carolina Panthers,Nick Samac,C,Center,60,Power,62,24,"August 21, 2001",United States,Michigan St.,3,2024,228,Baltimore Ravens,65,72,84,64,70,63,87,81,88,24,15,21,14,15,11,10,24,27,22,10,5,5,11,35,30,35,54,32,25,15,21,11,42,41,31,34,33,46,14,18,44,10,70,66,77,69,71,67,68,78,21,13,10,2069,,https://www.maddenratings.com/nick-samac
Carolina Panthers,Dan Chisena,WR,Wide Receiver,88,Deep Threat,59,29,"February 25, 1997",United States,Penn State,7,,,,90,87,57,87,62,86,86,86,80,30,21,15,10,6,10,6,75,76,71,61,59,62,62,67,62,54,84,68,49,66,72,22,59,10,10,50,63,36,20,25,60,10,51,42,56,34,28,24,22,36,11,11,40,2527,,https://www.maddenratings.com/dan-chisena
Carolina Panthers,Feleipe Franks,TE,Tight End,81,Vertical Threat,55,28,"December 22, 1997",United States,Arkansas,6,,,,83,83,65,77,62,79,87,78,88,89,69,78,71,74,70,75,76,67,71,56,51,48,56,70,59,49,78,73,50,63,66,65,26,9,9,22,28,15,12,18,24,10,50,49,52,46,51,47,49,52,61,53,40,2949,,https://www.maddenratings.com/feleipe-franks
Chicago Bears,Joe Thuney,LG,Left Guard,62,Pass Protector,96,33,"November 18, 1992",United States,N.C. State,11,2016,78,New England Patriots,72,75,90,67,99,71,97,97,94,25,16,6,6,6,6,6,26,15,15,15,5,5,15,33,8,31,56,18,19,10,14,12,29,10,10,33,35,10,12,12,48,10,85,94,90,83,87,94,94,79,11,11,10,2077,Post Up Blockers with this ability have a slightly increased chance to win any double team block they are engaged in. Nasty Streak Blockers with this ability will dominantly win impact blocks against linebackers and defensive backs when playing as a lineman or fullback. Pass Protector Blockers with this ability reduce a rusher's chances of using most quick pass block shed moves.,https://www.maddenratings.com/joe-thuney
Chicago Bears,Caleb Williams,QB,Quarterback,18,Improviser,90,24,"November 18, 2001",United States,USC,3,2024,1,Chicago Bears,91,93,65,90,85,83,95,95,93,97,86,87,84,88,97,84,41,15,15,15,15,15,15,61,69,54,86,86,56,69,76,95,23,10,10,23,31,27,13,18,19,10,17,12,20,24,15,25,19,15,20,23,28,2598,"Brick Wall While in the pocket, passers with this ability are almost guaranteed to break the first sack attempt by any blitzing defender Extender While in the pocket, passers with this ability have a slightly improved chance to break the first sack attempt by a blitzing defensive back. Fearless Passers with this ability have a reduced chance to be impacted by throw penalties caused by defensive pressure while on the run Long Range Deadeye Passers with this ability have elite accuracy on all unpressured deep throws while their feet are set (except on high throws).",https://www.maddenratings.com/caleb-williams
Chicago Bears,Jaylon Johnson,CB,Cornerback,1,Zone,90,27,"April 19, 1999",United States,Utah,7,2020,50,Chicago Bears,89,90,67,85,97,88,87,92,95,27,13,6,6,6,6,6,74,65,57,26,16,11,31,60,60,40,91,68,46,68,74,13,55,27,35,51,74,97,90,95,65,89,41,35,57,35,35,35,35,12,15,14,40,2692,On The Ball Players with this ability are much less likely to be fooled by WR runoffs Deep Route KO Defenders with this ability have a slightly improved chance to succeed at catch tackle knockouts in man-to-man versus deep routes 20+ yards from the LoS,https://www.maddenratings.com/jaylon-johnson
Chicago Bears,Darnell Wright,RT,Right Tackle,58,Power,87,24,"August 10, 2001",United States,Tennessee,4,2023,10,Chicago Bears,72,75,96,56,92,72,93,92,90,11,10,5,5,5,5,5,38,36,23,21,15,11,15,35,27,32,51,35,27,17,23,12,48,57,45,52,51,45,10,15,59,10,88,85,94,87,90,86,83,84,16,14,10,2331,,https://www.maddenratings.com/darnell-wright
Chicago Bears,Devin Bush,MIKE,Mike Backer,12,Field General,86,28,"July 18, 1998",United States,Michigan,8,,,,87,90,74,83,93,92,87,85,86,14,10,6,6,6,6,6,66,57,55,13,5,5,14,59,19,33,79,36,36,34,41,12,88,55,62,73,87,91,75,76,88,51,45,45,73,45,45,45,45,22,12,13,10,2541,,https://www.maddenratings.com/devin-bush
Chicago Bears,D&#8217;Andre Swift,HB,Halfback,4,Elusive Back,85,27,"January 14, 1999",United States,Georgia,7,,,,90,90,68,89,92,93,87,89,87,38,19,30,25,15,28,17,71,59,61,73,66,61,59,91,83,75,87,87,77,80,87,23,31,22,16,28,36,17,16,13,30,16,32,56,41,23,19,32,35,33,18,12,63,2686,,https://www.maddenratings.com/dandre-swift
Chicago Bears,Colston Loveland,TE,Tight End,84,Vertical Threat,84,22,"April 9, 2004",United States,Michigan,2,2025,10,Chicago Bears,86,90,78,82,85,85,88,92,93,23,34,15,27,10,23,26,93,86,84,76,71,70,75,72,70,70,72,75,69,55,63,16,38,35,41,36,41,36,35,36,43,21,61,58,68,58,60,57,57,59,23,31,25,2973,,https://www.maddenratings.com/colston-loveland
Chicago Bears,Kyler Gordon,CB,Cornerback,6,Zone,83,26,"December 17, 1999",United States,Washington,5,2022,39,Chicago Bears,88,91,66,92,91,93,92,90,79,23,16,20,15,12,22,18,71,69,50,42,37,34,39,58,55,35,92,61,32,68,75,20,65,38,47,48,77,92,77,82,66,73,35,35,50,35,35,35,35,22,17,20,50,2780,,https://www.maddenratings.com/kyler-gordon
Chicago Bears,Montez Sweat,LEDG,Left Edge,98,Smaller Speed Rusher,82,29,"September 4, 1996",United States,Mississippi St.,8,2019,26,Washington Commanders,87,90,80,81,75,86,87,84,88,22,10,6,6,6,6,6,57,43,45,40,36,33,39,56,31,51,70,48,39,41,50,12,88,77,83,84,85,77,33,44,81,19,45,45,84,45,45,45,45,16,14,16,10,2592,,https://www.maddenratings.com/montez-sweat
Chicago Bears,Rome Odunze,WR,Wide Receiver,15,Slot,82,24,"June 3, 2002",United States,Washington,3,2024,9,Chicago Bears,91,94,65,87,86,93,87,89,86,24,15,17,14,10,10,6,84,86,86,85,83,83,78,72,77,47,89,84,61,73,83,24,30,10,10,27,33,14,11,17,24,21,47,28,45,27,32,22,20,23,18,17,79,2624,,https://www.maddenratings.com/rome-odunze
Chicago Bears,Grady Jarrett,DT,Defensive Tackle,50,,81,33,"April 28, 1993",United States,Clemson,12,2015,137,Atlanta Falcons,71,75,89,67,85,76,82,82,82,26,18,6,6,6,6,6,30,15,15,15,7,3,15,40,10,20,59,15,35,10,10,12,86,76,67,82,83,83,25,29,86,15,45,45,90,45,45,45,45,37,25,25,10,2183,,https://www.maddenratings.com/grady-jarrett
Chicago Bears,T.J. Edwards,WILL,Weak Backer,53,Run Stopper,81,29,"August 12, 1996",United States,Wisconsin,8,,,,85,84,72,80,84,79,90,92,85,42,33,39,36,32,41,28,72,48,52,15,5,5,12,65,31,47,74,35,50,30,30,31,89,62,57,74,92,84,65,71,81,44,45,45,86,45,45,45,45,17,20,20,10,2746,,https://www.maddenratings.com/tj-edwards
Chicago Bears,Gervon Dexter,DT,Defensive Tackle,99,,79,24,"October 5, 2001",United States,Florida,4,2023,53,Chicago Bears,76,80,85,67,85,76,92,81,83,14,11,6,6,6,6,6,52,46,45,13,8,5,14,45,24,44,57,35,42,17,24,12,87,81,68,81,82,81,10,12,82,14,45,40,89,45,45,40,40,41,12,9,10,2277,,https://www.maddenratings.com/gervon-dexter
Chicago Bears,Luther Burden III,WR,Wide Receiver,10,,79,22,"December 12, 2003",United States,Missouri,2,2025,39,Chicago Bears,92,92,69,93,77,88,91,87,87,11,24,12,10,10,17,31,84,82,80,78,77,76,74,76,78,61,93,88,70,80,84,28,35,23,25,24,39,35,30,41,32,25,48,27,44,29,27,28,21,30,25,30,82,2800,,https://www.maddenratings.com/luther-burden-iii
Chicago Bears,Cairo Santos,K,Kicker,8,Power,78,34,"November 12, 1991",Brazil,Tulane,13,,,,72,73,33,66,65,60,80,84,60,26,15,33,15,15,15,15,25,15,15,15,15,15,15,35,15,10,50,10,10,10,10,15,22,10,10,26,42,29,20,14,25,10,17,17,16,16,16,17,17,16,94,85,10,1536,,https://www.maddenratings.com/cairo-santos
Chicago Bears,Cole Kmet,TE,Tight End,85,Possession,78,27,"March 10, 1999",United States,Notre Dame,7,2020,43,Chicago Bears,85,84,76,73,78,86,95,93,90,49,35,39,37,34,36,35,88,84,84,71,69,64,73,73,60,75,71,71,70,53,61,15,48,42,51,56,58,38,27,33,48,27,63,61,69,61,63,61,58,57,24,15,15,3082,,https://www.maddenratings.com/cole-kmet
Chicago Bears,Jonah Jackson,RG,Right Guard,73,Power,78,29,"February 5, 1997",United States,Ohio State,7,2020,75,Detroit Lions,68,64,86,56,90,66,93,94,88,11,10,6,6,6,6,6,29,15,15,15,5,5,15,31,5,25,46,10,10,10,10,12,37,35,22,29,30,31,12,13,20,10,81,78,85,79,83,80,75,84,14,12,10,1934,,https://www.maddenratings.com/jonah-jackson
Chicago Bears,Kyle Monangai,HB,Halfback,25,Power Back,78,24,"June 6, 2002",United States,Rutgers,2,2025,233,Chicago Bears,86,88,77,81,78,83,93,92,94,24,36,10,27,21,25,28,68,46,48,53,46,37,46,96,83,92,78,85,78,76,82,32,36,28,30,33,38,26,22,24,35,21,43,49,41,32,30,44,39,43,30,22,72,2727,,https://www.maddenratings.com/kyle-monangai
Chicago Bears,Coby Bryant,FS,Free Safety,2,Zone,77,27,"March 29, 1999",United States,Cincinnati,5,2022,109,Seattle Seahawks,90,90,63,83,79,80,91,90,83,27,11,6,6,6,15,6,75,70,64,24,16,12,19,62,49,29,83,65,33,66,74,14,65,20,25,52,77,81,70,79,63,79,15,10,43,33,34,33,34,15,21,19,55,2504,,https://www.maddenratings.com/coby-bryant
Chicago Bears,Dillon Thieneman,,,31,Hybrid,77,21,"August 8, 2004",United States,Oregon,,2026,25,Chicago Bears,92,93,64,88,78,94,89,91,92,21,12,6,6,6,6,6,68,60,66,44,41,34,35,63,61,60,82,64,45,57,67,17,72,40,45,53,77,76,71,72,79,67,35,35,59,35,35,35,35,27,22,24,50,2752,,https://www.maddenratings.com/dillon-thieneman
Chicago Bears,Garrett Bradbury,C,Center,67,Agile,76,31,"June 20, 1995",United States,N.C. State,8,2019,18,Minnesota Vikings,76,80,90,68,81,76,89,92,89,30,12,6,6,6,6,6,56,40,42,29,21,14,41,46,38,49,58,45,32,19,22,12,44,43,34,42,41,30,12,15,42,10,78,78,79,76,81,78,79,82,21,20,10,2372,,https://www.maddenratings.com/garrett-bradbury
Chicago Bears,Tyrique Stevenson,CB,Cornerback,29,Zone,76,26,"May 26, 2000",United States,Miami,4,2023,56,Chicago Bears,91,95,60,82,70,91,87,90,88,26,13,6,6,6,6,6,72,62,57,20,15,10,23,58,49,39,79,63,42,58,67,15,68,35,40,52,76,71,74,78,78,81,35,35,52,35,35,35,35,19,24,22,56,2588,,https://www.maddenratings.com/tyrique-stevenson
Chicago Bears,Kalif Raymond,WR,Wide Receiver,14,Deep Threat,75,31,"August 8, 1994",United States,Holy Cross,10,,,,91,91,53,86,80,82,88,85,75,35,19,15,10,6,10,6,87,80,74,76,77,78,75,72,73,32,83,75,53,79,82,22,44,11,16,34,52,24,22,31,42,22,41,38,41,23,16,21,19,21,23,22,84,2597,,https://www.maddenratings.com/kalif-raymond
Chicago Bears,Tory Taylor,P,Punter,19,Power,75,29,"July 10, 1997",United States,Iowa,3,2024,122,Chicago Bears,81,83,61,65,59,65,93,85,84,41,13,28,25,22,21,15,45,12,10,10,10,10,12,51,10,25,55,31,30,22,25,26,39,10,10,28,44,15,10,13,49,15,25,20,21,15,15,15,15,17,95,77,10,1783,,https://www.maddenratings.com/tory-taylor
Chicago Bears,Cam Lewis,SS,Strong Safety,21,Zone,74,29,"April 13, 1997",United States,Buffalo,7,,,,90,90,51,89,80,78,88,87,83,35,15,6,6,6,6,6,60,58,45,22,12,10,30,60,52,19,83,71,33,60,73,10,59,32,35,52,75,78,72,75,60,68,35,35,50,35,35,35,35,17,14,13,47,2471,,https://www.maddenratings.com/cam-lewis
Chicago Bears,Jedrick Wills Jr,LT,Left Tackle,71,Pass Protector,74,27,"May 17, 1999",United States,Alabama,7,,,,72,68,92,66,85,83,88,86,92,21,13,6,6,6,6,6,33,22,26,23,13,7,18,27,8,27,54,14,26,14,18,12,29,10,10,28,27,26,11,17,25,12,71,79,86,70,73,83,75,77,19,28,8,2002,,https://www.maddenratings.com/jedrick-wills-jr
Chicago Bears,Austin Booker,LEDG,Left Edge,94,Smaller Speed Rusher,73,23,"December 14, 2002",United States,Kansas,3,2024,144,Chicago Bears,79,83,76,74,78,79,89,75,83,25,15,6,6,6,6,6,34,30,34,17,10,6,24,34,29,36,69,47,44,32,46,12,82,69,77,73,79,76,38,45,75,36,45,45,80,45,45,45,45,16,21,22,10,2359,,https://www.maddenratings.com/austin-booker
Chicago Bears,Braxton Jones,RT,Right Tackle,70,Pass Protector,73,27,"March 27, 1999",United States,Southern Utah,5,2022,168,Chicago Bears,73,80,88,64,82,68,91,85,75,22,10,6,6,6,6,6,26,23,18,16,12,10,13,35,15,25,55,15,21,10,10,12,40,44,40,46,48,34,10,12,35,10,73,78,86,76,71,76,80,77,30,26,10,2086,,https://www.maddenratings.com/braxton-jones
Chicago Bears,Dayo Odeyingbo,REDG,Right Edge,55,Smaller Speed Rusher,73,26,"September 24, 1999",United States,Vanderbilt,6,2021,54,Indianapolis Colts,79,83,84,78,71,83,87,81,87,26,13,6,6,6,6,6,45,31,29,26,19,14,24,44,28,36,64,44,36,29,36,12,82,68,76,76,81,68,23,35,81,22,45,45,86,45,45,45,45,17,15,15,10,2344,,https://www.maddenratings.com/dayo-odeyingbo
Chicago Bears,Ozzy Trapilo,LT,Left Tackle,75,,73,24,"October 17, 2001",United States,Boston College,2,2025,56,Chicago Bears,65,74,87,61,74,74,84,86,83,14,14,6,6,6,6,6,24,20,17,15,5,5,21,34,6,29,57,10,12,10,15,13,21,29,23,28,26,22,14,16,24,10,77,79,83,77,78,77,78,83,22,27,10,1943,,https://www.maddenratings.com/ozzy-trapilo
Chicago Bears,Logan Jones,C,Center,54,Agile,72,24,"October 29, 2001",,Iowa,,,,,66,68,83,72,78,78,91,89,89,18,6,6,6,6,6,6,37,14,12,10,5,5,15,29,10,36,66,14,28,10,18,12,42,39,34,49,45,40,15,14,32,10,78,78,81,73,77,76,78,82,15,15,10,2072,,https://www.maddenratings.com/logan-jones
Chicago Bears,Shemar Turner,REDG,Right Edge,95,Power Rusher,72,23,"January 14, 2003",United States,Texas AM,2,2025,62,Chicago Bears,80,85,88,72,75,79,84,84,93,27,13,15,10,8,15,14,29,24,22,15,13,10,12,41,29,39,62,34,31,25,30,17,76,74,63,77,73,70,15,20,80,20,45,45,76,45,45,45,45,25,27,19,27,2287,,https://www.maddenratings.com/shemar-turner
Chicago Bears,Zavion Thomas,WR,Wide Receiver,81,,72,22,"February 14, 2004",,LSU,,,,,96,93,63,91,52,86,89,83,88,30,25,20,15,10,26,23,81,77,76,67,70,72,73,73,78,49,89,85,60,77,84,26,23,16,17,23,24,23,21,22,24,24,50,32,41,30,34,31,25,27,29,26,84,2653,,https://www.maddenratings.com/zavion-thomas
Chicago Bears,D&#8217;Marco Jackson,WILL,Weak Backer,48,Run Stopper,71,28,"July 20, 1998",United States,Appalach. St.,5,,,,87,92,69,77,68,80,87,84,88,25,13,6,6,6,6,6,62,44,46,27,23,17,27,53,51,54,75,64,48,49,55,20,83,58,52,66,83,70,61,67,78,41,45,45,85,45,45,45,45,27,14,15,10,2595,,https://www.maddenratings.com/dmarco-jackson
Chicago Bears,Jack Sanborn,MIKE,Mike Backer,57,,71,26,"July 29, 2000",United States,Wisconsin,5,,,,80,87,72,78,78,83,89,85,90,25,12,6,6,6,6,6,65,53,50,32,30,24,25,63,47,48,70,53,49,46,54,15,78,62,45,72,85,77,53,62,83,37,40,35,85,40,40,35,35,35,22,21,12,2587,,https://www.maddenratings.com/jack-sanborn
Chicago Bears,Neville Gallimore,DT,Defensive Tackle,90,Speed Rusher,71,29,"January 17, 1997",Canada,Oklahoma,7,2020,82,Dallas Cowboys,79,81,80,71,74,75,88,73,86,29,10,6,6,6,6,6,34,25,23,15,7,5,17,38,12,27,62,26,26,24,29,12,84,71,77,73,77,71,16,24,78,15,45,45,84,45,45,45,45,35,20,15,10,2178,,https://www.maddenratings.com/neville-gallimore
Chicago Bears,Roschon Johnson,HB,Halfback,23,Power Back,71,25,"January 31, 2001",United States,Texas,4,2023,115,Chicago Bears,86,89,78,82,77,77,87,81,85,50,36,42,38,31,46,38,66,47,46,53,45,37,44,93,80,81,81,83,73,72,77,43,33,10,10,32,39,14,10,15,36,13,33,58,45,25,20,43,37,33,26,24,72,2672,,https://www.maddenratings.com/roschon-johnson
Chicago Bears,Kentavius Street,DT,Defensive Tackle,93,,70,30,"May 8, 1996",United States,N.C. State,9,2018,128,San Francisco 49ers,76,79,89,71,69,79,89,81,86,26,11,6,6,6,6,6,45,40,37,35,31,27,35,49,26,42,56,41,42,32,41,12,78,63,72,74,75,66,25,30,82,21,45,45,84,45,45,45,45,33,16,15,12,2393,,https://www.maddenratings.com/kentavius-street
Chicago Bears,Malik Muhammad,CB,Cornerback,24,Man to Man,70,21,"September 14, 2004",,Texas,,,,,92,93,58,85,66,92,84,87,85,27,10,6,6,6,6,6,64,62,60,42,38,35,42,60,51,35,88,68,38,66,70,13,58,32,34,46,72,68,68,67,61,70,35,35,46,35,35,35,35,16,19,17,57,2582,,https://www.maddenratings.com/malik-muhammad
Chicago Bears,Scotty Miller,WR,Wide Receiver,35,Deep Threat,70,29,"July 31, 1997",United States,Bowling Green St.,8,,,,93,91,54,84,64,82,86,84,80,35,24,35,30,18,30,19,84,81,80,72,71,74,67,72,66,30,89,76,48,69,76,23,27,10,10,24,36,24,19,26,18,18,43,26,36,12,8,10,11,18,17,13,74,2467,,https://www.maddenratings.com/scotty-miller
Chicago Bears,Jahdae Walker,WR,Wide Receiver,9,,69,24,"July 5, 2002",United States,Texas AM,2,,,,91,91,60,92,62,83,86,82,83,28,17,20,15,10,12,15,77,78,78,71,72,73,65,73,74,46,87,77,52,71,77,18,30,10,10,26,39,17,14,19,29,18,35,26,36,25,20,19,22,22,19,15,29,2416,,https://www.maddenratings.com/jahdae-walker
Chicago Bears,Jaylon Jones,CB,Cornerback,33,,69,28,"October 14, 1997",United States,Ole Miss,5,,,,91,93,63,91,65,85,79,85,78,26,14,6,6,6,6,6,57,54,53,25,22,19,15,60,45,32,89,61,35,62,69,10,64,36,26,52,74,66,67,69,68,67,35,35,54,35,35,35,35,23,15,12,30,2441,,https://www.maddenratings.com/jaylon-jones
Chicago Bears,Terell Smith,CB,Cornerback,32,Zone,69,27,"July 27, 1999",United States,Minnesota,4,2023,165,Chicago Bears,92,95,63,83,64,82,85,89,85,26,12,6,6,6,6,6,65,63,58,33,26,16,25,56,67,48,81,70,58,65,70,14,64,35,45,56,74,65,63,70,79,76,35,35,58,35,35,35,35,25,19,11,66,2637,,https://www.maddenratings.com/terell-smith
Chicago Bears,Elijah Hicks,FS,Free Safety,22,Run Support,68,26,"October 16, 1999",United States,California,5,2022,254,Chicago Bears,87,90,58,77,70,84,91,88,85,30,14,6,6,6,6,6,69,62,51,15,10,10,25,60,52,39,75,66,35,64,72,21,69,34,42,50,73,72,66,68,78,67,35,35,57,35,35,35,35,21,22,24,35,2518,,https://www.maddenratings.com/elijah-hicks
Chicago Bears,James Lynch,DT,Defensive Tackle,97,,68,27,"January 20, 1999",United States,Baylor,7,2020,130,Minnesota Vikings,71,75,82,70,66,72,85,75,84,23,17,9,9,9,9,9,38,27,25,22,19,14,24,42,18,39,66,32,37,22,32,12,78,71,59,76,79,64,26,32,82,14,45,45,83,45,45,45,45,29,71,56,10,2334,,https://www.maddenratings.com/james-lynch
Chicago Bears,Jordan van den Berg,DT,Defensive Tackle,96,,68,24,"April 12, 2002",,Georgia Tech,,,,,74,84,89,65,63,86,87,76,87,25,10,6,6,6,6,6,30,26,26,16,13,2,24,47,13,40,75,26,32,26,26,12,77,69,61,72,73,61,29,26,78,25,45,45,83,45,45,45,45,28,15,24,10,2211,,https://www.maddenratings.com/jordan-van-den-berg
Chicago Bears,Kaden Davis,WR,Wide Receiver,27,,68,27,"September 25, 1998",United States,NW Missouri State,2,,,,91,94,66,87,61,87,87,88,87,22,19,15,15,12,19,16,81,77,77,72,70,71,66,74,71,35,89,76,44,67,76,23,27,10,10,27,32,18,15,20,29,14,44,25,43,19,25,21,19,21,22,20,71,2467,,https://www.maddenratings.com/kaden-davis
Chicago Bears,Kiran Amegadjie,RT,Right Tackle,72,Power,68,24,"February 1, 2002",United States,Yale,3,2024,75,Chicago Bears,70,74,88,69,69,72,89,83,79,24,11,25,21,19,12,13,37,32,34,24,21,14,25,32,20,40,55,30,34,15,15,12,33,36,21,30,27,20,15,14,35,11,73,72,82,72,73,72,70,82,25,25,10,2156,,https://www.maddenratings.com/kiran-amegadjie
Chicago Bears,Noah Sewell,SAM,Sam Backer,44,Run Stopper,68,24,"April 26, 2002",American Samoa,Oregon,4,2023,148,Chicago Bears,82,89,80,74,63,80,88,87,91,25,10,6,6,6,6,6,63,57,55,34,24,17,27,64,63,65,73,72,70,65,72,12,80,71,55,72,77,63,52,58,90,53,45,45,80,45,45,45,45,38,15,19,35,2760,,https://www.maddenratings.com/noah-sewell
Chicago Bears,Salvon Ahmed,HB,Halfback,36,Elusive Back,68,27,"December 29, 1998",United States,Washington,7,,,,90,90,62,83,68,83,86,84,83,30,20,25,20,15,15,15,65,44,47,56,53,50,46,86,77,61,80,77,63,73,81,24,31,10,12,30,41,30,31,27,20,22,30,54,36,19,23,35,30,37,16,10,75,2471,,https://www.maddenratings.com/salvon-ahmed
Chicago Bears,Ruben Hyppolite II,WILL,Weak Backer,47,Pass Coverage,68,24,"September 16, 2001",United States,Maryland,2,2025,132,Chicago Bears,88,91,68,84,70,80,87,87,87,24,11,6,6,6,6,6,61,58,54,32,27,24,29,60,41,43,76,53,47,51,54,23,79,57,58,64,80,68,58,64,79,47,45,45,72,45,45,45,45,26,23,19,10,2614,,https://www.maddenratings.com/ruben-hyppolite-ii
Chicago Bears,Daniel Hardy,LEDG,Left Edge,92,Smaller Speed Rusher,67,27,"December 15, 1998",United States,Montana State,5,,,,82,90,71,88,61,91,90,74,78,23,12,6,6,6,6,6,33,25,22,15,10,5,15,38,29,35,74,32,38,33,37,15,81,61,64,65,75,59,25,36,84,32,45,45,74,45,45,45,45,19,17,15,10,2233,,https://www.maddenratings.com/daniel-hardy
Chicago Bears,Jamree Kromah,LEDG,Left Edge,59,,67,26,"June 14, 2000",United States,J. Madison,3,,,,79,85,82,73,60,76,84,76,83,23,17,9,9,9,9,9,38,27,25,22,19,14,24,42,20,39,62,32,37,22,32,12,78,69,58,75,79,64,20,27,82,19,45,45,84,45,45,45,45,29,15,18,10,2247,,https://www.maddenratings.com/jamree-kromah
Chicago Bears,Tony Fields II,MIKE,Mike Backer,43,Field General,67,27,"June 18, 1999",United States,West Virginia,6,,,,85,90,64,77,74,82,89,83,86,25,13,6,6,6,6,6,66,52,54,35,32,31,41,59,31,36,63,40,44,39,45,12,78,44,60,62,84,74,60,62,84,40,45,45,75,44,44,44,43,22,19,19,10,2536,,https://www.maddenratings.com/tony-fields-ii
Chicago Bears,Theo Benedet,LT,Left Tackle,79,Power,67,24,"October 12, 2001",Canada,UBC,3,,,,68,73,83,61,70,73,89,81,82,11,13,6,6,6,6,6,22,15,17,17,5,5,12,25,9,21,54,10,10,10,10,12,25,15,10,25,25,14,12,12,25,10,76,70,79,76,74,70,69,75,21,11,10,1792,,https://www.maddenratings.com/theo-benedet
Chicago Bears,Anthony Johnson Jr,FS,Free Safety,26,Hybrid,66,27,"June 12, 1999",United States,Iowa State,4,,,,88,92,58,81,66,89,92,89,84,27,10,6,6,6,6,6,63,57,53,35,30,27,35,54,60,41,81,63,51,63,69,11,59,37,42,54,74,65,66,68,78,68,33,30,60,33,33,30,30,15,18,17,54,2563,,https://www.maddenratings.com/anthony-johnson-jr
Chicago Bears,Beau Gardner,LS,Long Snapper,45,Accurate,66,24,"December 26, 2001",,Georgia,,,,,70,72,68,75,56,74,87,77,87,23,10,10,10,10,10,10,57,43,46,36,33,30,24,55,22,46,73,55,43,43,55,10,48,34,36,41,56,48,54,56,57,36,45,46,74,45,40,49,42,57,12,13,10,2319,,https://www.maddenratings.com/beau-gardner
Chicago Bears,Dallis Flowers,CB,Cornerback,37,Zone,66,29,"June 4, 1997",United States,Pittsburg St.,5,,,,91,95,51,83,61,93,89,88,68,27,15,6,6,6,6,6,70,64,58,35,31,27,33,55,73,36,79,81,52,66,72,12,43,28,39,38,67,56,67,73,56,64,34,22,34,35,35,21,21,17,11,15,86,2497,,https://www.maddenratings.com/dallis-flowers
Chicago Bears,Jordan McFadden,LG,Left Guard,74,Agile,66,26,"November 16, 1999",United States,Clemson,4,2023,156,Los Angeles Chargers,73,76,82,61,73,71,92,85,85,11,14,5,5,5,5,5,26,14,15,13,7,5,12,38,8,20,54,13,15,10,11,12,35,12,13,15,22,19,10,11,22,10,65,73,75,62,67,71,76,81,12,13,10,1795,,https://www.maddenratings.com/jordan-mcfadden
Chicago Bears,Jonathan Garvin,LEDG,Left Edge,52,Power Rusher,66,27,"July 28, 1999",United States,Miami,7,,,,78,83,76,76,69,76,90,76,89,23,10,6,6,6,6,6,43,21,21,15,5,5,14,37,19,34,69,36,37,27,31,12,78,69,62,68,76,66,42,48,76,32,45,45,77,45,45,45,45,16,16,11,10,2219,,https://www.maddenratings.com/jonathan-garvin
Chicago Bears,Keyshaun Elliott,MIKE,Mike Backer,49,Field General,66,22,"December 12, 2003",,Arizona St.,,,,,86,86,73,83,67,86,85,87,87,14,10,6,6,6,6,6,60,64,66,43,38,33,34,68,37,45,74,39,47,50,52,14,79,50,56,64,81,66,55,64,79,48,41,55,76,68,54,46,45,27,18,14,15,2659,,https://www.maddenratings.com/keyshaun-elliott
Chicago Bears,Luke Newman,RG,Right Guard,65,Agile,66,24,"March 3, 2002",United States,Michigan St.,2,2025,195,Chicago Bears,70,74,87,61,69,57,88,86,87,13,10,6,6,6,6,6,23,11,10,10,5,5,11,23,14,29,61,15,12,13,11,11,30,39,26,35,32,25,13,15,36,10,71,69,79,70,71,68,71,77,16,14,10,1873,,https://www.maddenratings.com/luke-newman
Chicago Bears,Josh Blackwell,CB,Cornerback,39,Man to Man,65,27,"April 5, 1999",United States,Duke,5,,,,94,92,53,91,56,88,87,84,85,24,13,22,20,16,23,15,59,52,48,34,30,24,35,55,55,30,83,64,29,66,72,21,47,26,32,38,69,52,65,62,54,71,35,35,37,35,35,35,35,15,13,12,62,2485,,https://www.maddenratings.com/josh-blackwell
Chicago Bears,Nephi Sewell,WILL,Weak Backer,45,Pass Coverage,65,27,"December 19, 1998",American Samoa,Utah,5,,,,83,88,68,83,65,78,82,84,86,25,7,9,6,5,6,6,50,49,47,39,35,33,35,60,53,55,78,62,52,60,64,15,80,64,57,58,83,66,55,64,83,39,36,35,64,24,29,30,31,32,28,25,10,2561,,https://www.maddenratings.com/nephi-sewell
Chicago Bears,Sam Roush,TE,Tight End,87,Possession,65,22,"September 6, 2003",,Stanford,,,,,82,89,80,81,65,90,91,89,88,26,24,22,18,15,23,20,75,72,76,60,53,49,61,71,60,64,71,65,65,58,65,25,51,51,47,51,51,42,23,30,50,23,62,60,67,62,60,61,60,62,36,33,53,2928,,https://www.maddenratings.com/sam-roush
Chicago Bears,Case Keenum,QB,Quarterback,11,Strong Arm,63,38,"February 17, 1988",United States,Houston,15,,,,76,71,54,72,63,78,84,74,76,85,79,82,78,75,77,78,33,10,10,10,10,10,15,62,54,36,70,65,24,57,53,75,14,10,10,22,24,22,10,12,12,10,17,21,25,10,10,27,20,15,22,24,10,2143,,https://www.maddenratings.com/case-keenum
Chicago Bears,Jon Rhattigan,MIKE,Mike Backer,46,,63,27,"February 2, 1999",United States,Army,6,,,,80,84,72,75,55,78,83,82,88,25,14,6,6,6,6,6,59,40,37,34,31,20,34,58,48,51,71,45,50,37,41,12,81,51,55,65,81,65,50,60,75,40,51,49,78,52,51,49,49,54,20,20,10,2540,,https://www.maddenratings.com/jon-rhattigan
Chicago Bears,Brittain Brown,HB,Halfback,38,Power Back,62,28,"October 10, 1997",United States,UCLA,5,2022,250,Las Vegas Raiders,82,84,73,77,73,83,84,81,81,25,13,20,15,10,10,10,65,46,45,50,44,35,43,87,78,78,78,77,73,68,76,23,37,10,10,32,41,23,20,27,35,20,36,39,39,28,34,30,37,33,16,17,43,2394,,https://www.maddenratings.com/brittain-brown
Chicago Bears,Kyle Hergel,RG,Right Guard,60,Power,62,26,"October 7, 1999",United States,Boston College,3,,,,59,69,88,57,66,76,93,85,82,22,10,10,6,5,7,6,26,14,14,13,5,5,15,27,7,22,60,14,15,10,11,12,34,10,10,28,29,25,12,11,33,8,65,69,81,63,67,71,67,74,13,14,10,1805,,https://www.maddenratings.com/kyle-hergel
Chicago Bears,Maurice Alexander,WR,Wide Receiver,13,,62,29,"January 10, 1997",United States,FIU,6,,,,89,87,43,87,52,82,87,80,72,61,34,54,51,49,62,48,73,72,70,64,62,60,52,67,67,34,83,81,38,75,82,59,24,15,14,26,32,32,25,33,27,21,29,25,35,13,11,10,12,22,23,17,84,2607,,https://www.maddenratings.com/maurice-alexander
Chicago Bears,Stephen Carlson,TE,Tight End,88,Possession,60,29,"December 12, 1996",United States,Princeton,8,,,,78,82,70,81,54,79,84,79,83,25,10,15,10,6,10,6,76,77,76,59,54,50,62,74,52,65,75,65,67,59,65,17,37,10,10,35,33,19,19,23,45,23,60,60,62,57,60,55,59,49,21,19,39,2560,,https://www.maddenratings.com/stephen-carlson
Chicago Bears,Tyson Bagent,QB,Quarterback,17,,59,26,"June 8, 2000",United States,Shepherd Univ.,4,,,,79,86,59,85,60,84,90,76,87,86,74,79,74,67,75,76,25,14,10,10,10,10,12,60,39,26,77,62,27,26,45,66,20,10,10,20,26,15,11,14,14,10,19,19,23,15,15,14,19,14,32,26,10,2112,,https://www.maddenratings.com/tyson-bagent
Chicago Bears,Nikola Kalinic,TE,Tight End,86,Possession,58,29,"January 21, 1997",United States,York University,6,,,,78,79,65,68,57,75,90,76,85,24,8,15,10,6,7,7,73,74,73,60,55,48,64,73,49,68,68,65,66,49,54,21,50,41,41,53,54,42,20,21,56,28,62,57,67,59,54,56,52,60,34,28,35,2680,,https://www.maddenratings.com/nikola-kalinic
Cincinnati Bengals,Ja&#8217;Marr Chase,WR,Wide Receiver,1,Deep Threat,99,26,"March 1, 2000",United States,LSU,6,2021,5,Cincinnati Bengals,96,95,73,92,99,98,92,96,88,33,22,20,15,10,19,10,98,97,94,95,97,98,99,71,88,71,96,98,76,83,90,29,39,10,10,37,36,17,13,17,27,15,53,37,46,31,27,26,20,27,24,17,60,2927,"Double Me Aggressive receivers overpower defenders and attack the football. When they enter the zone, this ability increases their success rate on aggressive catches against single coverage. Mid In Elite Receivers with this ability catch more consistently while catching passes less than 10-20 yards from the LoS, inside the numbers Runoff Elite Players with this ability will distract defenders for longer with their runoffs Mid Out Elite Receivers with this ability catch more consistently while catching passes less than 10-20 yards from the LoS, outside the numbers Acrobat Players with this ability are more likely to succeed at catching tipped passes Quick Jump Players with this ability have a slightly reduced stamina cost and slightly longer perfect window for jumping snaps.",https://www.maddenratings.com/jamarr-chase
Cincinnati Bengals,Joe Burrow,QB,Quarterback,9,Field General,97,29,"December 10, 1996",United States,LSU,7,2020,1,Cincinnati Bengals,83,85,68,83,99,74,88,97,97,88,97,98,99,95,91,86,40,26,19,28,19,15,18,62,69,57,78,86,49,68,64,91,36,10,10,30,38,27,29,33,29,25,15,15,29,30,20,25,15,20,21,17,10,2701,"Run & Gun Many passers use a combination of mobility and aggressiveness to make big plays. When they enter the zone, they have elite accuracy while throwing on the run. Sideline Deadeye Passers with this ability have elite accuracy on all unpressured throws outside the numbers (except on high throws). Fearless Passers with this ability have a reduced chance to be impacted by throw penalties caused by defensive pressure while on the run Gunslinger QB has slightly increased pass anim speed when throwing under pressure.",https://www.maddenratings.com/joe-burrow
Cincinnati Bengals,Dexter Lawrence II,DT,Defensive Tackle,97,,93,28,"November 12, 1997",United States,Clemson,8,,,,80,78,97,70,95,74,93,89,91,19,10,6,6,6,6,6,40,22,23,18,14,12,12,42,17,46,56,35,31,19,23,12,90,92,79,91,91,93,13,24,82,14,45,45,96,45,45,45,45,43,15,15,40,2396,"El Toro Defenders with this ability have a slightly improved chance to receive dominant bull rush wins when their stamina is full. This consumes a large amount of additional stamina. Interior Threat Defenders with this ability are slightly more likely to use faster, more dominant pass rush moves while rushing from the interior of the defense, and have more favorable disengage angles.",https://www.maddenratings.com/dexter-lawrence-ii
Cincinnati Bengals,Jonathan Allen,DT,Defensive Tackle,93,Power Rusher,88,31,"January 16, 1995",United States,Alabama,10,2017,17,Washington Commanders,72,75,93,69,89,74,93,87,85,21,17,6,6,6,6,6,35,30,25,10,3,2,12,40,10,28,51,25,34,30,28,12,95,88,74,84,86,89,24,29,81,16,45,45,91,45,45,45,45,18,9,8,10,2252,Run Stopper Defenders with this ability do not need to spend stamina on shed attempts during a run play,https://www.maddenratings.com/jonathan-allen
Cincinnati Bengals,Tee Higgins,WR,Wide Receiver,5,,87,27,"January 18, 1999",United States,Clemson,7,2020,33,Cincinnati Bengals,90,87,71,85,94,97,85,89,84,28,22,37,31,27,25,15,97,95,89,84,82,80,90,76,78,62,81,83,77,74,79,27,33,10,10,34,40,16,19,27,26,16,45,34,44,30,31,20,18,31,17,13,65,2800,"Deep Out Elite Receivers with this ability catch more consistently while catching passes 20+ yards from the LoS, outside the numbers Acrobat Players with this ability are more likely to succeed at catching tipped passes Quick Jump Players with this ability have a slightly reduced stamina cost and slightly longer perfect window for jumping snaps.",https://www.maddenratings.com/tee-higgins
Cincinnati Bengals,DJ Turner II,,,,Man to Man,83,25,"November 9, 2000",United States,Michigan,4,,,,96,97,43,92,77,91,88,90,83,27,10,22,15,10,11,15,69,65,48,22,16,11,27,53,60,28,93,65,25,65,77,15,56,25,35,40,65,76,83,81,44,71,35,35,33,35,35,35,35,15,18,15,65,2538,,https://www.maddenratings.com/dj-turner-ii
Cincinnati Bengals,Chase Brown,HB,Halfback,30,Elusive Back,82,26,"March 21, 2000",Canada,Illinois,4,2023,163,Cincinnati Bengals,93,95,69,86,83,91,89,87,83,45,35,40,35,28,39,25,69,51,48,64,57,50,44,88,81,76,88,83,65,79,86,27,27,10,10,29,36,14,10,17,28,17,49,53,40,37,32,42,35,40,15,13,70,2703,,https://www.maddenratings.com/chase-brown
Cincinnati Bengals,Evan McPherson,K,Kicker,2,Accurate,81,27,"July 21, 1999",United States,Florida,6,2021,149,Cincinnati Bengals,74,80,37,62,65,63,93,84,54,27,13,31,20,15,15,15,32,15,15,22,14,12,14,21,5,10,55,14,10,11,12,12,16,10,10,11,25,17,11,15,13,10,17,13,11,16,16,12,12,10,97,91,10,1465,,https://www.maddenratings.com/evan-mcpherson
Cincinnati Bengals,Bryan Cook,FS,Free Safety,6,Run Support,80,26,"September 7, 1999",United States,Cincinnati,5,2022,62,Kansas City Chiefs,89,90,67,79,81,83,92,87,89,24,10,6,6,6,6,6,70,59,51,35,31,28,35,61,51,45,82,58,44,55,64,20,79,32,36,56,82,81,69,77,84,57,35,35,65,35,35,35,35,25,19,17,35,2634,,https://www.maddenratings.com/bryan-cook
Cincinnati Bengals,Boye Mafe,REDG,Right Edge,53,Smaller Speed Rusher,78,27,"November 30, 1998",United States,Minnesota,5,2022,40,Seattle Seahawks,89,90,75,75,76,95,90,76,85,21,10,17,12,9,9,9,36,34,22,14,7,5,15,28,31,35,67,29,39,17,24,12,83,68,78,79,86,74,37,47,81,32,45,45,76,45,45,45,45,16,28,26,10,2344,,https://www.maddenratings.com/boye-mafe
Cincinnati Bengals,Daxton Hill,CB,Cornerback,23,,78,25,"September 29, 2000",United States,Michigan,5,2022,31,Cincinnati Bengals,92,94,56,95,74,88,93,89,87,22,12,12,10,8,19,6,71,66,60,33,30,27,30,63,55,45,92,65,35,64,73,21,67,40,53,52,75,73,76,76,78,72,35,35,56,35,35,35,35,15,18,15,40,2703,,https://www.maddenratings.com/daxton-hill
Cincinnati Bengals,Cashius Howell,LEDG,Left Edge,55,Smaller Speed Rusher,77,23,"April 16, 2003",,Texas AM,,,,,86,91,76,86,72,80,89,81,83,13,28,21,18,12,17,16,46,39,39,17,15,10,18,52,47,43,76,52,47,47,47,20,79,68,80,72,78,70,47,53,79,39,45,45,75,45,45,45,45,28,24,20,28,2594,,https://www.maddenratings.com/cashius-howell
Cincinnati Bengals,Kyle Dugger,SS,Strong Safety,29,Run Support,77,30,"March 22, 1996",United States,Lenoir-Rhyne University,7,2020,37,New England Patriots,88,87,77,86,78,92,87,90,84,25,15,10,6,6,10,10,75,64,56,40,32,29,26,70,60,49,82,75,50,67,78,11,71,48,53,72,83,75,69,73,88,75,35,35,82,35,35,35,35,16,18,13,82,2843,,https://www.maddenratings.com/kyle-dugger
Cincinnati Bengals,B.J. Hill,DT,Defensive Tackle,92,,76,31,"April 20, 1995",United States,N.C. State,9,2018,69,New York Giants,72,75,88,70,72,67,94,83,89,19,15,6,6,6,6,6,43,15,20,15,7,3,15,43,23,41,60,24,35,26,33,12,88,76,64,78,81,73,22,28,81,12,45,45,87,45,45,45,45,20,18,12,10,2209,,https://www.maddenratings.com/bj-hill
Cincinnati Bengals,Amarius Mims,RT,Right Tackle,71,Power,76,23,"October 14, 2002",United States,Georgia,3,2024,18,Cincinnati Bengals,70,73,91,70,80,65,86,89,85,13,11,12,11,6,12,5,49,51,41,35,31,24,44,48,30,50,65,45,55,43,43,22,35,42,31,45,42,28,12,11,45,15,76,78,86,79,74,78,78,82,34,26,10,2462,,https://www.maddenratings.com/amarius-mims
Cincinnati Bengals,Jordan Battle,SS,Strong Safety,27,Run Support,76,25,"December 14, 2000",United States,Alabama,4,2023,95,Cincinnati Bengals,88,92,63,77,79,75,93,90,91,34,10,27,21,14,22,6,72,71,60,38,33,25,35,65,70,47,79,81,50,64,70,19,72,34,40,66,83,78,67,75,85,70,35,25,64,35,35,35,35,23,15,15,70,2818,,https://www.maddenratings.com/jordan-battle
Cincinnati Bengals,Orlando Brown Jr,LT,Left Tackle,75,Power,76,30,"May 2, 1996",United States,Oklahoma,9,,,,59,56,94,57,87,53,95,94,87,25,15,6,6,6,6,6,23,12,12,12,12,12,12,28,14,39,40,15,27,10,11,12,33,10,10,32,18,15,12,15,36,10,76,75,90,79,74,77,72,76,19,13,10,1895,,https://www.maddenratings.com/orlando-brown-jr
Cincinnati Bengals,Ted Karras,C,Center,64,,76,33,"March 15, 1993",United States,Illinois,11,2016,221,New England Patriots,68,60,86,51,79,67,92,93,90,29,10,6,6,6,6,6,26,23,24,22,12,6,18,31,6,25,42,10,10,10,10,12,30,31,27,29,37,10,12,12,67,10,75,82,82,75,76,82,83,70,25,21,11,1989,,https://www.maddenratings.com/ted-karras
Cincinnati Bengals,Ryan Rehkow,P,Punter,8,Power,75,27,"September 11, 1998",United States,BYU,3,,,,68,71,53,67,56,66,87,83,78,33,17,20,15,10,21,16,29,12,10,10,10,10,12,33,10,10,53,10,10,10,10,20,28,11,11,14,27,19,10,10,27,10,15,14,20,15,15,14,14,14,96,81,10,1495,,https://www.maddenratings.com/ryan-rehkow
Cincinnati Bengals,Samaje Perine,HB,Halfback,34,Power Back,75,30,"September 16, 1995",United States,Oklahoma,11,2017,114,Washington Commanders,86,90,84,79,76,80,89,86,80,31,17,28,23,19,15,15,73,45,48,64,55,45,41,95,78,84,76,79,85,67,78,18,40,10,10,37,45,21,15,13,42,10,54,61,53,44,37,37,32,54,20,22,79,2665,,https://www.maddenratings.com/samaje-perine
Cincinnati Bengals,Dalton Risner,RG,Right Guard,66,Power,74,31,"July 13, 1995",United States,Kansas State,8,2019,41,Denver Broncos,69,62,86,60,81,71,91,87,90,26,10,6,6,6,6,6,31,16,18,15,6,5,15,34,10,27,58,20,23,17,19,12,44,31,24,36,42,29,12,12,41,10,76,78,85,73,78,80,75,79,18,12,10,2034,,https://www.maddenratings.com/dalton-risner
Cincinnati Bengals,Kris Jenkins Jr.,DT,Defensive Tackle,90,,74,24,"October 10, 2001",United States,Michigan,3,2024,49,Cincinnati Bengals,75,80,87,67,68,74,89,83,90,22,15,13,10,7,6,6,46,38,35,10,5,3,12,44,35,50,55,40,47,30,38,13,83,72,66,78,78,71,24,28,82,20,45,40,86,45,45,40,40,20,24,23,10,2313,,https://www.maddenratings.com/kris-jenkins-jr
Cincinnati Bengals,Shemar Stewart,REDG,Right Edge,94,Power Rusher,74,22,"November 12, 2003",United States,Texas AM,2,2025,17,Cincinnati Bengals,86,91,87,86,71,93,88,88,88,19,13,7,6,5,6,6,40,21,21,15,8,7,15,42,30,34,74,31,37,40,42,12,72,75,72,72,80,70,17,24,82,29,45,45,85,45,45,45,45,23,21,20,20,2341,,https://www.maddenratings.com/shemar-stewart
Cincinnati Bengals,Andrei Iosivas,WR,Wide Receiver,80,,73,26,"October 15, 1999",United States,Princeton,4,2023,206,Cincinnati Bengals,92,91,67,89,76,90,88,87,86,30,22,20,15,10,19,21,82,78,80,74,75,77,66,73,76,50,87,81,54,71,75,27,28,10,11,28,31,15,10,10,22,16,34,22,35,18,11,19,15,17,24,21,50,2476,,https://www.maddenratings.com/andrei-iosivas
Cincinnati Bengals,Demetrius Knight Jr.,WILL,Weak Backer,44,Run Stopper,73,26,"July 21, 2000",United States,South Carolina,2,2025,49,Cincinnati Bengals,86,87,72,80,75,77,90,89,90,35,25,31,28,25,36,22,65,59,57,34,31,26,32,63,37,43,75,51,45,51,55,38,82,62,65,72,83,74,59,65,86,47,45,45,76,45,45,45,45,24,22,20,10,2827,,https://www.maddenratings.com/demetrius-knight-jr
Cincinnati Bengals,Joe Flacco,QB,Quarterback,16,Field General,73,41,"January 16, 1985",United States,Delaware,19,,,,75,70,66,68,75,71,93,77,92,89,80,87,83,79,78,80,31,12,10,10,10,10,12,59,40,40,62,60,49,25,44,39,29,10,10,24,30,15,15,20,12,10,15,15,30,20,20,25,15,18,25,24,10,2168,,https://www.maddenratings.com/joe-flacco
Cincinnati Bengals,Myles Murphy,LEDG,Left Edge,99,Power Rusher,73,24,"January 3, 2002",United States,Clemson,4,2023,28,Cincinnati Bengals,88,90,82,77,67,76,93,84,88,51,11,42,32,27,21,15,40,35,28,15,8,7,16,45,25,42,74,45,47,31,39,31,79,76,65,73,79,65,28,37,85,31,45,40,88,45,45,40,40,33,15,14,10,2505,,https://www.maddenratings.com/myles-murphy
Cincinnati Bengals,Dylan Fairchild,LG,Left Guard,63,Power,72,23,"May 8, 2003",United States,Georgia,2,2025,81,Cincinnati Bengals,71,78,86,60,75,69,90,89,88,23,10,6,6,6,6,6,27,25,13,14,12,10,12,39,18,26,54,17,15,13,16,12,18,37,34,43,30,25,11,10,43,10,74,75,82,75,74,76,74,81,19,12,10,2005,,https://www.maddenratings.com/dylan-fairchild
Cincinnati Bengals,Ja&#8217;Sir Taylor,CB,Cornerback,26,Man to Man,71,27,"January 8, 1999",United States,Wake Forest,5,,,,92,92,53,88,73,88,90,88,74,28,10,6,6,6,6,6,65,58,55,33,23,16,24,60,59,37,85,70,34,67,74,17,50,34,39,43,66,72,71,66,50,64,35,35,40,35,35,35,35,14,19,18,70,2509,,https://www.maddenratings.com/jasir-taylor
Cincinnati Bengals,Josh Newton,CB,Cornerback,28,Man to Man,71,25,"September 14, 2000",United States,TCU,3,2024,149,Cincinnati Bengals,89,90,61,85,68,82,95,86,79,31,12,29,24,19,28,14,76,72,67,55,56,51,57,63,65,33,89,74,44,72,75,23,55,32,38,43,70,64,74,69,61,75,35,30,54,35,35,25,25,24,15,18,64,2805,,https://www.maddenratings.com/josh-newton
Cincinnati Bengals,Mitchell Tinsley,WR,Wide Receiver,82,Slot,71,26,"September 15, 1999",United States,Penn State,4,,,,86,89,60,91,75,85,92,84,87,35,19,29,25,22,15,21,81,81,83,72,69,66,64,73,68,53,87,80,54,71,75,28,31,10,10,33,41,26,18,26,32,17,53,27,50,39,45,20,17,28,18,18,64,2643,,https://www.maddenratings.com/mitchell-tinsley
Cincinnati Bengals,Tahj Brooks,HB,Halfback,25,Elusive Back,71,24,"May 13, 2002",United States,Texas Tech,2,2025,193,Cincinnati Bengals,88,92,68,87,66,86,94,93,92,21,32,16,17,25,9,25,70,50,50,61,57,51,55,91,81,73,85,79,72,73,79,16,35,28,23,35,37,37,24,27,29,26,41,52,44,33,30,46,41,40,24,23,73,2702,,https://www.maddenratings.com/tahj-brooks
Cincinnati Bengals,Tacario Davis,CB,Cornerback,20,Man to Man,71,21,"August 17, 2004",,Washington,,,,,92,90,58,89,72,88,82,84,86,21,10,6,6,6,6,6,63,62,61,49,46,43,45,61,52,33,88,67,36,64,68,16,61,39,36,49,74,72,69,67,64,69,35,35,50,35,35,35,35,15,15,13,60,2619,,https://www.maddenratings.com/tacario-davis
Cincinnati Bengals,Charlie Jones,WR,Wide Receiver,15,Slot,70,27,"October 29, 1998",United States,Purdue,4,2023,131,Cincinnati Bengals,90,89,56,88,62,87,82,82,83,29,17,15,10,6,10,6,86,78,83,74,74,72,60,73,70,40,89,78,42,64,70,20,34,10,10,28,41,24,22,29,24,25,43,29,38,17,24,20,19,19,18,14,87,2460,,https://www.maddenratings.com/charlie-jones
Cincinnati Bengals,Colbie Young,WR,Wide Receiver,86,,70,24,"July 24, 2002",,Georgia,,,,,89,90,67,85,70,88,88,84,86,32,24,24,19,15,23,22,79,81,81,72,74,72,74,72,77,56,83,80,67,69,77,26,22,17,17,23,25,21,21,23,21,25,53,26,46,29,32,24,25,32,29,25,47,2629,,https://www.maddenratings.com/colbie-young
Cincinnati Bengals,Isaiah Foskey,LEDG,Left Edge,51,Power Rusher,70,25,"October 30, 2000",United States,Notre Dame,4,2023,40,New Orleans Saints,86,90,76,74,66,82,94,82,84,24,10,6,6,6,6,6,48,50,48,45,39,32,44,52,42,52,69,53,51,48,50,17,83,72,62,71,79,62,39,47,88,44,45,45,82,45,45,45,45,33,25,22,20,2637,,https://www.maddenratings.com/isaiah-foskey
Cincinnati Bengals,T.J. Slaton Jr,DT,Defensive Tackle,98,,70,28,"October 3, 1997",United States,Florida,6,,,,68,76,87,58,65,72,90,74,88,15,10,6,6,6,6,6,22,13,13,10,5,3,12,24,14,35,53,16,26,13,16,12,85,73,61,74,77,66,13,18,77,14,58,52,88,61,54,55,53,53,15,15,30,2112,,https://www.maddenratings.com/tj-slaton-jr
Cincinnati Bengals,Barrett Carter,MIKE,Mike Backer,49,Field General,69,23,"October 23, 2002",United States,Clemson,2,2025,119,Cincinnati Bengals,85,90,72,76,71,83,87,87,88,23,12,6,6,6,6,6,61,55,53,30,27,24,28,68,43,47,76,57,51,55,61,22,81,54,61,67,83,69,57,63,80,46,45,45,72,45,45,45,45,28,22,18,10,2643,,https://www.maddenratings.com/barrett-carter
Cincinnati Bengals,Cedric Johnson,REDG,Right Edge,52,Smaller Speed Rusher,69,23,"September 6, 2002",United States,Ole Miss,3,2024,214,Cincinnati Bengals,85,89,79,69,68,90,88,78,82,23,10,6,6,6,6,6,43,28,26,12,7,3,13,38,20,32,66,26,30,14,19,12,76,68,72,74,77,67,40,46,75,21,45,45,81,45,45,45,45,18,16,10,10,2201,,https://www.maddenratings.com/cedric-johnson
Cincinnati Bengals,Connor Lew,C,Center,65,Agile,69,20,"August 30, 2005",,Auburn,,,,,68,75,87,59,74,68,91,85,87,17,6,6,6,6,6,6,35,13,12,10,5,5,14,24,10,31,55,17,24,10,18,12,38,26,27,43,35,33,15,11,34,10,74,74,79,72,74,74,75,82,14,17,10,1959,,https://www.maddenratings.com/connor-lew
Cincinnati Bengals,Jordan Jefferson,DT,Defensive Tackle,68,,69,24,"September 24, 2001",United States,LSU,3,,,,69,72,91,67,60,76,90,80,87,15,10,6,6,6,6,6,22,13,13,10,5,3,12,24,14,35,50,16,26,13,16,12,81,71,65,73,73,64,13,18,83,14,45,52,87,45,45,55,53,53,15,15,30,2081,,https://www.maddenratings.com/jordan-jefferson
Cincinnati Bengals,McKinnley Jackson,DT,Defensive Tackle,91,,69,24,"December 26, 2001",United States,Texas AM,3,2024,97,Cincinnati Bengals,64,72,84,55,71,60,85,76,83,12,20,13,16,17,11,15,22,15,15,4,4,4,12,40,41,25,51,40,24,23,38,23,80,66,65,76,75,74,17,19,77,10,45,23,87,45,45,25,18,11,23,17,8,2041,,https://www.maddenratings.com/mckinnley-jackson
Cincinnati Bengals,Oren Burks,WILL,Weak Backer,42,Run Stopper,69,31,"March 21, 1995",United States,Vanderbilt,9,2018,88,Green Bay Packers,87,85,72,83,73,89,90,85,92,16,10,6,6,6,6,6,70,49,52,15,5,5,12,63,21,42,73,41,33,38,49,12,78,51,60,66,81,71,58,65,83,53,45,45,71,45,45,45,45,18,18,13,10,2458,,https://www.maddenratings.com/oren-burks
Cincinnati Bengals,Antwaun Powell-Ryland,LEDG,Left Edge,56,Smaller Speed Rusher,68,24,"February 23, 2002",United States,Virginia Tech,2,2025,209,Philadelphia Eagles,82,84,74,84,60,89,85,80,87,27,10,15,10,5,13,10,42,24,28,15,10,5,14,45,25,22,73,34,33,36,36,15,74,73,75,69,81,56,34,44,74,32,45,45,68,45,45,45,45,28,26,17,33,2326,,https://www.maddenratings.com/antwaun-powell-ryland
Cincinnati Bengals,Brian Parker II,LG,Left Guard,62,Agile,68,22,"January 6, 2004",,Duke,,,,,68,72,89,62,68,73,86,87,85,18,12,6,6,6,6,6,33,16,16,15,5,5,17,24,16,27,54,11,13,10,10,12,26,10,10,21,24,19,12,12,47,10,74,72,80,76,77,68,68,80,10,12,10,1852,,https://www.maddenratings.com/brian-parker-ii
Cincinnati Bengals,Cody Ford,LT,Left Tackle,61,Power,68,29,"December 28, 1996",United States,Oklahoma,8,2019,38,Buffalo Bills,67,65,87,55,70,71,84,83,88,16,7,6,6,6,6,6,43,44,37,37,30,26,30,48,35,38,51,44,32,20,20,12,14,10,10,14,23,24,16,12,20,10,72,71,81,74,71,73,68,82,14,12,10,2051,,https://www.maddenratings.com/cody-ford
Cincinnati Bengals,Drew Sample,TE,Tight End,89,Possession,68,30,"April 16, 1996",United States,Washington,8,2019,52,Cincinnati Bengals,81,83,73,76,67,81,89,85,86,26,14,20,15,10,10,10,77,79,78,66,61,56,68,73,46,63,71,69,61,53,57,16,43,23,37,47,54,24,17,23,43,19,65,60,71,62,65,59,54,59,15,14,15,2689,,https://www.maddenratings.com/drew-sample
Cincinnati Bengals,Erick All,TE,Tight End,83,Vertical Threat,68,25,"September 13, 2000",United States,Iowa,3,2024,115,Cincinnati Bengals,86,87,72,83,61,83,78,81,86,24,15,15,10,6,10,6,80,75,77,66,61,63,65,73,66,66,74,74,66,59,67,16,46,10,10,41,42,16,16,22,48,19,60,58,63,58,59,56,57,56,19,12,25,2644,,https://www.maddenratings.com/erick-all
Cincinnati Bengals,Russ Yeast,FS,Free Safety,39,Zone,68,27,"May 8, 1999",United States,Kansas State,5,2022,253,Los Angeles Rams,86,90,62,89,70,89,92,89,83,25,16,15,10,10,15,15,67,60,48,25,23,18,30,59,57,46,82,66,40,65,73,15,61,43,54,47,73,69,64,70,65,65,30,30,46,30,30,30,30,20,15,12,35,2549,,https://www.maddenratings.com/russ-yeast
Cincinnati Bengals,Tanner Hudson,TE,Tight End,87,Vertical Threat,68,31,"November 12, 1994",United States,Southern Arkansas,9,,,,82,85,70,77,74,83,87,77,77,30,10,15,10,6,10,6,83,79,77,66,60,55,63,68,53,69,69,63,56,58,60,14,32,17,17,29,28,22,14,21,27,17,62,56,63,62,58,55,50,48,21,19,18,2528,,https://www.maddenratings.com/tanner-hudson
Cincinnati Bengals,D.J. Ivey,CB,Cornerback,38,Man to Man,67,26,"February 25, 2000",United States,Miami,4,2023,246,Cincinnati Bengals,90,90,54,83,61,92,90,86,78,22,13,6,6,6,6,6,64,63,56,17,12,11,14,59,50,35,87,65,49,64,69,15,56,27,38,41,64,58,70,69,62,72,35,30,42,35,35,30,30,18,19,16,55,2421,,https://www.maddenratings.com/dj-ivey
Cincinnati Bengals,Jalen Rivers,RG,Right Guard,74,Power,67,23,"September 12, 2002",United States,Miami,2,2025,153,Cincinnati Bengals,63,65,83,56,67,69,82,85,83,23,12,6,6,6,6,6,21,18,18,16,5,5,18,40,12,32,49,13,13,12,15,12,24,34,23,23,21,29,11,13,27,10,71,69,87,73,71,72,69,80,13,23,24,1884,,https://www.maddenratings.com/jalen-rivers
Cincinnati Bengals,Javon Foster,LT,Left Tackle,73,Power,67,26,"March 31, 2000",United States,Missouri,3,2024,114,Jacksonville Jaguars,62,71,83,61,72,79,92,85,87,15,7,12,9,6,5,5,25,18,17,10,5,5,12,40,5,19,50,10,10,10,10,8,44,42,35,37,38,34,20,26,40,10,76,70,81,72,72,72,72,79,18,14,10,1967,,https://www.maddenratings.com/javon-foster
Cincinnati Bengals,Daijahn Anthony,FS,Free Safety,33,Zone,66,25,"September 9, 2000",United States,Ole Miss,3,2024,224,Cincinnati Bengals,88,92,56,87,59,88,93,84,88,31,15,21,20,15,15,16,69,62,60,30,20,15,26,58,62,54,88,64,54,64,71,21,70,37,44,53,76,57,64,70,85,63,35,35,60,35,35,35,35,28,17,15,60,2695,,https://www.maddenratings.com/daijahn-anthony
Cincinnati Bengals,Jalen Davis,CB,Cornerback,35,Man to Man,66,30,"February 2, 1996",United States,Utah State,9,,,,88,87,53,80,69,86,86,87,78,30,12,6,6,6,6,6,69,62,51,27,17,12,15,63,52,25,77,72,31,71,78,10,57,25,42,55,72,70,69,67,54,70,35,35,50,35,35,35,35,15,25,25,73,2497,,https://www.maddenratings.com/jalen-davis
Cincinnati Bengals,Jack Endries,TE,Tight End,84,Vertical Threat,66,22,"March 26, 2004",,Texas,,,,,84,88,72,75,61,86,93,86,90,30,27,31,23,17,23,38,84,79,79,64,58,54,65,75,66,62,69,68,62,62,69,26,49,35,34,50,53,43,39,41,46,30,57,56,59,56,57,55,55,53,37,32,55,2958,,https://www.maddenratings.com/jack-endries
Cincinnati Bengals,Ke&#8217;Shawn Williams,WR,Wide Receiver,12,,66,24,"December 27, 2001",United States,Indiana,2,,,,89,90,53,84,61,87,87,85,85,29,19,15,10,10,10,17,80,76,75,74,72,68,73,71,72,40,86,76,40,70,73,19,31,10,10,26,33,36,13,18,28,17,41,29,38,21,22,20,22,21,20,20,79,2451,,https://www.maddenratings.com/keshawn-williams
Cincinnati Bengals,Landon Robinson,DT,Defensive Tackle,96,,66,23,"January 3, 2003",,Navy,,,,,77,85,86,71,61,79,87,73,87,21,10,6,6,6,6,6,38,30,30,15,13,3,25,46,15,45,65,28,34,29,27,12,77,66,58,70,75,60,21,23,76,33,45,45,86,45,45,45,45,25,16,25,10,2213,,https://www.maddenratings.com/landon-robinson
Cincinnati Bengals,Kendall Milton,HB,Halfback,36,Elusive Back,65,24,"February 10, 2002",United States,Georgia,3,,,,86,93,72,82,66,85,85,81,82,27,12,20,15,10,17,14,66,51,50,61,53,48,53,86,76,73,76,77,66,71,78,19,31,10,10,27,35,13,13,17,24,13,26,47,33,18,22,23,26,29,17,12,83,2380,,https://www.maddenratings.com/kendall-milton
Cincinnati Bengals,Joe Giles-Harris,SAM,Sam Backer,43,Run Stopper,64,29,"April 1, 1997",United States,Duke,8,,,,82,80,69,78,60,73,86,80,87,25,10,6,6,6,6,6,53,47,45,27,24,20,33,45,37,43,66,41,33,37,45,12,81,61,62,70,80,58,48,57,82,31,45,45,81,45,45,45,45,17,18,13,10,2407,,https://www.maddenratings.com/joe-giles-harris
Cincinnati Bengals,Swayze Bozeman,MIKE,Mike Backer,47,Field General,64,27,"November 2, 1998",United States,Southern Miss,2,,,,89,91,72,78,58,86,86,86,87,23,12,6,6,6,6,6,51,50,47,23,20,17,27,43,33,43,80,43,46,43,52,21,81,51,55,63,80,56,54,62,80,43,45,45,74,45,45,45,45,22,21,18,10,2477,,https://www.maddenratings.com/swayze-bozeman
Cincinnati Bengals,Gary Brightwell,HB,Halfback,32,Elusive Back,63,28,"February 28, 1998",United States,Arizona,6,2021,196,New York Giants,84,86,73,81,66,83,90,83,85,36,20,28,23,19,25,17,59,43,48,55,45,35,43,84,76,77,82,78,68,75,77,25,37,13,15,33,39,16,17,27,34,19,38,47,41,19,25,41,37,39,19,14,75,2514,,https://www.maddenratings.com/gary-brightwell
Cincinnati Bengals,Kendric Pryor,WR,Wide Receiver,19,,63,28,"January 6, 1998",United States,Wisconsin,5,,,,92,91,52,84,49,90,90,82,81,30,21,31,26,24,35,23,76,80,73,63,64,61,52,69,64,37,84,74,40,74,81,32,27,12,14,20,35,25,22,29,29,17,45,25,40,29,33,13,15,24,17,15,63,2474,,https://www.maddenratings.com/kendric-pryor
Cincinnati Bengals,PJ Jules,SS,Strong Safety,37,Hybrid,63,25,"May 18, 2001",United States,S. Illinois,3,,,,89,92,65,78,60,83,89,88,84,25,18,6,6,6,6,6,67,60,53,33,29,24,30,61,46,35,81,63,43,58,61,14,61,32,34,47,74,58,65,67,73,66,35,35,59,35,35,35,35,12,18,14,65,2514,,https://www.maddenratings.com/pj-jules
Cincinnati Bengals,William Wagner,LS,Long Snapper,46,Accurate,63,25,"December 20, 2000",United States,Michigan,2,,,,73,75,71,66,54,72,90,75,81,35,9,10,6,6,6,6,51,47,51,39,31,25,21,61,15,34,62,27,46,22,27,10,51,10,10,38,49,32,15,19,46,11,47,52,64,44,43,48,45,48,14,15,10,2015,,https://www.maddenratings.com/william-wagner
Cincinnati Bengals,Josh Johnson,QB,Quarterback,11,,62,40,"May 15, 1986",United States,San Diego,18,2008,160,Tampa Bay Buccaneers,80,81,53,81,67,81,91,72,70,84,75,80,72,67,79,66,54,34,41,32,25,19,43,60,61,24,74,77,30,73,70,71,30,10,10,24,20,15,15,20,12,10,15,15,30,30,20,25,15,20,25,25,10,2383,,https://www.maddenratings.com/josh-johnson
Cincinnati Bengals,Liam Anderson,WILL,Weak Backer,45,Run Stopper,62,26,"April 30, 2000",United States,Holy Cross,4,,,,87,88,70,80,56,81,87,84,86,22,10,6,6,6,6,6,65,56,53,17,14,8,21,62,50,44,76,64,43,47,58,15,76,57,49,63,77,55,57,66,79,58,45,45,70,45,45,45,45,25,14,13,10,2513,,https://www.maddenratings.com/liam-anderson
Cincinnati Bengals,Cam Grandy,TE,Tight End,85,Possession,61,26,"November 19, 1999",United States,Illinois St.,3,,,,76,84,77,72,53,73,88,78,85,23,6,13,10,6,10,5,78,77,77,59,53,47,65,73,68,69,67,76,69,60,66,21,38,14,16,29,32,32,18,25,32,25,60,60,63,57,59,60,55,56,24,22,35,2596,,https://www.maddenratings.com/cam-grandy
Cincinnati Bengals,Howard Cross III,DT,Defensive Tackle,95,,61,25,"July 31, 2001",United States,Notre Dame,2,,,,64,70,85,66,57,71,89,84,87,20,10,6,6,6,6,6,35,25,22,15,7,5,15,43,17,30,52,25,30,18,19,12,79,65,59,69,68,56,18,23,78,16,45,45,86,45,45,45,45,28,18,14,10,2060,,https://www.maddenratings.com/howard-cross-iii
Cincinnati Bengals,Shaka Heyward,MIKE,Mike Backer,50,Field General,60,26,"April 19, 2000",United States,Duke,4,,,,88,89,74,73,57,76,88,78,84,22,10,10,6,5,7,6,51,51,50,22,12,6,12,52,32,40,73,44,27,24,31,12,77,55,42,65,77,53,54,60,77,43,45,45,77,45,45,45,45,15,15,12,15,2319,,https://www.maddenratings.com/shaka-heyward
Cincinnati Bengals,Andrew Coker,RT,Right Tackle,79,Power,59,25,"March 23, 2001",United States,TCU,3,,,,60,66,84,54,61,65,88,78,80,12,7,13,11,10,8,9,29,16,20,20,15,10,13,29,18,17,50,15,19,23,21,9,30,19,10,29,30,31,10,10,36,10,63,66,78,67,68,68,67,76,7,8,5,1818,,https://www.maddenratings.com/andrew-coker
Cincinnati Bengals,Corey Robinson II,RT,Right Tackle,77,Power,59,23,"August 4, 2003",,Arkansas,,,,,60,56,83,51,60,73,86,85,89,14,10,6,6,6,6,6,23,14,16,12,5,5,12,24,18,28,53,18,15,10,10,12,28,10,10,23,21,21,14,17,43,10,68,70,74,67,69,69,68,72,10,12,10,1758,,https://www.maddenratings.com/corey-robinson-ii
Cincinnati Bengals,Sean Clifford,QB,Quarterback,4,,58,28,"July 14, 1998",United States,Penn State,4,2023,149,Green Bay Packers,84,87,59,87,50,75,86,81,85,84,72,75,75,67,77,74,43,22,21,26,16,12,17,61,55,42,79,74,42,41,61,67,28,10,12,22,28,14,12,18,18,12,19,18,26,10,14,14,18,18,26,22,11,2267,,https://www.maddenratings.com/sean-clifford
Cleveland Browns,Denzel Ward,CB,Cornerback,21,Man to Man,93,29,"April 28, 1997",United States,Ohio State,9,2018,4,Cleveland Browns,93,94,61,94,95,92,88,92,86,31,15,15,10,8,6,6,78,66,48,30,26,20,26,66,60,19,95,66,28,66,80,18,51,26,33,50,72,92,94,90,72,86,35,35,51,35,35,35,35,17,18,13,67,2720,"Lurker Defenders with this ability can make spectacular interceptions while lurking in zones, and are more likely to attempt and succeed at diving swats/catches. Deep Route KO Defenders with this ability have a slightly improved chance to succeed at catch tackle knockouts in man-to-man versus deep routes 20+ yards from the LoS",https://www.maddenratings.com/denzel-ward
Cleveland Browns,Jared Verse,REDG,Right Edge,8,Power Rusher,88,25,"November 4, 2000",United States,Florida State,3,2024,19,Los Angeles Rams,89,90,92,82,88,84,91,90,86,17,14,7,6,5,6,6,67,61,60,44,39,32,39,62,37,42,70,38,36,32,38,17,81,88,80,81,87,85,45,49,83,33,45,45,85,45,45,45,45,24,18,17,10,2703,Max Effort Defenders with this ability will ignore one bar of blocker resistance when attempting pass rush moves with effort Under Pressure Defenders with this ability can apply pressure to the quarterback from a slightly improved distance.,https://www.maddenratings.com/jared-verse
Cleveland Browns,Elgton Jenkins,C,Center,74,,84,30,"December 26, 1995",United States,Mississippi St.,8,2019,44,Green Bay Packers,73,72,89,62,88,70,85,89,87,24,10,6,6,6,6,6,26,15,15,10,5,5,20,25,11,29,54,15,15,22,20,12,38,30,25,39,40,23,12,15,42,10,77,85,86,76,78,86,85,76,19,14,10,2044,,https://www.maddenratings.com/elgton-jenkins
Cleveland Browns,Carson Schwesinger,MIKE,Mike Backer,49,Field General,83,23,"February 24, 2003",United States,UCLA,2,2025,33,Cleveland Browns,87,90,75,83,87,93,90,88,90,24,12,6,6,6,6,6,68,62,58,36,32,29,34,64,40,44,79,54,48,52,58,22,87,58,64,75,87,85,68,73,83,52,45,45,73,45,45,45,45,25,23,21,10,2783,,https://www.maddenratings.com/carson-schwesinger
Cleveland Browns,Jeremiah Owusu-Koramoah,WILL,Weak Backer,6,Pass Coverage,83,26,"November 4, 1999",United States,Notre Dame,6,2021,52,Cleveland Browns,87,91,65,87,85,87,88,88,88,43,32,40,36,30,47,29,72,56,53,34,29,23,31,57,48,38,78,61,40,53,55,41,83,51,65,69,93,85,70,75,85,48,45,45,76,45,45,45,45,18,18,17,35,2950,,https://www.maddenratings.com/jeremiah-owusu-koramoah
Cleveland Browns,Grant Delpit,SS,Strong Safety,9,Zone,82,27,"September 20, 1998",United States,LSU,7,2020,44,Cleveland Browns,90,90,60,86,85,89,88,94,93,23,18,6,6,6,6,6,75,70,60,20,15,10,20,69,37,38,82,60,43,56,65,15,73,42,51,53,77,86,73,81,85,73,35,35,53,35,35,35,35,20,14,11,55,2638,,https://www.maddenratings.com/grant-delpit
Cleveland Browns,Quinshon Judkins,HB,Halfback,10,Elusive Back,82,22,"October 29, 2003",United States,Ohio State,2,2025,36,Cleveland Browns,90,91,77,85,83,91,91,91,92,29,24,27,27,14,7,19,71,47,50,57,49,47,52,96,85,84,85,86,81,76,87,20,39,27,28,36,40,35,25,35,36,25,39,52,43,31,29,40,38,37,22,22,45,2735,,https://www.maddenratings.com/quinshon-judkins
Cleveland Browns,Jerry Jeudy,WR,Wide Receiver,3,,81,27,"April 24, 1999",United States,Alabama,7,2020,15,Denver Broncos,91,92,64,92,76,85,88,91,88,27,21,20,15,10,23,10,81,84,81,82,82,82,79,75,77,56,91,87,75,81,91,25,33,10,10,28,38,24,23,31,26,26,42,35,43,24,19,18,13,28,19,17,69,2698,,https://www.maddenratings.com/jerry-jeudy
Cleveland Browns,Corey Bojorquez,P,Punter,13,Power,80,29,"September 13, 1996",United States,New Mexico,9,,,,70,74,41,63,67,44,87,86,61,34,20,30,25,20,19,14,24,12,10,14,12,10,12,33,10,17,52,15,15,10,10,16,28,10,10,24,25,13,12,17,15,10,19,17,18,18,18,19,17,14,95,87,10,1523,,https://www.maddenratings.com/corey-bojorquez
Cleveland Browns,Harold Fannin Jr.,TE,Tight End,44,Vertical Threat,80,22,"July 20, 2004",United States,Bowling Green St.,2,2025,67,Cleveland Browns,82,85,75,81,80,82,93,90,90,77,52,65,63,60,52,53,85,83,82,74,69,67,75,75,79,77,73,87,78,74,81,55,30,28,32,34,30,21,23,24,27,10,63,58,66,60,63,59,59,57,33,32,30,3233,,https://www.maddenratings.com/harold-fannin-jr
Cleveland Browns,Mason Graham,DT,Defensive Tackle,94,,80,22,"September 2, 2003",United States,Michigan,2,2025,5,Cleveland Browns,78,86,90,74,76,71,92,82,94,24,14,10,8,7,11,15,28,20,20,18,18,18,28,38,30,31,65,28,36,20,24,18,84,79,69,85,80,75,17,24,78,17,45,45,88,45,45,45,45,31,30,18,31,2348,Quick Jump Players with this ability have a slightly reduced stamina cost and slightly longer perfect window for jumping snaps.,https://www.maddenratings.com/mason-graham
Cleveland Browns,Tytus Howard,RT,Right Tackle,71,Pass Protector,80,30,"May 23, 1996",United States,Alabama St.,8,2019,23,Houston Texans,72,67,85,59,85,73,86,89,85,53,26,45,37,31,40,27,28,15,15,15,5,5,15,24,37,45,51,47,38,32,41,30,23,10,10,24,27,15,12,15,28,10,75,85,84,73,77,86,82,82,20,16,10,2267,,https://www.maddenratings.com/tytus-howard
Cleveland Browns,Quincy Williams,WILL,Weak Backer,5,Pass Coverage,79,29,"August 28, 1996",United States,Murray State,8,2019,98,Jacksonville Jaguars,87,88,67,77,85,89,88,94,87,25,13,6,6,6,6,6,63,48,33,15,6,5,18,44,18,30,73,35,39,32,38,12,87,49,58,68,90,84,62,70,89,50,29,21,73,44,44,44,43,26,19,19,10,2418,,https://www.maddenratings.com/quincy-williams
Cleveland Browns,Spencer Fano,,,55,,79,21,"November 4, 2004",United States,Utah,,2026,9,Cleveland Browns,75,78,90,72,86,78,89,87,89,16,12,6,6,6,6,6,26,14,18,15,5,5,11,28,16,28,58,15,13,10,10,12,29,10,10,25,21,24,12,11,42,10,81,78,85,76,81,75,81,81,10,12,10,1950,,https://www.maddenratings.com/spencer-fano
Cleveland Browns,Tyson Campbell,CB,Cornerback,7,Zone,79,26,"March 17, 2000",United States,Georgia,6,2021,33,Jacksonville Jaguars,92,92,58,85,76,85,90,93,78,31,10,15,10,6,10,6,71,56,50,21,15,12,22,44,29,26,85,54,35,55,63,12,70,28,33,54,74,76,75,81,55,84,34,28,44,34,35,22,22,11,20,17,47,2431,,https://www.maddenratings.com/tyson-campbell
Cleveland Browns,Zion Johnson,LG,Left Guard,77,Power,78,26,"November 18, 1999",United States,Boston College,5,2022,17,Los Angeles Chargers,66,75,90,71,79,78,95,87,89,28,5,6,6,6,6,6,25,12,10,10,5,5,12,34,11,25,58,14,20,10,10,9,34,25,20,27,34,25,12,10,35,10,78,79,84,77,79,82,77,85,23,18,10,1987,,https://www.maddenratings.com/zion-johnson
Cleveland Browns,Maliek Collins,DT,Defensive Tackle,96,Speed Rusher,77,31,"April 8, 1995",United States,Nebraska,11,2016,67,Dallas Cowboys,70,70,84,66,90,75,87,81,88,23,16,6,6,6,6,6,31,19,17,13,5,3,15,31,12,29,60,22,25,17,16,12,82,73,84,75,79,87,18,26,80,13,45,44,86,46,45,44,45,34,17,17,9,2156,,https://www.maddenratings.com/maliek-collins
Cleveland Browns,Teven Jenkins,RG,Right Guard,78,Power,77,28,"March 3, 1998",United States,Oklahoma St.,6,2021,39,Chicago Bears,74,72,91,60,67,79,82,84,92,22,15,6,6,6,6,6,19,16,11,10,5,5,15,23,8,32,52,20,22,10,10,12,31,20,10,22,27,22,10,10,40,10,82,80,87,79,85,82,76,86,14,14,15,1940,,https://www.maddenratings.com/teven-jenkins
Cleveland Browns,Ronnie Hickman,FS,Free Safety,33,Run Support,76,24,"October 11, 2001",United States,Ohio State,4,,,,86,89,65,81,78,84,90,89,85,32,12,27,23,21,23,15,64,60,54,21,11,10,17,60,49,54,78,58,56,62,68,27,75,47,37,57,77,78,76,75,86,70,35,30,62,35,35,25,25,24,14,12,45,2669,,https://www.maddenratings.com/ronnie-hickman
Cleveland Browns,Dylan Sampson,HB,Halfback,22,Elusive Back,75,21,"September 14, 2004",United States,Tennessee,2,2025,126,Cleveland Browns,92,91,65,88,67,84,92,84,86,29,27,24,14,25,14,20,68,52,51,61,55,51,48,88,82,72,86,82,74,80,82,21,28,24,26,32,33,34,22,26,26,25,39,50,32,25,22,39,33,38,32,28,70,2639,,https://www.maddenratings.com/dylan-sampson
Cleveland Browns,Emmanuel McNeil-Warren,,,28,Zone,75,22,"January 8, 2004",United States,Toledo,,,,,88,91,61,84,75,85,85,90,90,29,12,6,6,6,6,6,67,62,60,45,42,35,41,59,55,53,83,61,45,58,60,15,71,35,47,53,79,73,64,76,80,65,35,35,56,35,35,35,35,27,21,23,46,2687,,https://www.maddenratings.com/emmanuel-mcneil-warren
Cleveland Browns,KC Concepcion,,,1,,75,21,"September 24, 2004",United States,Texas AM,,2026,24,Cleveland Browns,91,93,70,91,63,90,92,89,87,63,37,51,47,47,44,36,76,80,79,79,79,77,78,70,79,54,91,84,63,75,83,39,36,22,28,29,33,33,32,36,31,42,53,22,47,33,36,24,25,31,28,29,82,3009,,https://www.maddenratings.com/kc-concepcion
Cleveland Browns,Cedric Tillman,WR,Wide Receiver,19,Deep Threat,74,26,"April 19, 2000",United States,Tennessee,4,2023,74,Cleveland Browns,88,90,70,79,84,88,87,83,83,22,20,20,15,15,15,6,86,82,83,76,75,75,76,74,73,56,77,77,65,66,76,26,35,10,10,31,34,17,10,10,26,10,52,33,49,31,26,28,22,34,19,15,45,2555,,https://www.maddenratings.com/cedric-tillman
Cleveland Browns,Denzel Boston,,,12,Deep Threat,74,22,"December 6, 2003",United States,Washington,,,,,88,88,71,87,79,93,89,88,90,54,41,41,34,30,48,33,82,84,84,72,75,76,76,76,74,57,82,79,67,69,75,45,29,23,20,26,27,23,24,25,29,26,54,35,50,37,34,34,30,34,36,33,78,2934,,https://www.maddenratings.com/denzel-boston
Cleveland Browns,Alex Wright,LEDG,Left Edge,91,Power Rusher,72,25,"September 5, 2000",United States,UAB,5,2022,78,Cleveland Browns,79,83,73,70,79,74,88,73,87,15,10,6,6,6,6,6,42,41,39,35,30,27,31,44,30,32,66,40,42,32,40,12,82,76,67,77,81,78,22,31,76,25,45,45,86,45,45,45,45,19,15,15,10,2374,,https://www.maddenratings.com/alex-wright
Cleveland Browns,Austin Barber,RT,Right Tackle,58,Power,72,23,"May 20, 2003",,Florida,,,,,68,74,85,61,74,76,88,85,88,16,12,6,6,6,6,6,25,14,16,2,5,5,17,26,13,27,53,10,14,10,10,13,45,40,41,41,45,21,25,26,52,20,78,71,84,76,79,79,73,81,10,12,10,2026,,https://www.maddenratings.com/austin-barber
Cleveland Browns,Isaiah McGuire,LEDG,Left Edge,57,Power Rusher,72,25,"July 27, 2001",United States,Missouri,4,2023,126,Cleveland Browns,79,88,79,75,71,86,92,76,84,20,10,6,6,6,6,6,34,32,21,15,9,6,13,35,20,35,66,34,50,33,38,12,79,76,65,77,79,70,29,42,87,40,45,45,82,45,45,45,45,18,16,15,10,2298,,https://www.maddenratings.com/isaiah-mcguire
Cleveland Browns,Mike Hall,DT,Defensive Tackle,51,,72,23,"June 13, 2003",United States,Ohio State,3,2024,54,Cleveland Browns,81,85,79,67,73,80,88,77,87,30,17,6,6,6,6,6,33,27,28,10,5,3,12,36,24,49,58,33,46,34,34,12,83,75,73,78,77,72,21,27,80,13,45,45,83,45,45,45,45,18,16,12,10,2246,,https://www.maddenratings.com/michael-hall
Cleveland Browns,Elijah Chatman,DT,Defensive Tackle,62,,71,25,"December 5, 2000",United States,SMU,3,,,,82,79,88,56,65,70,87,76,82,19,15,16,13,11,8,14,44,37,34,7,7,7,17,52,26,30,61,33,17,24,29,19,83,73,65,76,77,64,28,36,80,24,45,24,86,45,45,25,18,16,20,17,21,2193,,https://www.maddenratings.com/elijah-chatman
Cleveland Browns,Tylan Wallace,WR,Wide Receiver,16,,71,27,"May 13, 1999",United States,Oklahoma St.,6,2021,131,Baltimore Ravens,90,91,64,89,72,88,85,83,80,27,18,15,10,6,10,6,82,84,82,70,70,70,66,71,75,61,86,82,68,72,76,22,40,10,10,38,48,24,24,31,32,26,60,36,53,28,33,21,26,27,20,22,82,2662,,https://www.maddenratings.com/tylan-wallace
Cleveland Browns,Damarri Mathis,CB,Cornerback,37,Zone,70,27,"April 12, 1999",United States,Pittsburgh,5,2022,115,Denver Broncos,92,92,61,84,70,97,86,91,86,29,10,6,6,6,6,6,67,63,56,30,25,20,32,55,53,33,82,64,36,65,73,14,48,34,40,47,67,69,68,72,68,75,35,30,47,35,35,30,30,15,13,11,50,2515,,https://www.maddenratings.com/damarri-mathis
Cleveland Browns,Zak Zinter,LG,Left Guard,70,Power,70,25,"April 17, 2001",United States,Michigan,3,2024,85,Cleveland Browns,63,65,88,54,74,65,79,82,96,21,10,9,7,6,9,6,22,15,21,15,7,5,15,40,22,30,49,21,30,14,16,12,44,41,28,39,35,31,8,9,50,10,73,72,84,72,74,74,70,81,15,11,10,1999,,https://www.maddenratings.com/zak-zinter
Cleveland Browns,Deshaun Watson,QB,Quarterback,4,,69,30,"September 14, 1995",United States,Clemson,10,2017,12,Houston Texans,84,86,69,86,60,81,74,88,88,88,77,81,78,74,81,82,51,52,34,25,17,15,25,65,76,62,83,83,58,76,75,84,34,10,10,22,34,19,15,20,22,10,27,23,42,15,15,25,15,35,25,27,10,2613,,https://www.maddenratings.com/deshaun-watson
Cleveland Browns,Isaiah Bond,,,,,69,22,"March 15, 2004",United States,Texas,2,,,,93,94,60,77,69,82,85,84,83,23,23,18,14,10,18,21,80,78,76,71,72,73,66,75,73,35,78,82,42,74,79,22,24,10,10,25,37,33,23,30,26,27,41,22,36,18,22,24,13,23,18,22,70,2484,,https://www.maddenratings.com/isaiah-bond
Cleveland Browns,Jamari Thrash,WR,Wide Receiver,80,,69,25,"December 19, 2000",United States,Louisville,3,2024,156,Cleveland Browns,90,93,56,84,62,84,83,81,85,28,17,20,18,13,19,17,82,79,76,74,72,71,70,73,71,43,84,79,42,73,79,23,28,10,10,29,31,14,18,23,22,15,41,27,38,19,26,20,17,24,20,20,35,2428,,https://www.maddenratings.com/jamari-thrash
Cleveland Browns,Kendrick Green,LG,Left Guard,53,Agile,69,27,"December 22, 1998",United States,Illinois,6,2021,87,Pittsburgh Steelers,75,79,86,57,79,85,84,85,79,25,11,6,6,6,6,6,23,16,15,10,5,5,15,29,9,25,55,13,12,10,10,12,48,45,24,48,41,26,12,12,33,10,72,67,86,70,74,65,70,83,11,11,10,1957,,https://www.maddenratings.com/kendrick-green
Cleveland Browns,Julian Okwara,REDG,Right Edge,99,Smaller Speed Rusher,69,28,"December 27, 1997",Nigeria,Notre Dame,7,2020,67,Detroit Lions,85,87,81,77,65,78,86,77,87,23,10,6,6,6,6,6,54,43,40,14,6,5,13,57,20,34,62,35,31,29,36,12,73,66,73,71,79,61,45,51,80,23,45,45,85,45,45,45,45,15,16,11,10,2306,,https://www.maddenratings.com/julian-okwara
Cleveland Browns,Malachi Corley,WR,Wide Receiver,83,,69,24,"March 21, 2002",United States,W. Kentucky,3,2024,65,New York Jets,88,90,66,85,61,85,91,88,87,42,26,36,28,22,31,24,85,79,76,73,70,68,71,70,76,60,86,86,64,74,82,35,40,11,11,36,41,24,26,31,36,25,49,43,51,30,35,27,33,36,23,22,54,2789,,https://www.maddenratings.com/malachi-corley
Cleveland Browns,Raheim Sanders,HB,Halfback,35,Elusive Back,69,23,"June 8, 2003",United States,South Carolina,2,,,,90,89,72,84,69,87,83,85,82,22,21,18,15,10,16,21,67,49,51,60,52,42,48,88,79,78,84,78,74,70,80,28,34,27,31,37,34,39,25,31,32,27,37,49,55,28,30,35,37,35,22,19,64,2620,,https://www.maddenratings.com/raheim-sanders
Cleveland Browns,Shedeur Sanders,QB,Quarterback,2,Strong Arm,69,24,"February 7, 2002",United States,Colorado,2,2025,144,Cleveland Browns,78,81,65,81,65,75,94,92,96,88,76,85,81,80,83,81,32,26,25,21,15,18,25,61,68,50,79,76,52,58,65,80,37,35,34,36,33,42,31,32,33,32,15,27,23,30,27,30,27,26,21,27,22,2672,,https://www.maddenratings.com/shedeur-sanders
Cleveland Browns,Dawand Jones,LT,Left Tackle,79,Power,68,25,"August 6, 2001",United States,Ohio State,4,2023,111,Cleveland Browns,61,65,95,42,76,70,87,76,91,15,5,6,6,6,6,6,22,21,13,10,5,5,12,33,25,45,45,13,44,10,12,15,40,35,10,42,15,15,9,9,55,10,69,72,93,66,72,77,68,67,9,9,10,1895,,https://www.maddenratings.com/dawand-jones
Cleveland Browns,KT Leveston,RG,Right Guard,72,Power,68,26,"October 28, 1999",United States,Kansas State,3,2024,254,Los Angeles Rams,60,65,85,55,71,69,91,81,90,13,5,10,5,5,6,7,29,12,14,12,8,6,12,29,19,28,52,14,33,15,14,10,35,10,10,35,25,10,12,11,35,10,75,71,81,75,76,71,67,79,13,10,10,1846,,https://www.maddenratings.com/kt-leveston
Cleveland Browns,Myles Bryant,SS,Strong Safety,27,Hybrid,68,28,"January 2, 1998",United States,Washington,7,,,,90,86,52,88,71,77,90,89,87,42,12,16,6,6,6,6,71,61,58,32,26,22,31,61,50,27,91,70,36,63,71,12,64,26,35,54,77,70,66,62,73,66,35,35,53,35,35,35,35,15,16,12,48,2553,,https://www.maddenratings.com/myles-bryant
Cleveland Browns,Nathaniel Watson,SAM,Sam Backer,40,Run Stopper,68,25,"September 1, 2000",United States,Mississippi St.,3,2024,206,Cleveland Browns,84,87,68,72,68,76,88,82,86,17,13,14,11,7,6,5,62,58,53,15,8,6,14,54,49,56,72,62,45,53,54,12,85,72,59,69,78,64,58,64,83,56,45,35,78,41,41,35,33,41,15,14,25,2548,,https://www.maddenratings.com/nathaniel-watson
Cleveland Browns,Myles Harden,CB,Cornerback,26,,68,24,"December 13, 2001",United States,South Dakota,3,2024,227,Cleveland Browns,89,94,59,90,53,85,87,83,88,24,13,23,22,19,17,14,71,62,57,32,30,27,35,55,62,30,95,57,37,72,75,22,68,28,34,49,74,54,71,68,73,67,35,30,43,30,30,25,25,19,11,11,55,2579,,https://www.maddenratings.com/myles-harden
Cleveland Browns,Dillon Gabriel,QB,Quarterback,6,Field General,67,25,"December 28, 2000",United States,Oregon,2,2025,94,Cleveland Browns,83,86,58,79,69,72,89,91,90,84,80,84,81,76,77,84,41,18,21,21,16,18,28,62,65,34,78,75,46,54,59,67,35,30,32,33,39,29,24,48,30,22,18,24,31,29,26,25,27,30,49,37,21,2625,,https://www.maddenratings.com/dillon-gabriel
Cleveland Browns,Justin Jefferson,MIKE,Mike Backer,17,Field General,67,23,"March 20, 2003",,Alabama,,,,,87,90,69,85,67,87,89,87,88,24,10,6,6,6,6,6,54,39,45,39,34,29,25,60,35,45,77,39,45,39,39,16,79,49,49,63,81,66,63,62,79,49,45,63,75,62,52,43,45,27,16,16,11,2568,,https://www.maddenratings.com/justin-jefferson-16200
Cleveland Browns,Kalia Davis,DT,Defensive Tackle,93,,67,27,"October 2, 1998",United States,UCF,5,2022,220,San Francisco 49ers,69,79,84,54,65,69,80,68,78,20,10,6,6,6,6,6,32,19,25,15,9,5,20,27,15,25,48,20,25,24,25,10,78,70,60,73,74,69,20,28,76,15,45,45,86,45,45,45,45,32,10,10,10,2031,,https://www.maddenratings.com/kalia-davis
Cleveland Browns,Parker Brailsford,C,Center,52,Power,67,22,"October 20, 2003",,Alabama,,,,,72,80,83,72,70,79,90,87,88,15,6,6,6,6,6,6,29,17,17,10,5,5,15,28,10,26,57,17,23,10,21,12,44,38,38,42,41,36,12,15,45,10,71,74,78,71,71,77,72,79,19,18,10,2035,,https://www.maddenratings.com/parker-brailsford
Cleveland Browns,Winston Reid,WILL,Weak Backer,59,Run Stopper,67,27,"August 3, 1999",United States,Weber State,3,,,,85,88,77,73,63,81,90,84,87,28,10,15,10,6,6,10,62,57,60,22,12,6,12,62,42,50,69,55,45,56,64,13,79,58,50,67,81,65,47,56,77,48,45,45,77,45,45,45,45,15,20,15,15,2540,,https://www.maddenratings.com/winston-reid
Cleveland Browns,Daniel Thomas,SS,Strong Safety,24,Run Support,66,28,"July 1, 1998",United States,Auburn,7,2020,157,Jacksonville Jaguars,87,88,65,80,67,88,92,87,90,18,10,6,6,6,6,6,63,63,48,25,15,11,20,58,47,48,81,60,54,62,67,17,67,26,30,60,79,65,61,64,82,63,16,12,62,35,35,35,35,14,17,22,50,2471,,https://www.maddenratings.com/daniel-thomas
Cleveland Browns,Edefuan Ulofoshio,MIKE,Mike Backer,54,Field General,66,26,"January 23, 2000",United States,Washington,3,2024,160,Buffalo Bills,87,91,71,84,60,92,82,84,89,22,10,18,14,13,11,12,58,56,55,23,13,7,15,52,37,50,76,51,38,55,59,11,80,68,65,65,83,57,66,62,75,57,45,44,67,40,41,41,42,28,36,35,35,2628,,https://www.maddenratings.com/edefuan-ulofoshio
Cleveland Browns,Gage Larvadain,WR,Wide Receiver,84,,66,23,"January 3, 2003",United States,South Carolina,2,,,,90,92,62,79,63,90,86,85,82,29,28,18,17,15,24,17,78,77,75,69,67,68,64,71,73,36,84,79,44,76,78,29,25,19,10,26,32,22,13,17,26,13,39,31,37,22,29,23,19,21,21,18,72,2480,,https://www.maddenratings.com/gage-larvadain
Cleveland Browns,Joe Royer,TE,Tight End,18,Vertical Threat,66,24,"February 25, 2002",,Cincinnati,,,,,84,87,75,82,54,85,86,82,84,27,25,20,15,10,24,22,83,77,77,65,59,55,66,70,67,64,77,68,64,61,68,23,24,22,18,24,21,24,20,25,25,22,59,57,62,59,58,57,56,55,25,24,56,2699,,https://www.maddenratings.com/joe-royer
Cleveland Browns,Luke Wypler,C,Center,56,Agile,66,25,"May 3, 2001",United States,Ohio State,4,2023,190,Cleveland Browns,68,77,85,63,72,75,92,85,83,20,10,6,6,6,6,6,29,31,23,25,20,15,25,34,25,29,59,24,25,22,23,10,26,20,18,25,35,15,10,10,32,12,68,72,71,63,73,67,75,84,19,15,10,1999,,https://www.maddenratings.com/luke-wypler
Cleveland Browns,Michael Burton,FB,Fullback,34,Blocking,66,34,"February 1, 1992",United States,Rutgers,12,2015,168,Detroit Lions,80,77,82,74,66,80,89,80,75,30,17,15,10,5,5,5,62,49,48,45,35,27,54,74,29,76,70,72,70,63,60,12,45,25,30,28,43,15,10,15,63,15,68,65,70,59,55,48,43,80,14,14,35,2476,,https://www.maddenratings.com/michael-burton
Cleveland Browns,Adin Huntington,DT,Defensive Tackle,98,Speed Rusher,65,24,"March 18, 2002",United States,Tulane,2,,,,82,87,81,67,60,86,87,87,87,20,10,6,6,6,6,6,34,21,20,15,7,5,15,38,17,34,67,22,28,16,21,12,74,68,74,69,76,56,25,32,75,17,45,45,80,45,45,45,45,27,17,15,10,2141,,https://www.maddenratings.com/adin-huntington
Cleveland Browns,Taylen Green,QB,Quarterback,15,,65,23,"August 18, 2002",,Arkansas,,,,,92,91,66,86,26,95,96,92,99,91,73,78,80,74,76,77,65,64,57,60,57,55,49,62,77,66,81,87,56,68,73,83,21,38,45,36,33,66,24,25,35,17,40,47,23,36,40,45,46,40,32,31,40,3112,,https://www.maddenratings.com/taylen-green
Cleveland Browns,Brenden Bates,TE,Tight End,82,Possession,64,26,"October 17, 1999",United States,Kentucky,3,,,,82,80,75,80,66,81,91,83,88,24,11,22,15,11,19,15,74,72,73,61,54,50,65,72,54,63,69,63,65,52,59,12,34,10,10,35,37,25,10,10,35,10,64,63,71,62,65,59,62,60,15,12,10,2560,,https://www.maddenratings.com/brenden-bates
Cleveland Browns,D&#8217;Angelo Ross,CB,Cornerback,20,Zone,64,29,"October 29, 1996",United States,New Mexico,6,,,,92,93,59,78,61,92,90,84,75,17,9,11,7,6,6,5,70,60,58,34,28,20,32,51,55,35,78,63,32,70,74,14,55,35,42,45,68,61,62,66,63,55,25,25,40,25,25,25,25,15,20,15,64,2415,,https://www.maddenratings.com/dangelo-ross
Cleveland Browns,Easton Mascarenas-Arnold,WILL,Weak Backer,42,Run Stopper,64,23,"September 13, 2002",United States,USC,2,,,,86,90,73,88,59,78,87,85,86,13,11,6,6,6,6,6,37,37,34,20,7,5,15,54,21,39,76,32,31,38,37,12,79,61,54,62,79,57,55,61,77,48,45,45,76,45,45,45,45,17,15,11,10,2313,,https://www.maddenratings.com/easton-mascarenas-arnold
Cleveland Browns,Jack Stoll,TE,Tight End,89,Possession,64,28,"January 28, 1998",United States,Nebraska,6,,,,83,84,68,81,65,77,90,84,85,33,10,17,10,6,10,6,80,78,75,63,58,49,61,74,45,64,74,68,58,62,65,17,34,10,10,35,39,20,15,19,26,10,62,59,65,58,62,58,55,56,24,18,46,2581,,https://www.maddenratings.com/jack-stoll
Cleveland Browns,Blake Whiteheart,TE,Tight End,86,Vertical Threat,62,26,"March 22, 2000",United States,Wake Forest,4,,,,82,88,72,82,61,85,91,80,88,33,15,30,24,21,16,15,75,76,72,61,56,51,64,71,60,62,77,74,65,65,70,14,42,20,15,32,43,26,10,12,44,17,60,58,63,52,55,49,55,61,20,14,40,2684,,https://www.maddenratings.com/blake-whiteheart
Cleveland Browns,Carsen Ryan,TE,Tight End,48,Possession,62,22,"August 21, 2003",,BYU,,,,,82,87,77,82,62,81,90,83,86,25,34,12,21,34,25,45,80,71,73,59,51,47,63,73,65,63,76,67,65,61,67,24,53,49,45,53,55,42,38,38,52,24,59,58,62,58,59,58,57,56,35,32,47,2961,,https://www.maddenratings.com/carsen-ryan
Cleveland Browns,Chris Edmonds,SS,Strong Safety,41,Hybrid,62,25,"July 16, 2001",United States,Arizona St.,2,,,,90,89,59,79,59,78,88,87,87,25,10,6,6,6,6,6,63,59,57,31,22,17,23,62,52,45,80,61,45,59,65,15,62,32,33,55,71,57,65,68,75,71,35,35,54,35,35,35,35,15,16,15,45,2481,,https://www.maddenratings.com/chris-edmonds
Cleveland Browns,Donovan McMillon,FS,Free Safety,31,Zone,62,24,"June 18, 2002",United States,Pittsburgh,2,,,,90,86,65,84,58,84,88,87,87,24,12,6,6,6,6,6,69,57,56,24,14,12,22,61,51,48,87,61,43,57,61,14,65,35,32,51,74,55,61,64,75,57,35,35,57,35,35,35,35,25,19,15,78,2505,,https://www.maddenratings.com/donovan-mcmillon
Cleveland Browns,Jeremiah Byers,RT,Right Tackle,63,Power,61,25,"March 23, 2001",United States,Florida State,2,,,,65,71,81,54,60,73,88,82,80,16,11,6,6,6,6,6,22,13,15,12,5,5,13,22,9,23,53,12,11,10,10,13,28,12,10,28,27,15,11,12,24,10,70,68,79,69,68,68,67,78,13,14,10,1740,,https://www.maddenratings.com/jeremiah-byers
Cleveland Browns,Tre Avery,CB,Cornerback,11,Zone,61,29,"February 26, 1997",United States,Rutgers,5,,,,90,91,60,90,54,90,87,82,73,24,10,6,6,6,6,6,68,64,56,35,30,25,25,53,67,28,93,72,26,70,77,17,44,25,31,35,65,53,62,67,55,54,35,35,35,35,35,35,35,14,13,11,64,2425,,https://www.maddenratings.com/tre-avery
Cleveland Browns,Sam Kamara,DT,Defensive Tackle,92,,61,28,"December 21, 1997",United States,Stony Brook,6,,,,72,67,78,69,60,72,88,74,82,16,18,6,6,6,6,6,38,27,23,10,5,5,15,45,23,56,64,35,48,20,25,12,75,71,59,72,76,58,29,34,80,45,45,45,79,45,45,45,45,35,30,26,10,2226,,https://www.maddenratings.com/sam-kamara
Cleveland Browns,Benton Whitley,LEDG,Left Edge,61,Smaller Speed Rusher,60,27,"February 12, 1999",United States,Holy Cross,5,,,,78,86,76,79,49,80,91,74,86,21,9,7,6,5,7,5,47,51,42,30,24,21,25,45,36,31,70,45,39,52,55,13,72,60,66,67,76,51,34,41,73,35,40,35,67,40,40,35,35,25,16,13,10,2316,,https://www.maddenratings.com/benton-whitley
Cleveland Browns,Kingsley Eguakun,C,Center,65,Agile,58,25,"March 23, 2001",United States,Florida,3,,,,61,68,84,65,60,78,78,80,84,25,22,15,10,6,15,10,40,15,33,38,38,37,23,34,31,28,64,26,20,20,23,19,29,10,10,29,24,25,12,12,36,12,67,69,78,67,68,67,66,79,22,23,11,2066,,https://www.maddenratings.com/kingsley-eguakun
Cleveland Browns,Rex Sunahara,LS,Long Snapper,50,Accurate,58,29,"October 9, 1996",United States,West Virginia,3,,,,69,77,62,67,50,72,88,78,82,38,15,12,12,12,12,12,55,42,46,40,34,29,26,58,25,33,59,29,22,21,21,17,38,34,25,25,62,28,15,25,48,21,53,60,59,39,35,58,53,44,29,18,10,2094,,https://www.maddenratings.com/rex-sunahara
Dallas Cowboys,CeeDee Lamb,WR,Wide Receiver,88,Deep Threat,93,27,"April 8, 1999",United States,Oklahoma,7,2020,17,Dallas Cowboys,89,91,70,94,93,96,93,93,91,37,25,31,26,21,32,21,88,96,92,93,93,95,97,76,86,71,93,97,80,86,93,35,38,10,10,30,31,16,18,25,29,17,51,39,46,24,19,27,25,33,48,33,80,3023,"YAC 'Em Up The best physical receivers don't just come down with the ball, they carry it home. When they enter the zone, they are nearly guaranteed to break their first post-catch tackle. Mid Out Elite Receivers with this ability catch more consistently while catching passes less than 10-20 yards from the LoS, outside the numbers Short Out Elite Receivers with this ability catch more consistently while catching passes less than 10 yards from the LoS, outside the numbers Quick Jump Players with this ability have a slightly reduced stamina cost and slightly longer perfect window for jumping snaps.",https://www.maddenratings.com/ceedee-lamb
Dallas Cowboys,Quinnen Williams,DT,Defensive Tackle,92,,92,28,"December 20, 1997",United States,Alabama,8,2019,3,New York Jets,83,82,94,78,93,75,91,81,90,23,12,6,6,6,6,6,44,36,31,13,8,5,15,39,16,41,62,26,44,24,29,12,86,86,79,93,88,93,18,30,85,14,45,44,91,46,45,44,45,39,17,17,9,2391,"Unpredictable Defenders with this ability are less likely to increase their blocker's resistance bars when performing shed wins Run Stopper Defenders with this ability do not need to spend stamina on shed attempts during a run play Interior Threat Defenders with this ability are slightly more likely to use faster, more dominant pass rush moves while rushing from the interior of the defense, and have more favorable disengage angles.",https://www.maddenratings.com/quinnen-williams
Dallas Cowboys,Dak Prescott,QB,Quarterback,4,Improviser,91,33,"July 29, 1993",United States,Mississippi St.,11,2016,135,Dallas Cowboys,84,83,75,81,94,79,89,96,97,92,92,93,90,89,94,87,42,20,20,18,17,15,19,68,74,72,79,85,67,51,68,87,46,9,9,29,40,21,12,18,40,9,39,21,39,38,35,14,18,29,26,22,13,2744,"Run & Gun Many passers use a combination of mobility and aggressiveness to make big plays. When they enter the zone, they have elite accuracy while throwing on the run. Extender While in the pocket, passers with this ability have a slightly improved chance to break the first sack attempt by a blitzing defensive back. Fearless Passers with this ability have a reduced chance to be impacted by throw penalties caused by defensive pressure while on the run Inside Deadeye Passers with this ability have elite accuracy on all unpressured throws inside the numbers (except on high throws).",https://www.maddenratings.com/dak-prescott
Dallas Cowboys,George Pickens,WR,Wide Receiver,3,Slot,89,25,"March 4, 2001",United States,Georgia,5,2022,52,Pittsburgh Steelers,91,93,61,94,86,96,87,93,81,28,15,15,10,6,10,6,92,98,95,88,85,84,83,71,75,37,93,87,46,80,82,20,24,11,11,22,31,15,12,17,18,16,50,32,49,31,35,21,25,29,19,16,74,2646,"Acrobat Players with this ability are more likely to succeed at catching tipped passes Deep Elite Receivers with this ability catch more consistently while catching passes less than 20+ yards from the LoS Mid Out Elite Receivers with this ability catch more consistently while catching passes less than 10-20 yards from the LoS, outside the numbers",https://www.maddenratings.com/george-pickens
Dallas Cowboys,Tyler Smith,LG,Left Guard,73,Power,89,25,"April 3, 2001",United States,Tulsa,5,2022,24,Dallas Cowboys,71,80,97,59,89,69,94,90,89,24,6,6,6,6,8,6,35,15,15,15,10,5,12,39,9,25,59,15,30,10,10,10,30,10,10,20,25,20,10,12,32,10,89,84,92,89,89,86,83,88,20,18,10,2041,,https://www.maddenratings.com/tyler-smith
Dallas Cowboys,Brandon Aubrey,K,Kicker,17,Accurate,87,31,"March 14, 1995",United States,Notre Dame,5,,,,81,76,49,74,72,72,88,82,76,37,16,31,26,21,21,15,30,15,15,15,14,12,15,28,15,10,62,31,10,30,34,15,28,10,10,15,40,13,15,18,29,10,15,17,21,12,12,14,13,17,99,97,10,1703,Zen Kicker Kickers with this ability experience a slower kicking meter for better power and accuracy on kicks over 45 yards.,https://www.maddenratings.com/brandon-aubrey
Dallas Cowboys,Javonte Williams,HB,Halfback,33,Power Back,86,26,"April 25, 2000",United States,North Carolina,6,2021,35,Denver Broncos,88,90,82,84,88,87,88,90,88,32,15,10,10,10,18,13,69,53,51,65,57,53,49,91,90,94,86,90,84,75,84,26,35,10,10,31,38,15,15,20,30,17,52,63,52,43,38,37,33,52,18,14,42,2675,,https://www.maddenratings.com/javonte-williams
Dallas Cowboys,Jalen Thompson,FS,Free Safety,34,Zone,85,28,"July 18, 1998",United States,Wash. St.,8,2019,1,Arizona Cardinals,90,92,60,83,87,81,89,95,85,22,16,6,6,6,6,6,78,69,50,20,10,10,15,58,44,37,84,51,45,64,70,10,82,50,54,58,83,85,73,82,70,68,35,35,58,35,35,35,35,14,21,21,60,2634,,https://www.maddenratings.com/jalen-thompson
Dallas Cowboys,Rashan Gary,LEDG,Left Edge,7,,84,28,"December 3, 1997",United States,Michigan,8,2019,12,Green Bay Packers,85,87,83,78,91,89,90,82,84,23,14,6,6,6,6,6,30,16,18,14,10,6,14,32,20,24,70,27,30,24,33,12,87,80,70,83,87,88,39,49,78,30,45,45,86,45,45,45,45,15,10,10,10,2308,,https://www.maddenratings.com/rashan-gary
Dallas Cowboys,DaRon Bland,CB,Cornerback,26,Man to Man,83,27,"July 12, 1999",United States,Fresno State,5,2022,167,Dallas Cowboys,91,92,60,84,83,86,91,91,86,22,10,6,6,6,6,6,85,59,54,15,11,10,15,58,62,26,86,81,36,69,82,16,66,33,40,54,74,84,83,80,57,84,35,35,58,35,35,35,35,15,18,19,40,2606,,https://www.maddenratings.com/daron-bland
Dallas Cowboys,Caleb Downs,,,13,Run Support,82,21,"December 10, 2004",United States,Ohio State,,2026,11,Dallas Cowboys,89,93,73,90,83,91,92,91,93,24,12,6,6,6,6,6,73,65,61,47,44,37,40,67,65,56,89,67,55,64,70,14,75,35,46,62,83,80,76,73,87,71,35,35,60,35,35,35,35,25,22,22,87,2889,,https://www.maddenratings.com/caleb-downs
Dallas Cowboys,Jake Ferguson,TE,Tight End,87,Vertical Threat,82,27,"January 18, 1999",United States,Wisconsin,5,2022,129,Dallas Cowboys,81,85,69,81,81,93,92,89,84,30,10,25,20,14,14,20,89,83,80,78,75,65,72,69,73,74,73,82,72,62,75,21,37,31,24,36,40,36,14,21,35,12,66,63,65,60,65,57,63,61,21,19,10,2867,"Mid In Elite Receivers with this ability catch more consistently while catching passes less than 10-20 yards from the LoS, inside the numbers Short Out Elite Receivers with this ability catch more consistently while catching passes less than 10 yards from the LoS, outside the numbers",https://www.maddenratings.com/jake-ferguson
Dallas Cowboys,Tyler Booker,RG,Right Guard,52,Power,82,22,"April 12, 2004",United States,Alabama,2,2025,12,Dallas Cowboys,60,59,94,53,84,68,89,88,91,21,13,6,6,6,6,6,23,21,21,10,5,5,15,20,5,29,53,12,16,10,10,12,54,48,46,43,41,21,11,13,52,10,85,76,94,86,84,78,74,86,14,13,10,2056,,https://www.maddenratings.com/tyler-booker
Dallas Cowboys,Decobie Durant,CB,Cornerback,2,Zone,81,28,"February 9, 1998",United States,S.C. State,5,,,,92,93,50,86,83,85,90,88,74,42,30,43,39,34,45,35,78,69,64,30,25,22,25,63,53,30,84,63,34,64,72,44,57,29,33,44,73,82,78,85,56,64,30,25,42,30,30,25,25,12,20,22,55,2746,,https://www.maddenratings.com/decobie-durant
Dallas Cowboys,Bryan Anger,P,Punter,5,Power,79,37,"October 6, 1988",United States,California,15,2012,70,Jacksonville Jaguars,73,74,55,60,68,75,97,85,82,50,15,30,30,25,20,20,65,35,43,15,15,15,15,60,26,25,47,22,10,35,54,32,34,12,14,17,39,28,11,25,22,10,25,19,22,17,17,19,19,16,92,87,10,1928,,https://www.maddenratings.com/bryan-anger
Dallas Cowboys,Kenny Clark,DT,Defensive Tackle,97,,79,30,"October 4, 1995",United States,UCLA,11,2016,27,Green Bay Packers,74,75,91,61,80,71,91,85,92,23,18,6,6,6,6,6,24,24,22,13,5,3,15,34,14,35,56,27,27,17,24,12,84,78,69,79,82,81,33,38,82,13,45,44,90,46,45,44,45,36,17,17,9,2220,Inside Stuff Defenders with this ability have slightly improved run shed moves and disengage angles for a better chance at stopping inside run plays. Unpredictable Defenders with this ability are less likely to increase their blocker's resistance bars when performing shed wins,https://www.maddenratings.com/kenny-clark
Dallas Cowboys,Malik Hooker,FS,Free Safety,24,Zone,78,30,"April 2, 1996",United States,Ohio State,10,2017,15,Indianapolis Colts,87,88,76,85,83,89,84,91,79,26,18,15,10,10,15,15,81,76,59,26,16,11,22,68,48,46,82,73,47,60,69,13,75,34,38,51,73,81,66,75,82,61,18,13,59,34,33,34,33,14,20,19,48,2629,,https://www.maddenratings.com/malik-hooker
Dallas Cowboys,Malachi Lawrence,,,57,Smaller Speed Rusher,78,23,"July 21, 2003",United States,UCF,,2026,23,Dallas Cowboys,88,91,79,82,73,92,90,79,88,26,25,10,17,10,16,15,37,42,41,17,15,10,19,51,44,40,74,47,45,41,41,20,81,75,79,79,83,74,36,43,86,43,45,45,82,45,45,45,45,39,27,20,29,2611,,https://www.maddenratings.com/malachi-lawrence
Dallas Cowboys,Dee Winters,WILL,Weak Backer,53,Pass Coverage,77,25,"October 17, 2000",United States,TCU,4,2023,216,San Francisco 49ers,89,93,66,81,77,77,85,88,73,30,10,15,10,10,15,15,65,62,63,52,48,45,40,62,57,47,71,73,41,65,71,15,85,42,56,64,85,76,72,71,87,54,35,35,62,35,35,35,35,31,11,11,55,2783,,https://www.maddenratings.com/dee-winters
Dallas Cowboys,DeMarvion Overshown,,,,Pass Coverage,77,25,"August 13, 2000",United States,Texas,4,2023,90,Dallas Cowboys,88,92,64,78,82,87,86,88,82,22,15,6,6,6,6,6,66,66,63,38,33,27,34,59,51,45,72,65,52,60,66,18,82,52,67,71,89,79,69,67,90,65,40,35,67,40,40,35,35,40,18,16,10,2736,,https://www.maddenratings.com/demarvion-overshown
Dallas Cowboys,KaVontae Turpin,WR,Wide Receiver,9,,76,30,"August 2, 1996",United States,TCU,6,,,,97,94,48,91,80,89,86,84,76,41,33,35,28,24,35,23,79,77,75,68,69,70,75,68,80,35,88,87,29,80,86,33,12,9,10,11,24,17,25,24,13,10,30,22,32,12,19,10,11,18,15,12,95,2494,,https://www.maddenratings.com/kavontae-turpin
Dallas Cowboys,Ryan Flournoy,WR,Wide Receiver,19,Deep Threat,76,26,"October 27, 1999",United States,SE Missouri St.,3,2024,216,Dallas Cowboys,92,92,62,84,78,91,82,81,80,29,20,20,15,15,15,6,89,82,80,78,77,75,77,72,76,48,82,78,62,68,78,24,31,10,10,28,34,15,13,18,29,15,52,33,52,33,28,28,22,35,19,15,27,2555,,https://www.maddenratings.com/ryan-flournoy
Dallas Cowboys,Cooper Beebe,C,Center,56,Agile,75,25,"May 19, 2001",United States,Kansas State,3,2024,73,Dallas Cowboys,71,75,87,69,78,69,90,84,92,10,5,7,6,5,9,6,32,24,31,21,16,12,22,30,14,28,60,19,21,10,15,11,40,28,21,33,39,28,9,12,37,9,81,75,83,81,83,74,77,84,14,12,10,2059,,https://www.maddenratings.com/cooper-beebe
Dallas Cowboys,Donovan Ezeiruaku,REDG,Right Edge,6,Smaller Speed Rusher,75,22,"September 25, 2003",United States,Boston College,2,2025,44,Dallas Cowboys,83,89,77,85,73,85,91,82,89,22,14,9,6,6,15,6,38,21,23,15,8,7,14,42,23,28,75,25,33,33,34,19,77,69,77,78,84,74,33,43,77,28,45,45,81,45,45,45,45,32,21,15,28,2357,,https://www.maddenratings.com/donovan-ezeiruaku
Dallas Cowboys,Terence Steele,RT,Right Tackle,78,Power,75,29,"June 4, 1997",United States,Texas Tech,7,,,,74,75,88,57,73,69,91,88,88,22,14,6,6,6,6,6,41,25,21,27,12,10,14,40,5,25,46,10,15,10,10,12,32,10,10,25,24,15,15,20,20,10,84,72,83,83,85,75,68,82,17,12,10,1944,,https://www.maddenratings.com/terence-steele
Dallas Cowboys,Derion Kendrick,CB,Cornerback,15,Zone,74,25,"August 24, 2000",United States,Georgia,5,2022,212,Los Angeles Rams,85,89,59,87,78,81,89,89,82,42,25,41,38,35,44,28,75,69,66,54,48,44,47,63,59,39,85,72,35,66,74,39,56,26,32,49,75,80,76,81,59,72,35,35,49,35,35,35,35,24,19,16,73,2924,,https://www.maddenratings.com/derion-kendrick
Dallas Cowboys,Marquez Valdes-Scantling,WR,Wide Receiver,11,Deep Threat,74,31,"October 10, 1994",United States,USF,9,2018,174,Green Bay Packers,92,92,63,85,71,79,87,83,78,24,17,20,15,10,15,10,82,84,80,74,76,79,77,74,70,47,82,78,47,70,76,19,29,10,10,27,30,19,10,17,22,14,50,32,53,21,16,27,22,28,15,19,75,2502,,https://www.maddenratings.com/marquez-valdes-scantling
Dallas Cowboys,P.J. Locke,SS,Strong Safety,1,Zone,74,29,"February 12, 1997",United States,Texas,8,,,,90,86,66,80,78,86,87,91,89,27,18,15,10,10,15,15,67,62,48,20,10,10,23,58,40,31,81,56,47,57,64,15,69,52,58,57,78,77,66,74,83,64,16,25,69,33,33,34,33,23,21,18,60,2595,,https://www.maddenratings.com/pj-locke
Dallas Cowboys,Jaydon Blue,HB,Halfback,23,Elusive Back,73,22,"January 8, 2004",United States,Texas,2,2025,149,Dallas Cowboys,93,95,65,89,65,77,86,81,86,31,23,24,19,15,20,20,71,60,59,68,64,59,60,84,78,79,88,81,76,72,80,18,30,25,27,30,43,37,29,31,27,26,36,53,40,27,24,39,36,33,24,25,69,2697,,https://www.maddenratings.com/jaydon-blue
Dallas Cowboys,Jaishawn Barham,WILL,Weak Backer,55,Run Stopper,73,22,"February 2, 2004",,Michigan,,,,,87,89,73,82,73,80,86,87,85,21,10,6,6,6,6,6,65,36,60,26,21,16,13,58,35,46,77,47,48,47,49,17,80,70,69,76,84,70,61,62,80,44,46,65,77,63,55,43,47,24,18,17,15,2630,,https://www.maddenratings.com/jaishawn-barham
Dallas Cowboys,Jonathan Bullard,DT,Defensive Tackle,98,,73,32,"October 22, 1993",United States,Florida,11,2016,72,Chicago Bears,70,78,81,69,69,78,87,74,87,22,16,6,6,6,6,6,35,20,17,13,6,3,17,26,12,38,57,28,31,25,29,12,87,70,58,79,77,71,22,29,80,23,44,44,86,44,45,45,44,14,21,19,9,2141,,https://www.maddenratings.com/jonathan-bullard
Dallas Cowboys,Malik Davis,HB,Halfback,20,Elusive Back,73,27,"November 26, 1998",United States,Florida,5,,,,88,92,64,82,78,90,91,83,76,24,13,20,17,13,15,10,69,64,63,64,60,50,44,89,77,74,83,82,64,74,81,22,34,10,10,31,38,16,12,15,33,12,30,55,44,15,17,34,37,30,14,10,64,2477,,https://www.maddenratings.com/malik-davis
Dallas Cowboys,Trent Sieg,LS,Long Snapper,44,Power,73,30,"December 2, 1995",United States,Colorado St.,9,,,,75,67,72,75,64,71,89,80,88,29,10,6,6,6,6,6,47,45,42,30,26,20,27,58,25,45,60,41,44,42,52,18,65,24,26,46,49,46,24,25,45,16,50,53,67,46,49,54,49,49,17,20,35,2227,,https://www.maddenratings.com/trent-sieg
Dallas Cowboys,Tyler Guyton,LT,Left Tackle,60,Power,73,24,"June 11, 2002",United States,Oklahoma,3,2024,29,Dallas Cowboys,67,75,85,71,81,83,91,85,84,25,7,12,9,7,5,7,33,25,22,21,17,15,15,39,18,25,59,19,32,35,41,12,28,23,24,29,39,33,16,14,33,13,77,77,87,75,79,77,73,82,9,8,10,2128,,https://www.maddenratings.com/tyler-guyton
Dallas Cowboys,Hunter Luepke,FB,Fullback,40,Utility,72,26,"February 28, 2000",United States,North Dakota St.,4,,,,86,91,69,83,70,87,87,84,87,43,13,35,31,23,28,15,76,62,68,66,64,58,55,74,53,71,72,72,68,61,68,32,49,44,35,49,57,35,21,28,55,18,60,57,63,59,56,52,54,69,20,21,67,2921,,https://www.maddenratings.com/hunter-luepke
Dallas Cowboys,James Houston,REDG,Right Edge,41,Power Rusher,72,27,"November 16, 1998",United States,Jackson St.,5,2022,217,Detroit Lions,83,90,72,70,72,92,92,76,82,21,14,22,17,12,15,10,32,30,29,15,5,5,15,35,29,34,66,42,39,40,45,22,78,78,71,69,83,69,27,34,84,31,45,45,80,45,45,45,45,20,17,15,10,2359,,https://www.maddenratings.com/james-houston
Dallas Cowboys,Markquese Bell,SS,Strong Safety,14,Run Support,72,27,"January 6, 1999",United States,Florida AM,5,,,,91,94,68,77,70,87,91,85,81,36,26,33,31,28,34,26,66,61,53,34,31,29,27,57,52,43,78,61,44,58,64,31,76,44,54,67,77,68,62,69,85,64,35,34,63,35,35,34,34,23,13,11,35,2765,,https://www.maddenratings.com/markquese-bell
Dallas Cowboys,Shavon Revel Jr.,CB,Cornerback,28,Man to Man,72,25,"April 8, 2001",United States,East Carolina,2,2025,76,Dallas Cowboys,93,94,66,90,59,91,80,82,77,29,10,6,6,6,6,6,72,71,67,25,22,19,26,58,49,34,88,77,40,70,78,13,63,33,34,56,78,60,73,69,70,77,35,35,59,25,35,25,35,23,25,24,77,2621,,https://www.maddenratings.com/shavon-revel-jr
Dallas Cowboys,Caelen Carson,CB,Cornerback,21,Zone,71,24,"March 3, 2002",United States,Wake Forest,3,2024,174,Dallas Cowboys,88,93,52,89,69,85,92,86,84,27,11,19,11,6,15,7,68,56,57,26,16,14,27,54,59,26,88,62,44,67,70,22,66,33,27,52,76,70,66,73,69,73,25,15,45,16,22,12,11,15,18,17,45,2436,,https://www.maddenratings.com/caelen-carson
Dallas Cowboys,Devin Moore,CB,Cornerback,29,Zone,71,22,"October 9, 2003",,Florida,,,,,90,93,58,86,72,84,81,85,83,21,10,6,6,6,6,6,62,62,60,28,28,35,33,61,58,36,83,67,56,68,68,16,58,32,38,51,72,71,71,73,59,71,35,35,57,35,35,35,35,15,16,14,58,2580,,https://www.maddenratings.com/devin-moore
Dallas Cowboys,Jonathan Mingo,WR,Wide Receiver,81,Deep Threat,71,25,"April 20, 2001",United States,Ole Miss,4,2023,39,Carolina Panthers,90,92,71,82,72,89,88,87,85,30,20,15,10,6,10,6,80,82,80,76,75,76,74,71,74,58,81,82,60,67,72,22,43,10,10,39,45,27,26,36,38,28,50,32,49,24,31,23,17,27,25,18,57,2638,,https://www.maddenratings.com/jonathan-mingo
Dallas Cowboys,LT Overton,DT,Defensive Tackle,99,,71,21,"October 11, 2004",,Alabama,,,,,77,80,87,64,70,66,85,76,85,21,10,6,6,6,6,6,53,27,24,17,15,2,29,49,13,44,56,43,48,47,49,12,79,72,72,75,79,69,26,21,78,24,45,45,85,45,45,45,45,29,14,22,10,2304,,https://www.maddenratings.com/lt-overton
Dallas Cowboys,Charles Snowden,LEDG,Left Edge,49,Smaller Speed Rusher,69,28,"March 27, 1998",United States,Virginia,6,,,,82,85,69,82,62,82,85,81,75,25,12,6,6,6,6,6,64,60,59,40,36,33,47,56,47,54,71,55,53,58,63,12,79,68,74,72,79,66,50,56,72,35,45,45,81,45,45,45,45,20,19,14,10,2643,,https://www.maddenratings.com/charles-snowden
Dallas Cowboys,Israel Abanikanda,HB,Halfback,30,Elusive Back,69,23,"October 5, 2002",United States,Pittsburgh,4,2023,143,New York Jets,92,90,67,83,64,88,85,83,82,24,14,20,15,10,16,15,61,46,49,52,46,37,53,86,75,61,85,78,62,76,80,23,43,18,19,37,48,40,37,45,30,40,48,46,38,25,33,36,30,35,18,13,79,2576,,https://www.maddenratings.com/israel-abanikanda
Dallas Cowboys,Joe Milton,QB,Quarterback,10,,69,26,"March 6, 2000",United States,Tennessee,3,2024,193,New England Patriots,86,85,64,79,56,83,84,78,82,99,75,81,78,70,79,72,27,10,10,10,10,10,13,60,51,60,77,72,40,50,56,70,24,10,10,22,24,16,10,12,21,10,17,12,24,10,10,14,12,19,22,21,10,2207,,https://www.maddenratings.com/joe-milton
Dallas Cowboys,Luke Schoonmaker,TE,Tight End,86,Possession,69,27,"September 28, 1998",United States,Michigan,4,2023,58,Dallas Cowboys,85,88,72,89,66,87,88,81,85,37,15,15,10,6,10,6,80,79,80,64,57,52,63,73,53,62,76,73,59,55,60,13,52,18,25,43,55,40,34,39,47,34,64,61,66,63,59,61,57,57,18,14,15,2761,,https://www.maddenratings.com/luke-schoonmaker
Dallas Cowboys,Marist Liufau,LEDG,Left Edge,35,Power Rusher,69,25,"February 9, 2001",United States,Notre Dame,3,2024,87,Dallas Cowboys,84,88,73,78,68,74,91,83,90,26,19,23,21,19,21,13,60,54,49,31,29,24,29,62,28,53,78,51,48,53,57,24,76,72,61,75,83,67,68,66,88,63,45,40,78,45,45,41,40,42,28,24,10,2758,,https://www.maddenratings.com/marist-liufau
Dallas Cowboys,Shemar James,MIKE,Mike Backer,50,Field General,69,22,"June 24, 2004",United States,Florida,2,2025,152,Dallas Cowboys,83,82,73,81,70,78,87,86,87,27,12,6,6,6,6,6,60,53,51,27,24,21,25,64,41,43,80,54,48,51,54,23,85,56,58,68,82,68,56,63,81,46,45,45,72,45,45,45,45,25,22,19,10,2596,,https://www.maddenratings.com/shemar-james
Dallas Cowboys,T.J. Bass,RG,Right Guard,66,Power,69,27,"March 31, 1999",United States,Oregon,4,,,,56,71,85,52,70,71,92,82,87,18,14,6,6,6,6,6,45,42,40,42,37,30,42,50,40,45,47,41,45,35,41,18,47,55,41,43,52,46,12,14,52,10,71,73,79,75,70,76,72,79,15,11,9,2370,,https://www.maddenratings.com/tj-bass
Dallas Cowboys,Tyler Johnson,WR,Wide Receiver,15,,69,27,"August 25, 1998",United States,Minnesota,7,,,,86,89,68,82,70,86,88,88,87,56,46,49,46,43,52,46,82,81,83,73,73,70,73,72,76,48,79,83,60,74,79,47,37,10,10,32,37,26,23,37,30,27,42,30,45,22,24,20,18,30,19,16,50,2820,,https://www.maddenratings.com/tyler-johnson
Dallas Cowboys,Drew Shelton,RT,Right Tackle,67,,68,22,"December 26, 2003",,Penn State,,,,,67,71,83,66,70,76,89,83,85,18,12,6,6,6,6,6,21,15,19,14,5,5,18,25,15,26,53,17,15,10,10,12,25,33,34,25,33,20,15,15,44,10,73,75,78,72,77,72,74,82,10,12,10,1919,,https://www.maddenratings.com/drew-shelton
Dallas Cowboys,Josh Butler,CB,Cornerback,31,Zone,68,29,"November 25, 1996",United States,Michigan St.,4,,,,91,92,56,83,65,86,85,80,78,21,14,24,21,15,14,12,60,51,51,20,15,8,20,54,53,43,84,65,35,64,72,22,61,28,33,48,71,62,68,72,58,68,30,26,44,24,23,21,19,15,12,11,42,2390,,https://www.maddenratings.com/josh-butler
Dallas Cowboys,Otito Ogbonnia,DT,Defensive Tackle,91,,68,25,"August 25, 2000",United States,UCLA,5,2022,160,Los Angeles Chargers,61,64,86,53,74,65,89,72,85,22,11,6,6,6,6,6,26,18,19,14,8,5,14,24,17,31,45,22,34,22,24,12,79,70,63,75,73,72,20,35,82,18,45,45,85,45,45,45,45,33,18,19,9,2068,,https://www.maddenratings.com/otito-ogbonnia
Dallas Cowboys,Phil Mafah,HB,Halfback,37,Power Back,68,23,"October 24, 2002",United States,Clemson,2,2025,239,Dallas Cowboys,88,88,75,80,74,79,88,88,93,44,30,37,30,26,36,27,67,50,53,58,50,45,48,90,78,81,79,78,76,69,77,34,41,34,28,41,46,35,30,34,39,30,38,53,45,36,35,41,43,33,27,30,80,2835,,https://www.maddenratings.com/phil-mafah
Dallas Cowboys,Trikweze Bridges,CB,Cornerback,25,Zone,68,25,"September 20, 2000",United States,Florida,2,2025,256,Los Angeles Chargers,91,94,62,83,64,83,91,85,92,22,24,19,19,15,23,24,73,68,63,35,33,32,35,59,50,32,80,72,43,64,72,32,52,24,37,47,70,61,68,72,52,64,35,35,42,25,35,25,35,24,23,28,78,2666,,https://www.maddenratings.com/trikweze-bridges
Dallas Cowboys,Matt Hennessy,C,Center,61,Agile,67,28,"November 17, 1997",United States,Temple,6,2020,78,Atlanta Falcons,66,69,85,69,64,74,88,88,93,27,10,6,6,6,6,6,26,15,15,15,5,5,15,30,8,27,57,10,29,10,10,12,21,10,10,20,30,15,12,15,28,10,76,72,81,74,78,69,74,80,25,25,10,1887,,https://www.maddenratings.com/matt-hennessy
Dallas Cowboys,Anthony Smith,WR,Wide Receiver,83,Deep Threat,67,24,"March 1, 2002",,East Carolina,,,,,92,94,57,85,58,86,88,83,87,60,35,49,40,42,39,33,77,81,77,69,68,73,72,69,72,45,82,78,56,71,78,36,26,18,19,24,25,26,19,24,23,18,46,29,38,27,30,27,20,24,62,60,66,2783,,https://www.maddenratings.com/anthony-smith
Dallas Cowboys,Nick Leverett,C,Center,51,,67,29,"January 11, 1997",United States,Rice,7,,,,66,59,85,55,76,73,90,84,76,22,10,6,6,6,6,6,28,15,15,10,5,5,20,25,13,29,44,18,15,22,19,12,34,15,15,21,23,12,10,10,35,10,68,75,82,69,67,77,73,76,16,11,10,1830,,https://www.maddenratings.com/nick-leverett
Dallas Cowboys,Nathan Thomas,LT,Left Tackle,71,Power,66,24,"August 22, 2001",United States,UL Lafayette,3,2024,233,Dallas Cowboys,66,74,85,52,62,64,90,79,87,25,12,20,15,10,10,15,53,59,47,43,40,35,50,57,44,47,55,49,49,39,41,15,28,10,10,32,34,10,12,12,31,10,76,69,85,72,77,72,65,77,25,15,10,2321,,https://www.maddenratings.com/nathan-thomas
Dallas Cowboys,Trevor Keegan,LG,Left Guard,77,Power,66,25,"August 30, 2000",United States,Michigan,3,2024,172,Philadelphia Eagles,64,72,85,60,70,75,91,83,89,22,10,15,11,11,7,6,31,15,15,10,5,5,20,25,13,29,54,18,15,22,19,8,34,15,15,21,23,21,10,10,35,10,70,73,80,70,70,72,67,79,26,24,10,1910,,https://www.maddenratings.com/trevor-keegan
Dallas Cowboys,Ameer Speed,CB,Cornerback,37,Man to Man,65,26,"October 11, 1999",United States,Michigan St.,3,2023,214,New England Patriots,95,92,62,84,62,79,88,85,78,25,13,6,6,6,6,6,52,54,51,22,12,10,20,55,60,44,83,63,54,65,70,10,64,42,38,48,69,58,61,63,74,67,35,35,54,35,35,35,35,25,25,24,54,2494,,https://www.maddenratings.com/ameer-speed
Dallas Cowboys,Ajani Cornelius,RT,Right Tackle,65,Power,65,24,"May 21, 2002",United States,Oregon,2,2025,204,Dallas Cowboys,64,70,86,51,69,73,88,87,88,13,6,6,6,6,6,6,20,21,21,18,5,5,13,30,13,28,46,12,15,11,14,11,29,28,27,29,29,31,10,12,33,10,70,70,83,71,71,72,70,79,14,12,10,1868,,https://www.maddenratings.com/ajani-cornelius
Dallas Cowboys,Alijah Clark,FS,Free Safety,38,Hybrid,65,23,"July 11, 2003",United States,Syracuse,2,,,,89,93,64,83,60,85,86,88,87,24,12,6,6,6,6,6,65,57,58,30,27,24,30,57,50,43,82,62,45,59,63,13,65,33,34,48,74,57,66,65,76,66,35,35,52,35,35,35,35,15,19,15,52,2513,,https://www.maddenratings.com/alijah-clark
Dallas Cowboys,Brevyn Spann-Ford,TE,Tight End,89,Possession,65,26,"December 27, 1999",United States,Minnesota,3,,,,80,83,72,71,65,77,89,83,88,25,15,15,10,5,10,5,77,76,74,63,59,51,63,70,62,67,66,72,67,55,63,24,55,46,40,51,59,31,29,38,58,31,64,61,64,65,63,62,56,53,29,22,27,2806,,https://www.maddenratings.com/brevyn-spann-ford
Dallas Cowboys,Jay Toia,DT,Defensive Tackle,93,,65,23,"July 16, 2003",United States,UCLA,2,2025,217,Dallas Cowboys,65,72,86,53,72,63,94,81,91,19,13,14,10,7,9,11,20,18,18,17,15,12,13,41,28,30,51,31,33,18,17,12,73,68,60,73,71,71,11,16,74,13,45,45,83,45,45,45,45,46,21,21,26,2131,,https://www.maddenratings.com/jay-toia
Dallas Cowboys,Reddy Steward,CB,Cornerback,27,Zone,65,25,"May 4, 2001",United States,Troy,3,,,,88,94,55,76,59,83,87,86,80,24,10,6,6,6,6,6,63,61,59,30,18,15,24,55,52,30,84,61,31,61,69,11,54,27,32,43,70,55,68,72,56,66,35,30,43,35,35,30,30,15,12,18,50,2372,,https://www.maddenratings.com/reddy-steward
Dallas Cowboys,Sam Howell,QB,Quarterback,16,,65,25,"September 16, 2000",United States,North Carolina,5,2022,144,Washington Commanders,82,87,64,78,51,71,93,89,92,91,74,81,78,76,78,79,61,51,37,15,14,12,15,66,71,53,78,80,51,65,72,72,29,10,10,24,33,13,12,14,23,10,23,15,27,22,16,18,14,16,36,37,14,2493,,https://www.maddenratings.com/sam-howell
Dallas Cowboys,Tyrus Wheat,REDG,Right Edge,90,Power Rusher,65,26,"December 8, 1999",United States,Mississippi St.,4,,,,84,90,74,74,59,71,92,74,86,15,16,9,7,6,6,7,57,41,41,15,13,11,15,48,23,39,65,40,44,41,45,12,75,71,58,67,76,56,41,53,81,46,45,35,81,45,45,35,35,33,11,9,15,2333,,https://www.maddenratings.com/tyrus-wheat
Dallas Cowboys,Isaiah Land,LEDG,Left Edge,58,Smaller Speed Rusher,64,26,"February 5, 2000",United States,Florida AM,4,,,,85,90,69,77,59,83,88,76,75,30,12,17,13,11,11,12,52,48,44,35,29,24,33,47,34,42,70,48,43,44,51,23,71,68,64,60,78,57,40,49,84,43,45,45,65,45,45,45,45,34,17,14,35,2524,,https://www.maddenratings.com/isaiah-land
Dallas Cowboys,Julius Wood,SS,Strong Safety,32,Run Support,64,25,"May 2, 2001",United States,East Carolina,3,,,,88,87,63,90,55,81,89,85,86,21,12,6,6,6,6,6,70,68,62,35,25,18,25,68,57,48,79,71,53,62,72,15,72,35,29,59,80,57,66,63,79,67,35,35,61,35,35,35,35,24,17,19,30,2583,,https://www.maddenratings.com/julius-wood
Dallas Cowboys,Chris Glaser,RG,Right Guard,64,Agile,63,26,"October 1, 1999",United States,Virginia,5,,,,65,69,86,68,64,69,91,79,80,20,7,10,8,6,6,7,28,23,21,13,10,9,14,26,31,30,56,23,30,20,21,8,32,33,23,35,25,30,10,10,39,10,67,68,75,66,68,67,69,80,11,11,10,1937,,https://www.maddenratings.com/chris-glaser
Dallas Cowboys,Michael Trigg,TE,Tight End,46,Vertical Threat,63,24,"June 27, 2002",,Baylor,,,,,85,88,73,80,57,75,82,81,81,31,20,20,15,13,21,18,75,81,78,63,57,57,65,70,64,61,72,70,65,64,70,20,50,43,40,43,40,44,18,22,57,18,56,55,61,55,57,56,54,52,26,28,43,2790,,https://www.maddenratings.com/michael-trigg
Dallas Cowboys,Zion Childress,SS,Strong Safety,48,Hybrid,63,24,"January 21, 2002",United States,Kentucky,2,,,,88,91,57,81,60,81,89,87,83,35,23,26,20,16,22,16,62,62,58,27,19,17,24,56,49,30,80,61,33,60,70,24,55,27,33,43,72,58,70,69,57,68,35,30,48,35,35,30,30,15,14,13,52,2496,,https://www.maddenratings.com/zion-childress
Dallas Cowboys,Princeton Fant,TE,Tight End,85,Vertical Threat,61,27,"March 11, 1999",United States,Tennessee,4,,,,87,86,72,84,51,81,86,78,83,30,15,19,17,14,16,15,74,75,74,62,57,52,61,72,64,67,77,69,70,61,68,15,35,10,10,30,31,20,15,20,15,15,56,56,64,53,56,56,54,50,15,14,30,2557,,https://www.maddenratings.com/princeton-fant
Dallas Cowboys,Curtis Robinson,WILL,Weak Backer,42,Run Stopper,59,28,"June 2, 1998",United States,Stanford,6,,,,84,84,74,82,57,89,88,79,76,24,10,6,6,6,6,6,51,49,47,15,5,5,12,56,29,40,76,40,36,40,42,12,77,43,44,59,74,55,45,58,75,52,45,45,67,45,45,45,45,18,18,17,10,2314,,https://www.maddenratings.com/curtis-robinson
Denver Broncos,Patrick Surtain II,CB,Cornerback,2,Man to Man,97,26,"April 14, 2000",United States,Alabama,6,2021,9,Denver Broncos,94,92,63,90,98,92,92,96,86,28,13,6,6,6,6,6,76,72,63,30,24,20,31,64,55,32,91,75,46,62,73,15,75,36,48,54,81,98,97,96,67,95,35,35,55,35,35,35,35,19,19,11,55,2819,"Shutdown Shutdown defenders have the talent to erase receivers from the game. When they enter the zone, their coverage is tighter and interceptions are more frequent on contested catches. Outside Shade Defenders with this ability have a slightly increased chance to react much faster to receiver cut moves when in man coverage and outside the numbers Short Route KO Defenders with this ability have a slightly improved chance to succeed at catch tackle knockouts in man-to-man versus short routes less than 10 yards from the LoS Lurker Defenders with this ability can make spectacular interceptions while lurking in zones, and are more likely to attempt and succeed at diving swats/catches.",https://www.maddenratings.com/patrick-surtain-ii
Denver Broncos,Garett Bolles,LT,Left Tackle,72,Pass Protector,96,34,"May 27, 1992",United States,Utah,10,2017,20,Denver Broncos,74,75,87,72,97,70,88,95,88,25,14,6,6,6,6,6,36,25,30,26,16,8,22,29,17,37,56,28,26,15,19,12,38,33,27,34,39,26,12,15,42,10,90,96,86,88,91,94,98,82,22,20,10,2270,Secure Protector Blockers with this ability reduce a rusher's chances of using a quick block shed move.,https://www.maddenratings.com/garett-bolles
Denver Broncos,Quinn Meinerz,RG,Right Guard,77,Power,95,27,"November 15, 1998",United States,Wisc-Whitewater,6,2021,98,Denver Broncos,75,78,95,66,96,78,90,93,92,21,15,6,6,6,6,6,25,12,10,15,7,3,15,22,33,35,56,18,31,20,18,12,32,30,27,33,27,26,12,17,41,10,97,88,93,95,99,89,86,96,19,13,10,2201,Run Protector Blockers with this ability reduce a rusher's chances of using most quick run block shed moves. Post Up Blockers with this ability have a slightly increased chance to win any double team block they are engaged in. Threat Detector Players with this ability will highlight any user defenders.,https://www.maddenratings.com/quinn-meinerz
Denver Broncos,Nik Bonitto,REDG,Right Edge,15,Smaller Speed Rusher,91,26,"September 26, 1999",United States,Oklahoma,5,2022,64,Denver Broncos,87,92,82,84,95,85,92,72,74,39,28,32,30,25,35,26,60,39,37,10,5,5,14,49,26,32,76,44,32,45,44,41,85,85,93,78,89,93,38,52,78,34,45,45,70,45,45,45,45,21,14,12,10,2659,"Edge Threat Defenders with this ability are slightly more likely to use faster, more dominant pass rush moves while rushing from the edge of the defense, and have more favorable disengage angles. Quick Jump Players with this ability have a slightly reduced stamina cost and slightly longer perfect window for jumping snaps.",https://www.maddenratings.com/nik-bonitto
Denver Broncos,Talanoa Hufanga,SS,Strong Safety,9,Run Support,88,26,"February 1, 2000",United States,USC,6,2021,180,San Francisco 49ers,89,87,58,84,91,85,84,90,85,38,34,35,32,30,29,35,76,65,63,35,31,26,39,61,46,44,78,67,43,63,67,36,78,45,52,64,90,93,79,84,89,67,35,35,63,35,35,35,35,33,21,18,44,2956,,https://www.maddenratings.com/talanoa-hufanga
Denver Broncos,Courtland Sutton,WR,Wide Receiver,14,,87,30,"October 10, 1995",United States,SMU,9,2018,40,Denver Broncos,90,91,75,90,92,95,87,89,87,62,37,59,53,50,41,34,88,93,93,83,81,79,88,72,80,72,83,82,82,73,83,48,33,10,10,31,36,22,23,30,22,15,62,38,63,38,33,25,20,20,19,15,33,3010,"Short Out Elite Receivers with this ability catch more consistently while catching passes less than 10 yards from the LoS, outside the numbers Mid Out Elite Receivers with this ability catch more consistently while catching passes less than 10-20 yards from the LoS, outside the numbers Quick Jump Players with this ability have a slightly reduced stamina cost and slightly longer perfect window for jumping snaps.",https://www.maddenratings.com/courtland-sutton
Denver Broncos,Zach Allen,DT,Defensive Tackle,99,Power Rusher,87,28,"August 20, 1997",United States,Boston College,8,2019,65,Arizona Cardinals,76,79,94,74,93,78,91,92,87,22,10,6,6,6,6,6,50,46,49,30,25,20,28,42,36,47,65,46,46,32,40,12,85,86,75,82,84,95,35,47,84,20,50,49,84,45,45,45,45,34,15,12,10,2567,"El Toro Defenders with this ability have a slightly improved chance to receive dominant bull rush wins when their stamina is full. This consumes a large amount of additional stamina. Interior Threat Defenders with this ability are slightly more likely to use faster, more dominant pass rush moves while rushing from the interior of the defense, and have more favorable disengage angles.",https://www.maddenratings.com/zach-allen
Denver Broncos,Jaylen Waddle,WR,Wide Receiver,17,Deep Threat,86,27,"November 25, 1998",United States,Alabama,6,2021,6,Miami Dolphins,96,96,57,96,89,90,88,89,85,34,25,29,23,19,29,20,89,83,88,80,83,81,80,75,78,41,95,89,55,80,86,28,29,10,10,27,34,16,14,19,19,10,49,32,48,20,29,22,19,22,19,16,84,2724,,https://www.maddenratings.com/jaylen-waddle
Denver Broncos,Alex Singleton,MIKE,Mike Backer,49,,85,32,"December 7, 1993",United States,Montana State,9,,,,85,85,72,77,93,76,90,90,99,20,12,6,6,6,6,6,63,45,40,15,5,5,10,55,33,36,70,34,28,31,36,12,93,64,55,76,92,92,56,68,82,42,45,45,82,45,45,45,45,26,19,15,10,2489,,https://www.maddenratings.com/alex-singleton
Denver Broncos,Jonathon Cooper,,,,Power Rusher,84,28,"January 8, 1998",United States,Ohio State,6,2021,239,Denver Broncos,85,90,82,76,88,80,92,86,77,17,14,7,6,5,6,6,44,23,21,15,10,5,12,31,29,27,68,23,36,23,31,17,85,85,78,82,86,87,39,50,81,49,45,45,85,45,45,45,45,24,18,17,10,2378,Quick Jump Players with this ability have a slightly reduced stamina cost and slightly longer perfect window for jumping snaps.,https://www.maddenratings.com/jonathon-cooper
Denver Broncos,Brandon Jones,FS,Free Safety,22,Run Support,83,28,"April 2, 1998",United States,Texas,7,2020,70,Miami Dolphins,88,91,58,87,84,88,89,90,93,25,20,15,10,10,15,15,72,63,52,15,13,10,20,60,46,20,83,60,47,62,71,12,77,39,46,60,86,85,76,77,81,71,40,35,60,35,35,35,35,19,20,20,45,2661,,https://www.maddenratings.com/brandon-jones
Denver Broncos,J.K. Dobbins,HB,Halfback,27,Elusive Back,82,27,"December 17, 1998",United States,Ohio State,7,2020,55,Baltimore Ravens,90,91,74,86,81,90,78,87,84,32,16,30,25,15,19,15,66,52,56,63,56,43,54,92,84,79,86,86,84,83,89,27,30,11,12,29,35,14,13,17,31,17,41,58,42,33,26,31,34,39,19,16,60,2621,,https://www.maddenratings.com/jk-dobbins
Denver Broncos,Mike McGlinchey,RT,Right Tackle,69,Power,82,31,"January 12, 1995",United States,Notre Dame,9,2018,9,San Francisco 49ers,70,66,88,66,93,71,88,93,95,11,15,6,6,6,6,6,28,15,17,15,10,8,14,33,11,22,48,10,10,10,10,12,32,10,10,32,27,20,11,13,38,10,86,78,84,85,87,82,75,85,15,12,10,1961,,https://www.maddenratings.com/mike-mcglinchey
Denver Broncos,Bo Nix,QB,Quarterback,10,Field General,81,26,"February 25, 2000",United States,Oregon,3,2024,12,Denver Broncos,88,90,60,76,84,74,95,93,96,93,85,88,84,85,84,79,67,62,59,41,19,10,21,67,55,32,73,77,37,42,64,74,21,10,10,12,27,10,12,13,12,10,16,13,14,14,14,13,13,10,50,42,10,2500,,https://www.maddenratings.com/bo-nix
Denver Broncos,RJ Harvey,HB,Halfback,12,Elusive Back,80,25,"February 4, 2001",United States,UCF,2,2025,60,Denver Broncos,92,94,73,85,80,88,85,88,81,68,43,54,50,48,54,45,68,59,62,64,57,54,57,91,82,82,82,84,78,81,85,49,39,27,29,35,42,36,26,28,34,25,37,50,36,28,25,39,38,32,21,26,79,2995,,https://www.maddenratings.com/rj-harvey
Denver Broncos,Ja&#8217;Quan McMillian,CB,Cornerback,29,,79,26,"June 4, 2000",United States,East Carolina,4,,,,90,86,56,91,81,87,89,88,79,35,15,31,27,24,32,19,77,67,62,35,31,29,19,58,55,25,86,66,26,67,74,25,71,29,38,42,76,83,81,82,47,73,31,30,38,31,31,30,30,16,15,15,45,2666,,https://www.maddenratings.com/jaquan-mcmillian
Denver Broncos,Jeremy Crawshaw,P,Punter,16,Power,79,25,"May 22, 2001",United States,Florida,2,2025,216,Denver Broncos,77,82,60,66,65,61,86,83,78,32,21,30,28,23,25,20,35,18,21,18,15,10,12,44,23,20,57,22,21,15,24,23,32,10,10,16,32,21,12,10,23,10,21,16,18,11,15,18,13,15,94,88,10,1710,,https://www.maddenratings.com/jeremy-crawshaw
Denver Broncos,Troy Franklin,WR,Wide Receiver,11,Deep Threat,79,23,"February 6, 2003",United States,Oregon,3,2024,102,Denver Broncos,92,91,58,87,84,91,90,88,82,23,19,15,10,6,10,6,85,82,81,80,80,82,77,76,74,48,88,82,58,75,83,22,35,10,10,33,42,27,25,32,35,10,37,29,44,18,27,20,20,27,21,18,44,2589,,https://www.maddenratings.com/troy-franklin
Denver Broncos,Evan Engram,TE,Tight End,1,Vertical Threat,78,31,"September 2, 1994",United States,Ole Miss,10,2017,23,New York Giants,86,87,66,86,74,89,88,87,76,28,11,23,18,14,27,18,82,85,80,74,68,63,72,74,76,75,79,85,73,68,79,14,42,20,28,32,37,26,24,31,28,22,62,62,69,62,59,61,55,50,22,16,59,2892,,https://www.maddenratings.com/evan-engram
Denver Broncos,Luke Wattenberg,C,Center,60,,78,28,"September 10, 1997",United States,Washington,5,2022,171,Denver Broncos,65,77,79,68,79,73,91,90,69,17,10,6,6,6,6,6,26,15,15,15,5,5,10,28,7,30,61,12,19,14,13,12,32,23,24,31,27,25,7,8,31,10,78,84,80,75,80,80,86,83,19,16,10,1944,,https://www.maddenratings.com/luke-wattenberg
Denver Broncos,Marvin Mims Jr.,WR,Wide Receiver,19,Deep Threat,78,24,"March 19, 2002",United States,Oklahoma,4,,,,92,94,55,88,79,92,91,84,89,29,17,20,15,10,12,10,87,85,82,80,80,81,68,75,75,33,88,86,47,70,76,20,23,10,10,24,28,16,10,14,16,10,45,28,39,13,20,10,10,19,17,12,88,2472,,https://www.maddenratings.com/marvin-mims-jr
Denver Broncos,Wil Lutz,K,Kicker,3,Power,78,32,"July 7, 1994",United States,Georgia State,11,,,,69,71,54,58,63,57,81,79,70,39,16,33,15,15,15,15,18,15,15,15,15,15,15,40,5,10,50,10,10,10,10,15,26,10,10,24,29,17,11,17,13,10,16,17,16,16,16,17,17,16,97,85,10,1508,,https://www.maddenratings.com/wil-lutz
Denver Broncos,D.J. Jones,DT,Defensive Tackle,93,,77,31,"January 19, 1995",United States,Ole Miss,10,2017,198,San Francisco 49ers,72,72,88,72,85,71,90,79,89,24,10,6,6,6,6,6,38,20,24,17,9,5,14,31,19,43,58,29,32,17,25,12,79,78,63,81,78,84,20,27,78,18,45,45,89,46,45,44,45,36,23,19,9,2227,,https://www.maddenratings.com/dj-jones
Denver Broncos,Riley Moss,CB,Cornerback,21,Zone,77,26,"March 3, 2000",United States,Iowa,4,2023,83,Denver Broncos,91,95,53,95,75,92,94,96,79,31,10,21,15,12,25,16,74,68,69,21,14,11,25,68,67,49,89,82,41,70,77,24,66,24,34,46,73,71,74,78,63,70,35,25,44,35,35,35,35,18,22,23,77,2732,,https://www.maddenratings.com/riley-moss
Denver Broncos,Ben Powers,LG,Left Guard,74,Power,75,29,"October 29, 1996",United States,Oklahoma,8,2019,123,Baltimore Ravens,70,68,82,60,88,72,88,85,87,25,11,6,6,6,6,6,37,15,15,15,5,5,15,40,9,25,46,15,10,10,10,12,38,10,10,33,35,10,12,12,25,10,79,77,83,81,77,75,79,77,11,11,10,1905,,https://www.maddenratings.com/ben-powers
Denver Broncos,Jahdae Barron,CB,Cornerback,23,Zone,75,24,"December 4, 2001",United States,Texas,2,2025,20,Denver Broncos,93,92,54,88,70,84,89,93,91,24,8,6,6,6,6,6,75,69,63,33,30,31,34,62,48,32,91,75,37,69,76,9,59,27,45,50,76,70,73,77,47,73,25,25,44,25,35,25,35,18,18,15,55,2567,,https://www.maddenratings.com/jahdae-barron
Denver Broncos,Justin Strnad,WILL,Weak Backer,40,Pass Coverage,74,29,"August 21, 1996",United States,Wake Forest,7,2020,178,Denver Broncos,87,83,71,81,79,74,86,85,77,30,14,15,10,10,15,15,60,57,51,24,14,7,17,58,18,29,74,46,39,35,43,13,85,50,57,67,85,76,63,68,81,52,45,45,71,45,45,45,45,17,20,15,30,2524,,https://www.maddenratings.com/justin-strnad
Denver Broncos,Jonah Elliss,LEDG,Left Edge,52,Smaller Speed Rusher,73,23,"April 3, 2003",United States,Utah,3,2024,76,Denver Broncos,81,87,74,82,76,90,84,78,84,22,17,6,6,6,6,6,26,42,39,14,7,3,17,28,28,26,70,29,33,24,27,12,77,71,74,74,79,75,41,47,74,26,44,44,79,44,45,46,44,17,20,19,10,2280,,https://www.maddenratings.com/jonah-elliss
Denver Broncos,Jonah Coleman,HB,Halfback,20,Power Back,73,22,"August 20, 2003",,Washington,,,,,87,90,80,78,67,78,93,90,93,35,21,25,20,18,25,25,71,56,57,61,53,46,49,96,82,85,82,85,76,68,75,33,30,16,14,23,27,27,21,25,34,26,43,56,47,36,40,48,40,42,28,22,70,2715,,https://www.maddenratings.com/jonah-coleman
Denver Broncos,Kris Abrams-Draine,CB,Cornerback,31,,73,24,"October 4, 2001",United States,Missouri,3,2024,145,Denver Broncos,91,93,40,91,67,81,93,87,76,31,8,14,12,10,6,8,74,68,64,33,23,16,24,57,64,29,90,68,34,66,71,15,67,25,33,41,75,69,75,73,57,62,35,25,39,25,26,15,19,14,22,15,55,2471,,https://www.maddenratings.com/kris-abrams-draine
Denver Broncos,Tyler Onyedim,DT,Defensive Tackle,98,,73,23,"May 14, 2003",,Texas AM,,,,,70,81,86,58,75,78,87,74,87,12,10,6,6,6,6,6,27,24,24,15,13,2,25,48,14,46,59,47,44,24,26,12,82,75,66,77,78,74,24,25,82,19,45,45,86,45,45,45,45,27,19,29,10,2241,,https://www.maddenratings.com/tyler-onyedim
Denver Broncos,Drew Sanders,REDG,Right Edge,41,Smaller Speed Rusher,72,24,"December 31, 2001",United States,Arkansas,4,2023,67,Denver Broncos,84,89,72,81,73,88,88,89,84,52,33,51,45,40,47,44,64,59,58,10,8,4,12,67,52,51,74,53,51,43,51,52,76,73,71,73,85,75,70,62,83,69,40,35,85,40,40,35,35,34,17,15,10,2892,,https://www.maddenratings.com/drew-sanders
Denver Broncos,Malcolm Roach,DT,Defensive Tackle,97,,72,28,"June 9, 1998",United States,Texas,7,,,,74,79,83,64,78,74,84,73,80,26,15,6,6,6,6,6,49,41,33,31,28,19,28,40,25,28,49,33,35,17,21,12,78,68,75,77,76,77,27,32,78,10,48,50,82,45,45,45,45,14,25,25,11,2282,,https://www.maddenratings.com/malcolm-roach
Denver Broncos,Pat Bryant,WR,Wide Receiver,13,Deep Threat,72,23,"December 10, 2002",United States,Illinois,2,2025,74,Denver Broncos,89,88,69,84,75,90,90,88,90,30,35,23,19,11,21,30,83,81,82,73,75,70,80,74,74,51,86,76,51,70,77,25,37,28,31,36,45,29,32,38,26,22,54,23,55,28,27,24,15,37,18,25,73,2763,,https://www.maddenratings.com/pat-bryant
Denver Broncos,Adam Trautman,TE,Tight End,82,Possession,71,29,"February 5, 1997",United States,Dayton,7,2020,105,New Orleans Saints,81,82,74,84,60,84,89,89,89,65,47,61,55,47,56,48,83,80,80,67,62,56,66,77,63,69,72,73,70,66,66,48,33,10,10,31,34,16,13,19,31,17,66,63,68,63,67,60,63,54,27,20,35,3009,,https://www.maddenratings.com/adam-trautman
Denver Broncos,Jaleel McLaughlin,HB,Halfback,38,Elusive Back,71,25,"September 13, 2000",United States,Youngstown St.,4,,,,92,92,66,78,66,78,88,83,84,31,23,27,21,17,28,16,70,52,48,62,55,51,54,92,77,60,83,80,68,75,84,28,29,19,13,32,34,18,15,21,27,15,31,52,35,26,21,27,30,26,18,13,76,2507,,https://www.maddenratings.com/jaleel-mclaughlin
Denver Broncos,Kage Casey,LG,Left Guard,78,Agile,71,22,"October 10, 2003",,Boise State,,,,,66,65,86,52,73,76,88,89,87,14,12,6,6,6,6,6,24,11,15,17,5,5,16,26,15,28,52,13,14,10,10,12,37,32,30,32,33,20,15,13,43,10,76,75,81,72,77,75,75,83,10,12,10,1922,,https://www.maddenratings.com/kage-casey
Denver Broncos,Alex Palczewski,RG,Right Guard,63,Agile,70,27,"August 3, 1999",United States,Illinois,4,,,,63,75,82,60,77,71,85,79,78,16,5,8,7,6,6,5,25,25,21,25,15,7,15,43,11,26,58,17,28,13,26,12,38,40,30,37,32,25,12,12,40,10,72,75,74,70,74,73,77,83,15,10,5,1994,,https://www.maddenratings.com/alex-palczewski
Denver Broncos,Dondrea Tillman,REDG,Right Edge,92,Power Rusher,70,28,"April 30, 1998",United States,IUP,4,,,,73,79,77,72,75,80,85,77,81,20,16,6,6,6,6,6,61,48,43,20,15,10,12,49,55,52,64,65,53,48,53,16,81,75,63,75,81,74,35,43,81,32,45,45,78,45,45,45,45,32,13,14,10,2486,,https://www.maddenratings.com/dondrea-tillman
Denver Broncos,Sai&#8217;vion Jones,DT,Defensive Tackle,95,,70,23,"July 3, 2003",United States,LSU,2,2025,101,Denver Broncos,81,88,80,79,75,80,89,78,88,24,15,18,10,9,10,15,29,17,17,15,8,7,14,38,27,27,68,33,37,31,38,12,76,71,68,74,78,71,25,33,79,30,45,45,83,45,45,45,45,26,21,21,32,2315,,https://www.maddenratings.com/saivion-jones
Denver Broncos,Eyioma Uwazurike,DT,Defensive Tackle,96,,69,28,"May 6, 1998",United States,Iowa State,5,2022,116,Denver Broncos,61,67,83,64,73,80,91,69,92,19,8,6,6,6,6,6,31,22,23,22,18,15,26,32,19,45,54,25,35,12,15,10,82,73,66,76,77,72,13,14,73,11,45,45,88,45,45,45,45,35,25,18,15,2149,,https://www.maddenratings.com/eyioma-uwazurike
Denver Broncos,Lil&#8217;Jordan Humphrey,WR,Wide Receiver,5,,69,28,"April 19, 1998",United States,Texas,8,,,,87,84,67,78,77,85,88,80,80,40,23,37,31,27,29,24,84,83,83,72,70,67,73,74,77,61,78,78,71,73,76,30,31,10,10,27,30,16,12,19,28,16,55,29,44,24,14,20,18,20,17,12,75,2614,,https://www.maddenratings.com/liljordan-humphrey
Denver Broncos,Que Robinson,LEDG,Left Edge,51,Smaller Speed Rusher,69,25,"May 12, 2001",United States,Alabama,2,2025,134,Denver Broncos,84,88,73,80,69,83,87,87,88,23,12,6,6,6,6,6,56,50,46,25,20,17,24,52,28,32,74,42,36,40,46,23,79,61,66,67,82,67,59,62,78,51,45,45,74,45,45,45,45,27,22,20,10,2510,,https://www.maddenratings.com/que-robinson
Denver Broncos,Tyler Badie,HB,Halfback,28,Elusive Back,69,26,"February 7, 2000",United States,Missouri,5,,,,89,93,74,83,71,81,87,87,85,25,12,20,15,10,17,14,69,55,53,62,58,52,55,90,75,76,81,76,70,72,76,23,34,10,10,30,36,24,19,28,31,20,39,57,37,21,27,23,28,38,18,15,72,2523,,https://www.maddenratings.com/tyler-badie
Denver Broncos,Adam Prentice,FB,Fullback,46,Blocking,68,29,"January 16, 1997",United States,South Carolina,6,,,,77,78,76,76,79,84,92,74,78,24,17,15,10,5,5,5,66,58,53,57,52,44,52,68,37,63,66,64,63,59,64,11,39,25,26,28,41,15,10,12,44,15,67,68,68,58,52,50,53,82,15,11,25,2476,,https://www.maddenratings.com/adam-prentice
Denver Broncos,Justin Joly,TE,Tight End,80,Vertical Threat,68,22,"July 9, 2004",,N.C. State,,,,,83,89,73,83,60,78,92,90,93,53,31,40,35,27,39,32,82,78,78,68,61,58,67,75,70,61,80,71,63,66,73,36,52,30,28,50,52,45,37,42,48,24,58,57,60,58,57,56,55,54,28,26,35,3037,,https://www.maddenratings.com/justin-joly
Denver Broncos,Mitchell Fraboni,LS,Long Snapper,48,Accurate,68,29,"October 28, 1996",United States,Arizona St.,6,,,,79,75,75,66,53,73,88,77,83,35,10,25,15,10,10,10,45,40,39,44,40,35,24,60,25,49,66,51,54,45,42,15,55,10,10,41,49,32,17,18,52,15,54,54,65,51,45,49,51,50,15,14,10,2215,,https://www.maddenratings.com/mitchell-fraboni
Denver Broncos,Matt Henningsen,DT,Defensive Tackle,91,,68,27,"May 1, 1999",United States,Wisconsin,5,2022,206,Denver Broncos,72,76,82,77,69,89,85,75,87,23,17,9,9,9,9,9,33,28,24,16,13,10,22,40,26,33,71,22,27,20,22,15,79,66,52,74,72,67,13,17,79,12,48,46,85,48,48,46,46,34,18,18,10,2197,,https://www.maddenratings.com/matt-henningsen
Denver Broncos,Alex Forsyth,C,Center,54,Power,67,27,"February 13, 1999",United States,Oregon,4,2023,257,Denver Broncos,66,65,86,54,71,55,90,84,85,25,10,6,6,6,6,6,34,35,37,31,21,15,33,23,26,32,50,26,37,23,24,12,34,10,10,31,34,20,12,13,38,15,73,75,81,72,74,77,72,76,24,22,10,2053,,https://www.maddenratings.com/alex-forsyth
Denver Broncos,Calvin Throckmorton,RG,Right Guard,76,Power,67,29,"August 16, 1996",United States,Oregon,7,,,,63,56,84,50,70,68,90,87,93,30,10,6,6,6,6,6,39,34,30,25,22,19,24,30,31,24,47,35,33,15,22,12,49,46,35,44,50,45,15,20,65,10,70,71,82,72,67,74,68,78,22,21,10,2187,,https://www.maddenratings.com/calvin-throckmorton
Denver Broncos,Cody Schrader,HB,Halfback,25,Power Back,67,26,"September 8, 1999",United States,Missouri,3,,,,85,90,73,77,70,81,88,83,84,36,27,35,30,27,33,28,68,56,52,66,58,52,58,92,79,78,75,79,78,72,76,31,36,13,17,27,35,24,18,27,29,20,46,48,44,36,33,38,35,43,20,16,56,2678,,https://www.maddenratings.com/cody-schrader
Denver Broncos,Matthew Peart,LT,Left Tackle,79,,67,29,"June 11, 1997",,Connecticut,7,,,,68,72,86,54,75,74,82,82,89,11,10,5,5,5,5,5,27,15,15,15,5,5,15,40,6,24,48,15,10,10,10,12,37,28,22,29,33,32,12,13,20,10,70,72,80,67,72,69,73,83,15,12,10,1859,,https://www.maddenratings.com/matthew-peart
Denver Broncos,JL Skinner,SS,Strong Safety,34,Run Support,66,25,"April 16, 2001",United States,Boise State,4,2023,183,Denver Broncos,89,91,59,87,61,86,91,87,88,27,11,19,13,12,11,11,75,77,73,53,55,45,65,62,69,57,77,71,72,63,69,13,67,28,44,57,72,66,59,69,84,76,41,35,62,39,40,35,35,24,25,23,35,2855,,https://www.maddenratings.com/jl-skinner
Denver Broncos,Michael Deiter,C,Center,67,Power,66,29,"September 3, 1996",United States,Wisconsin,8,2019,78,Miami Dolphins,68,65,86,55,78,70,87,85,83,22,14,6,6,6,6,6,30,25,21,16,12,10,14,40,5,25,51,10,15,10,10,12,38,24,16,35,36,38,15,20,33,10,68,71,81,69,67,72,70,76,17,12,10,1927,,https://www.maddenratings.com/michael-deiter
Denver Broncos,Nick Gargiulo,LG,Left Guard,66,Power,66,26,"July 19, 2000",United States,South Carolina,3,2024,256,Denver Broncos,64,72,87,71,70,79,89,79,77,30,10,6,5,5,6,7,43,33,31,21,17,14,22,41,19,32,58,21,28,16,30,7,33,30,24,31,32,35,11,12,31,10,69,71,80,69,70,70,68,78,22,20,10,2066,,https://www.maddenratings.com/nick-gargiulo
Denver Broncos,Reese Taylor,CB,Cornerback,35,Zone,66,26,"August 27, 1999",United States,Purdue,2,,,,90,90,54,87,58,91,87,85,83,32,17,25,22,19,18,19,65,65,53,21,15,11,14,64,51,29,87,64,31,62,72,11,54,29,34,44,71,56,67,74,57,70,35,35,43,35,35,35,35,15,14,15,50,2495,,https://www.maddenratings.com/reese-taylor
Denver Broncos,Devon Key,FS,Free Safety,26,Run Support,65,28,"October 28, 1997",United States,W. Kentucky,6,,,,86,88,66,78,64,90,92,84,86,30,16,15,10,10,20,15,58,54,49,30,20,15,20,60,44,45,82,58,44,64,68,24,69,45,39,59,77,60,62,64,86,71,35,35,63,35,35,35,35,25,14,12,30,2571,,https://www.maddenratings.com/devon-key
Denver Broncos,Jordan Jackson,DT,Defensive Tackle,94,,65,28,"January 30, 1998",United States,Air Force,5,,,,73,73,78,75,67,75,88,74,86,22,14,6,6,6,6,6,24,17,17,14,5,5,17,30,19,34,66,26,27,21,22,16,78,68,59,70,78,69,23,29,76,20,45,45,79,45,45,45,45,25,22,21,10,2112,,https://www.maddenratings.com/jordan-jackson
Denver Broncos,Red Murdock,MIKE,Mike Backer,50,,65,22,"September 24, 2003",,Buffalo,,,,,86,87,72,82,59,77,87,89,90,23,10,6,6,6,6,6,65,48,47,32,27,22,12,54,34,46,74,52,42,35,54,13,81,54,60,67,82,58,58,65,82,44,44,50,75,53,51,45,49,23,14,11,16,2531,,https://www.maddenratings.com/red-murdock
Denver Broncos,Tycen Anderson,SS,Strong Safety,6,Hybrid,65,27,"June 13, 1999",United States,Toledo,5,2022,166,Cincinnati Bengals,91,94,59,92,60,88,87,86,74,24,9,10,8,6,15,7,58,55,56,36,31,29,41,57,49,39,82,64,45,63,72,17,60,32,37,55,66,56,65,63,62,73,34,33,50,34,34,33,33,20,13,14,45,2516,,https://www.maddenratings.com/tycen-anderson
Denver Broncos,Frank Crum,LT,Left Tackle,73,Power,64,26,"May 14, 2000",United States,Wyoming,3,,,,74,79,85,71,54,77,92,86,89,22,15,6,6,6,6,6,40,12,10,29,18,5,15,41,36,37,56,32,27,20,22,12,33,20,10,20,27,22,10,17,37,10,72,70,81,73,70,69,67,78,14,14,15,2015,,https://www.maddenratings.com/frank-crum
Denver Broncos,Jarrett Stidham,QB,Quarterback,8,Field General,64,29,"August 8, 1996",United States,Auburn,8,2019,133,New England Patriots,82,81,62,72,71,76,85,76,89,86,73,81,77,72,81,73,53,49,48,37,32,31,34,60,36,37,74,65,35,38,50,63,20,10,10,20,26,16,11,19,20,10,19,19,24,15,15,14,19,14,32,26,10,2348,,https://www.maddenratings.com/jarrett-stidham
Denver Broncos,Jordan Turner,WILL,Weak Backer,55,Run Stopper,64,24,"December 13, 2001",United States,Michigan St.,2,,,,81,90,75,83,61,80,87,87,86,22,11,6,6,6,6,6,55,45,42,23,18,23,25,53,39,40,75,48,45,43,65,19,78,53,58,63,79,59,55,62,80,46,45,45,74,45,45,45,45,22,12,10,10,2482,,https://www.maddenratings.com/jordan-turner
Denver Broncos,Miles Scott,FS,Free Safety,39,Hybrid,64,24,"March 28, 2002",,Illinois,,,,,87,87,64,81,62,89,85,91,93,26,12,6,6,6,6,6,64,68,58,44,41,34,39,54,57,55,87,66,46,58,64,16,62,35,44,54,73,61,67,69,71,68,35,35,58,35,35,35,35,25,24,25,46,2650,,https://www.maddenratings.com/miles-scott
Denver Broncos,Dallen Bentley,TE,Tight End,89,Vertical Threat,63,25,"December 31, 2000",,Utah,,,,,85,88,71,83,48,84,91,81,85,21,21,26,11,36,22,42,79,72,71,66,60,56,66,69,67,61,71,69,63,63,69,29,26,20,20,26,26,30,19,22,26,19,58,56,60,57,58,56,55,54,34,31,51,2730,,https://www.maddenratings.com/dallen-bentley
Denver Broncos,Levelle Bailey,WILL,Weak Backer,56,Run Stopper,63,25,"December 4, 2000",United States,Fresno State,3,,,,81,78,69,76,66,77,91,85,83,36,10,6,6,6,6,6,68,59,57,21,11,6,16,62,27,36,75,45,32,40,48,12,77,65,54,65,79,64,58,64,76,51,45,45,70,45,45,45,45,17,10,16,10,2443,,https://www.maddenratings.com/levelle-bailey
Denver Broncos,Lucas Krull,TE,Tight End,85,Vertical Threat,63,28,"July 11, 1998",United States,Pittsburgh,4,,,,84,87,68,78,67,84,87,79,77,65,22,47,39,32,21,23,78,76,70,64,60,51,64,72,57,63,69,74,69,57,64,29,36,12,14,23,32,25,13,14,39,17,56,58,58,48,52,54,52,53,15,11,25,2684,,https://www.maddenratings.com/lucas-krull
Denver Broncos,Karene Reid,MIKE,Mike Backer,47,Field General,62,26,"February 19, 2000",United States,Utah,2,,,,83,89,70,78,61,79,85,86,87,21,12,6,6,6,6,6,51,45,42,22,20,18,21,53,35,35,73,47,43,44,49,23,78,49,52,62,80,58,56,62,78,49,45,45,70,45,45,45,45,23,47,43,10,2489,,https://www.maddenratings.com/karene-reid
Denver Broncos,Michael Bandy,WR,Wide Receiver,83,,62,28,"December 5, 1997",United States,San Diego,6,,,,86,88,49,86,55,78,89,87,80,32,12,29,19,14,23,24,77,72,76,69,64,65,55,71,72,37,84,80,39,67,76,24,25,10,10,22,35,24,18,25,19,10,41,30,40,31,29,20,19,20,21,20,60,2408,,https://www.maddenratings.com/michael-bandy
Denver Broncos,Nate Adkins,TE,Tight End,45,Possession,62,27,"July 9, 1999",United States,South Carolina,4,,,,77,79,74,75,52,77,89,82,85,28,10,25,20,14,21,13,79,78,76,61,55,49,59,73,54,61,71,61,56,53,59,22,38,24,21,36,39,28,20,26,40,17,62,62,69,63,62,61,59,60,21,19,15,2630,,https://www.maddenratings.com/nate-adkins
Denver Broncos,Caleb Lohner,TE,Tight End,84,Vertical Threat,60,24,"October 1, 2001",United States,Utah,2,2025,241,Denver Broncos,83,81,75,79,59,88,87,79,83,25,15,15,10,10,10,10,74,77,77,64,57,53,57,70,60,58,65,64,56,56,60,13,37,10,10,41,43,18,19,22,38,17,53,60,61,52,53,57,60,45,18,14,24,2522,,https://www.maddenratings.com/caleb-lohner
Denver Broncos,Johnny Walker Jr.,WILL,Weak Backer,59,Run Stopper,60,24,"December 12, 2001",United States,Missouri,2,,,,78,78,73,61,62,78,85,85,87,22,12,6,6,6,6,6,52,46,43,28,25,22,26,59,41,45,65,45,42,45,51,23,78,49,52,64,78,59,54,60,79,45,45,45,72,45,45,45,45,24,18,16,10,2437,,https://www.maddenratings.com/johnny-walker-jr
Denver Broncos,Sam Ehlinger,QB,Quarterback,4,,57,27,"September 30, 1998",United States,Texas,6,2021,218,Indianapolis Colts,84,79,67,80,53,85,86,86,90,83,70,77,71,68,74,77,70,46,45,36,27,23,21,65,70,63,76,78,53,72,69,71,27,10,10,23,29,18,10,13,17,10,25,18,31,15,10,14,16,27,18,14,10,2480,,https://www.maddenratings.com/sam-ehlinger
Detroit Lions,Penei Sewell,LT,Left Tackle,58,Power,98,25,"October 9, 2000",American Samoa,Oregon,6,2021,7,Detroit Lions,73,73,97,59,98,70,94,95,91,18,14,6,6,6,6,6,44,15,17,28,17,5,15,35,15,30,58,20,25,10,10,13,32,24,16,35,37,19,12,12,33,10,99,90,96,99,99,94,86,97,23,20,10,2212,Screen Protector Blockers with this ability will dominantly win impact blocks on screen plays Tough Nut Blockers with this ability have an increased number of blocker resistance points. Run Protector Blockers with this ability reduce a rusher's chances of using most quick run block shed moves.,https://www.maddenratings.com/penei-sewell
Detroit Lions,Jahmyr Gibbs,,,,Elusive Back,98,24,"March 20, 2002",United States,Alabama,4,2023,12,Detroit Lions,98,95,72,93,88,81,90,88,84,26,14,21,17,13,15,10,74,64,64,73,69,63,65,96,84,82,92,92,72,94,96,25,30,10,10,30,37,16,12,15,28,16,30,51,32,16,24,34,29,29,14,10,80,2663,"First One Free Some players thrive on making defenders look silly. When they enter the zone, this ability increases their fakeout rate on the next juke, spin or hurdle. Evasive Ballcarriers with this ability have steerable juke and spin animations. Human Joystick Ballcarriers with this ability can quickly shift momentum, change direction, and turn the corner without sacrificing speed.",https://www.maddenratings.com/jahmyr-gibbs
Detroit Lions,Amon-Ra St. Brown,WR,Wide Receiver,14,Slot,95,26,"October 24, 1999",,USC,6,2021,112,Detroit Lions,90,91,67,91,96,91,90,94,85,48,32,40,34,25,35,24,99,90,92,97,98,89,89,75,78,57,87,92,62,79,87,27,34,10,10,33,36,19,12,19,23,20,44,30,48,33,25,27,23,26,20,14,74,2911,"Double Me Aggressive receivers overpower defenders and attack the football. When they enter the zone, this ability increases their success rate on aggressive catches against single coverage. Short Out Elite Receivers with this ability catch more consistently while catching passes less than 10 yards from the LoS, outside the numbers Short In Elite Receivers with this ability catch more consistently while catching passes less than 10 yards from the LoS, inside the numbers Quick Jump Players with this ability have a slightly reduced stamina cost and slightly longer perfect window for jumping snaps.",https://www.maddenratings.com/amon-ra-st-brown
Detroit Lions,Aidan Hutchinson,LEDG,Left Edge,97,Smaller Speed Rusher,93,25,"August 9, 2000",United States,Michigan,5,2022,2,Detroit Lions,83,88,87,86,95,85,91,96,92,24,18,10,8,6,6,6,64,62,56,50,44,38,52,59,33,48,72,46,50,46,52,12,87,89,95,85,96,93,43,53,85,31,45,45,89,45,45,45,45,30,14,12,10,2847,"Unstoppable Force Elite pass rushers are a mix of strength, speed, and tenacity. When they enter the zone, this ability increases their win rate and block shed speed against one-on-one pass blocks. Edge Threat Defenders with this ability are slightly more likely to use faster, more dominant pass rush moves while rushing from the edge of the defense, and have more favorable disengage angles. B.O.G.O. Defenders with this ability are granted a free pass rush move once per play after spending stamina to perform one No Outsiders Defenders with this ability have slightly improved run shed moves and disengage angles for a better chance at stopping outside zone plays. Quick Jump Players with this ability have a slightly reduced stamina cost and slightly longer perfect window for jumping snaps.",https://www.maddenratings.com/aidan-hutchinson
Detroit Lions,Brian Branch,SS,Strong Safety,32,Run Support,91,24,"October 22, 2001",United States,Alabama,4,2023,45,Detroit Lions,88,92,60,85,90,89,92,91,91,27,15,25,21,16,15,16,77,66,63,46,41,37,45,67,65,45,83,78,42,65,72,20,78,44,55,64,95,91,86,87,89,74,35,30,65,33,34,33,34,22,18,17,76,2985,"Mid Zone KO Defenders with this ability have a slightly improved chance to force catch knockouts and react quicker in any mid-field zone coverage, less than 20 yards from the LoS inside the numbers and 10-20 outside. Lurker Defenders with this ability can make spectacular interceptions while lurking in zones, and are more likely to attempt and succeed at diving swats/catches.",https://www.maddenratings.com/brian-branch
Detroit Lions,Kerby Joseph,FS,Free Safety,31,Zone,91,25,"November 14, 2000",United States,Illinois,5,2022,97,Detroit Lions,88,91,64,86,94,91,89,93,70,25,9,6,6,6,6,6,84,70,63,33,31,29,27,63,65,50,84,74,42,65,77,15,76,23,29,53,86,96,78,90,77,65,24,25,49,24,24,25,25,23,21,20,44,2679,"Lurker Defenders with this ability can make spectacular interceptions while lurking in zones, and are more likely to attempt and succeed at diving swats/catches. Deep In Zone KO Defenders with this ability have a slightly improved chance to force catch knockouts and react quicker in deep zone coverage, 20+ yards from the LoS and inside the hash marks.",https://www.maddenratings.com/kerby-joseph
Detroit Lions,Sam LaPorta,TE,Tight End,87,Vertical Threat,88,25,"January 12, 2001",United States,Iowa,4,2023,34,Detroit Lions,86,88,74,85,87,84,88,87,90,31,22,25,22,17,21,23,95,84,86,82,78,68,78,74,72,72,77,76,76,71,77,25,59,48,43,57,61,43,31,36,61,29,62,60,65,62,57,59,56,53,17,12,37,3129,"Mid In Elite Receivers with this ability catch more consistently while catching passes less than 10-20 yards from the LoS, inside the numbers",https://www.maddenratings.com/sam-laporta
Detroit Lions,Jared Goff,QB,Quarterback,16,Field General,88,31,"October 14, 1994",United States,California,11,2016,1,Los Angeles Rams,74,79,64,72,89,68,96,91,93,90,84,96,96,80,85,94,43,24,21,27,17,15,19,58,51,34,69,61,34,44,48,75,27,9,9,21,28,21,12,18,17,9,16,17,21,10,10,14,18,19,21,20,11,2339,Pocket Deadeye Passers with this ability have elite accuracy on all unpressured throws while their feet are set in the pocket (except on high throws).,https://www.maddenratings.com/jared-goff
Detroit Lions,Jack Campbell,MIKE,Mike Backer,46,Field General,87,25,"August 22, 2000",United States,Iowa,4,2023,18,Detroit Lions,85,90,76,87,87,89,92,90,96,25,16,6,6,6,6,6,69,66,64,19,12,7,19,58,52,54,77,57,64,40,46,12,91,64,57,79,91,87,69,74,87,66,45,45,76,45,45,45,45,35,16,18,14,2773,,https://www.maddenratings.com/jack-campbell
Detroit Lions,Jameson Williams,WR,Wide Receiver,1,,85,25,"March 26, 2001",United States,Alabama,5,2022,12,Detroit Lions,98,96,63,95,84,82,91,89,86,31,18,15,10,6,17,13,82,80,77,80,85,83,75,68,76,44,95,93,52,79,87,21,26,10,10,25,33,16,15,22,22,14,45,25,42,20,25,19,22,23,18,17,82,2602,,https://www.maddenratings.com/jameson-williams
Detroit Lions,Alim McNeill,DT,Defensive Tackle,54,,83,26,"May 11, 2000",United States,N.C. State,6,2021,72,Detroit Lions,74,80,93,63,89,75,90,80,88,21,10,6,6,6,6,6,48,33,30,27,22,17,29,46,33,56,55,43,50,32,36,12,83,82,73,82,80,89,19,27,79,19,50,47,86,47,49,45,45,38,23,19,15,2459,,https://www.maddenratings.com/alim-mcneill
Detroit Lions,D.J. Reed Jr,CB,Cornerback,4,Zone,83,29,"November 11, 1996",United States,Kansas State,9,,,,89,90,52,86,88,87,87,95,75,22,12,15,10,5,6,6,74,64,65,21,15,11,14,57,61,29,88,72,42,70,76,17,71,29,37,53,77,86,78,84,53,87,35,35,47,35,35,35,35,13,14,10,82,2632,,https://www.maddenratings.com/dj-reed-jr
Detroit Lions,Jack Fox,P,Punter,3,Power,79,29,"September 1, 1996",United States,Rice,9,,,,87,83,50,63,66,69,90,83,65,53,20,47,29,15,15,15,23,15,15,15,15,15,15,39,5,10,55,10,10,10,10,15,29,10,10,29,32,24,11,20,12,10,16,17,16,16,16,17,17,16,95,82,10,1632,,https://www.maddenratings.com/jack-fox
Detroit Lions,Chuck Clark,FS,Free Safety,36,Run Support,78,31,"April 19, 1995",United States,Virginia Tech,10,2017,186,Baltimore Ravens,87,89,67,84,82,82,94,93,92,30,11,15,10,10,15,15,68,62,57,20,10,10,15,61,44,52,83,55,46,48,61,10,76,38,49,53,78,80,72,74,84,65,35,35,65,35,35,35,35,20,25,25,35,2627,,https://www.maddenratings.com/chuck-clark
Detroit Lions,Derrick Moore,REDG,Right Edge,9,,77,23,"December 6, 2002",,Michigan,,,,,82,88,85,78,73,81,88,79,88,16,15,14,20,13,10,25,33,31,31,17,15,10,16,51,43,36,67,40,44,31,31,20,82,78,69,80,84,76,42,49,86,30,45,45,83,45,45,45,45,43,26,20,28,2517,,https://www.maddenratings.com/derrick-moore
Detroit Lions,Hogan Hatten,LS,Long Snapper,49,Accurate,77,26,"August 6, 2000",United States,Idaho,3,,,,78,83,68,79,57,84,92,79,88,29,10,6,6,6,6,6,59,45,46,39,35,29,24,54,25,45,70,52,44,42,55,18,75,58,48,65,70,43,48,55,79,53,45,47,72,40,35,50,43,56,17,20,35,2513,,https://www.maddenratings.com/hogan-hatten
Detroit Lions,D.J. Wonnum,REDG,Right Edge,98,,76,28,"October 31, 1997",United States,South Carolina,7,2020,117,Minnesota Vikings,81,80,82,75,81,80,91,84,89,18,13,6,6,6,6,6,48,31,22,13,6,3,16,46,22,39,66,40,38,29,34,12,84,75,68,78,81,79,45,53,80,31,45,45,80,45,45,45,45,13,17,15,10,2348,,https://www.maddenratings.com/dj-wonnum
Detroit Lions,Isiah Pacheco,HB,Halfback,10,Elusive Back,76,27,"March 2, 1999",United States,Rutgers,5,2022,251,Kansas City Chiefs,93,95,80,85,72,84,88,91,89,38,26,34,27,22,33,24,70,46,47,63,56,49,50,95,77,84,83,78,78,74,82,32,37,13,18,37,40,26,19,32,42,23,34,54,42,20,27,38,33,30,22,14,80,2726,,https://www.maddenratings.com/isaih-pacheco
Detroit Lions,Jake Bates,K,Kicker,39,Power,76,27,"March 3, 1999",United States,Arkansas,4,,,,72,74,35,61,59,60,89,82,61,32,15,28,22,13,20,20,31,12,10,10,10,10,12,32,18,10,51,20,10,10,10,12,26,10,10,10,25,15,10,10,24,10,20,20,15,15,15,15,15,15,97,86,10,1484,,https://www.maddenratings.com/jake-bates
Detroit Lions,Tate Ratledge,RG,Right Guard,69,Power,76,25,"April 26, 2001",United States,Georgia,2,2025,57,Detroit Lions,73,78,88,71,78,78,82,88,80,10,10,6,6,6,6,6,42,29,30,26,19,13,26,41,27,40,61,31,33,22,23,13,38,35,30,35,34,35,20,27,37,15,79,76,82,80,80,76,77,83,59,56,10,2306,,https://www.maddenratings.com/tate-ratledge
Detroit Lions,Roger McCreary,CB,Cornerback,21,Man to Man,76,26,"February 10, 2000",United States,Auburn,5,2022,35,Tennessee Titans,88,90,65,86,75,77,92,93,85,39,20,31,28,24,34,19,72,58,60,38,33,29,37,63,54,32,86,68,37,64,72,36,68,38,47,58,74,74,77,76,65,84,35,35,54,35,35,35,35,20,42,36,60,2868,,https://www.maddenratings.com/roger-mccreary
Detroit Lions,Tyleik Williams,DT,Defensive Tackle,91,,76,23,"February 25, 2003",United States,Ohio State,2,2025,28,Detroit Lions,75,78,91,68,74,82,86,70,87,18,13,15,10,7,11,14,28,20,20,18,14,10,18,39,26,32,60,26,35,20,24,18,79,72,69,82,77,73,13,19,76,18,45,45,87,45,45,45,45,27,18,18,26,2231,,https://www.maddenratings.com/tyleik-williams
Detroit Lions,Blake Miller,,,76,Power,75,22,"February 25, 2004",United States,Clemson,,2026,17,Detroit Lions,71,75,92,60,80,78,89,88,87,15,12,6,6,6,6,6,22,14,14,19,5,5,18,25,11,28,59,14,15,10,10,12,34,31,30,31,33,23,11,12,44,10,77,80,85,77,76,79,76,80,10,12,10,1979,,https://www.maddenratings.com/blake-miller
Detroit Lions,Cade Mays,C,Center,64,,74,27,"April 26, 1999",United States,Tennessee,5,2022,199,Carolina Panthers,64,68,82,60,77,66,86,82,87,20,10,6,6,6,6,6,21,15,12,15,5,5,15,19,7,20,54,11,18,10,10,10,21,21,15,24,22,22,10,10,23,10,77,81,83,75,79,81,81,80,11,10,10,1825,,https://www.maddenratings.com/cade-mays
Detroit Lions,Christian Izien,SS,Strong Safety,27,Hybrid,74,26,"June 8, 2000",United States,Rutgers,4,,,,92,90,52,85,75,95,93,86,85,25,22,26,25,22,22,29,68,63,56,48,45,39,32,57,44,31,83,62,33,63,70,12,66,34,44,46,79,77,71,73,77,64,30,30,45,30,30,30,30,15,12,11,64,2688,,https://www.maddenratings.com/christian-izien
Detroit Lions,Derrick Barnes,SAM,Sam Backer,55,Run Stopper,74,27,"May 29, 1999",United States,Purdue,6,2021,113,Detroit Lions,85,82,79,71,78,88,91,85,86,25,10,15,12,6,6,6,59,56,43,38,24,10,26,69,50,68,69,68,65,63,64,19,84,72,66,73,83,74,58,66,85,42,45,46,79,45,45,46,46,31,21,20,35,2778,,https://www.maddenratings.com/derrick-barnes
Detroit Lions,Levi Onwuzurike,DT,Defensive Tackle,95,,74,28,"March 2, 1998",United States,Washington,6,2021,41,Detroit Lions,78,81,87,73,74,74,83,78,89,25,14,6,6,6,6,6,28,16,20,15,8,4,13,32,21,29,63,41,30,23,29,12,83,68,76,76,77,72,21,30,79,19,45,45,83,45,45,45,45,17,15,10,40,2206,,https://www.maddenratings.com/levi-onwuzurike
Detroit Lions,Malcolm Rodriguez,WILL,Weak Backer,44,Run Stopper,74,27,"March 29, 1999",United States,Oklahoma St.,5,2022,188,Detroit Lions,86,89,80,78,68,93,92,85,87,45,39,47,44,40,44,46,58,37,34,20,10,6,15,58,47,39,76,66,35,44,52,51,84,48,53,72,86,69,53,62,81,36,45,45,86,45,45,45,45,27,20,19,10,2787,,https://www.maddenratings.com/malcolm-rodriguez
Detroit Lions,Avonte Maddox,FS,Free Safety,29,Hybrid,73,30,"March 31, 1996",United States,Pittsburgh,9,2018,125,Philadelphia Eagles,91,91,55,91,72,88,81,87,77,27,10,6,6,6,6,6,71,67,65,37,27,24,27,62,48,25,92,73,34,66,83,12,59,25,39,44,71,72,72,77,61,74,40,35,45,35,35,40,35,15,19,10,74,2590,,https://www.maddenratings.com/avonte-maddox
Detroit Lions,Isaac TeSlaa,WR,Wide Receiver,18,Slot,73,24,"February 20, 2002",United States,Arkansas,2,2025,70,Detroit Lions,91,91,65,88,75,92,87,80,85,69,37,48,48,47,46,32,83,86,83,74,75,69,72,69,69,54,89,77,48,67,73,32,28,31,35,41,43,29,23,30,43,21,48,23,39,29,28,21,12,25,18,32,81,2881,,https://www.maddenratings.com/isaac-teslaa
Detroit Lions,Greg Dortch,WR,Wide Receiver,8,,73,28,"May 29, 1998",United States,Wake Forest,9,,,,90,90,43,86,77,77,85,80,76,38,20,28,23,17,27,10,87,81,77,76,74,71,63,68,70,35,88,84,43,75,85,23,23,10,10,22,26,16,18,25,16,12,37,25,38,13,16,10,13,17,19,14,85,2432,,https://www.maddenratings.com/greg-dortch
Detroit Lions,Payton Turner,LEDG,Left Edge,92,Power Rusher,73,27,"January 7, 1999",United States,Houston,6,2021,28,New Orleans Saints,79,83,82,82,68,85,84,74,84,28,13,6,6,6,6,6,37,21,19,15,7,4,16,39,16,30,72,27,30,31,36,12,84,75,66,73,82,63,23,34,86,16,45,45,86,45,45,45,45,17,15,15,10,2219,,https://www.maddenratings.com/payton-turner
Detroit Lions,Ben Bartch,LG,Left Guard,78,Agile,72,28,"July 22, 1998",United States,St. John's,7,2020,116,Jacksonville Jaguars,67,60,85,68,75,70,86,86,92,25,5,6,6,6,6,6,54,44,40,40,33,24,34,56,40,46,51,33,27,30,36,12,29,15,10,15,22,15,12,15,35,10,76,72,83,74,78,71,74,84,37,27,10,2213,,https://www.maddenratings.com/ben-bartch
Detroit Lions,Christian Mahogany,LG,Left Guard,73,Power,72,25,"October 11, 2000",United States,Boston College,3,2024,210,Detroit Lions,68,76,89,60,65,79,87,85,93,26,8,7,6,5,5,7,28,22,21,15,11,9,14,21,23,31,63,24,25,16,22,9,27,34,23,32,25,24,8,9,38,10,77,74,85,78,77,75,73,82,19,12,10,2012,,https://www.maddenratings.com/christian-mahogany
Detroit Lions,Ennis Rakestraw Jr.,CB,Cornerback,2,Man to Man,72,24,"June 5, 2002",United States,Missouri,3,2024,61,Detroit Lions,89,93,57,87,69,85,82,87,79,26,10,21,14,11,6,7,58,54,51,16,14,10,25,53,65,32,85,66,40,68,72,18,66,29,37,45,68,70,74,72,61,69,35,35,44,27,25,21,23,15,11,10,55,2442,,https://www.maddenratings.com/ennis-rakestraw-jr
Detroit Lions,Tyler Conklin,TE,Tight End,83,Vertical Threat,72,31,"July 30, 1995",United States,Central Michigan,9,2018,157,Minnesota Vikings,83,83,66,77,74,88,94,91,84,30,14,20,15,10,10,10,87,82,81,66,58,54,67,74,70,74,75,73,61,62,67,18,28,20,18,24,26,12,15,17,27,10,63,59,66,58,61,58,56,50,19,17,10,2632,,https://www.maddenratings.com/tyler-conklin
Detroit Lions,Cedrick Wilson,WR,Wide Receiver,86,,71,30,"November 20, 1995",United States,Boise State,9,,,,87,88,51,84,70,88,88,84,81,69,42,55,50,46,54,38,84,84,82,74,73,73,69,71,70,29,81,83,50,70,84,28,28,10,10,24,34,19,16,22,18,10,39,29,43,28,22,27,23,19,16,11,78,2706,,https://www.maddenratings.com/cedrick-wilson
Detroit Lions,Damone Clark,MIKE,Mike Backer,11,Field General,71,26,"June 28, 2000",United States,LSU,5,2022,176,Dallas Cowboys,89,89,67,79,67,87,83,85,84,24,12,19,13,10,19,11,57,52,48,32,29,25,31,58,44,40,74,52,42,52,61,21,91,49,46,68,81,63,65,65,81,46,45,45,81,45,45,45,45,32,16,15,10,2635,,https://www.maddenratings.com/damone-clark
Detroit Lions,Rock Ya-Sin,CB,Cornerback,23,Man to Man,71,30,"May 23, 1996",United States,Temple,8,2019,34,Indianapolis Colts,89,87,68,84,67,93,89,88,87,27,10,6,6,6,6,6,69,63,59,22,12,10,17,59,55,25,83,64,29,63,71,13,52,24,36,51,75,63,77,75,55,83,35,35,52,35,35,35,35,10,20,18,58,2492,,https://www.maddenratings.com/rock-ya-sin
Detroit Lions,Kendrick Law,WR,Wide Receiver,88,,70,22,"June 13, 2004",,Kentucky,,,,,91,92,66,92,55,92,89,83,89,31,24,22,18,15,26,23,80,77,78,69,69,68,71,72,76,55,90,82,60,75,81,25,24,19,21,22,22,29,18,20,23,20,49,30,39,34,37,28,24,30,33,30,77,2665,,https://www.maddenratings.com/kendrick-law
Detroit Lions,Jimmy Rolder,WILL,Weak Backer,41,Run Stopper,70,22,"February 9, 2004",,Michigan,,,,,86,90,69,83,70,86,87,85,85,39,10,6,6,6,6,6,60,58,55,42,37,32,31,55,33,42,79,37,45,35,35,14,81,51,49,67,83,69,61,61,80,48,44,60,68,59,47,45,45,24,11,14,15,2592,,https://www.maddenratings.com/jimmy-rolder
Detroit Lions,Larry Borom,RT,Right Tackle,79,Pass Protector,70,27,"March 30, 1999",United States,Missouri,6,2021,151,Chicago Bears,66,67,83,50,82,76,89,86,86,25,14,6,6,6,6,6,24,12,10,10,5,5,12,26,5,26,38,10,25,10,10,12,28,10,10,28,16,10,12,15,31,10,71,76,83,68,73,79,74,75,21,12,10,1806,,https://www.maddenratings.com/larry-borom
Detroit Lions,Mekhi Wingo,DT,Defensive Tackle,94,,70,23,"April 17, 2003",United States,LSU,3,2024,189,Detroit Lions,77,86,79,73,66,77,86,86,89,27,16,6,6,6,6,6,45,39,36,10,3,2,12,40,10,50,66,15,47,10,10,12,83,72,67,76,79,64,15,20,82,10,45,45,86,45,45,45,45,20,35,25,10,2213,,https://www.maddenratings.com/mekhi-wingo
Detroit Lions,Thomas Harper,SS,Strong Safety,12,Hybrid,70,25,"November 5, 2000",United States,Notre Dame,3,,,,89,94,60,80,65,91,77,89,84,25,22,20,15,10,27,16,57,61,64,22,18,15,20,59,52,42,81,69,42,60,67,22,68,36,42,44,73,64,73,71,55,66,35,35,47,35,35,35,35,21,20,15,45,2565,,https://www.maddenratings.com/thomas-harper
Detroit Lions,Tyre West,LEDG,Left Edge,52,,70,23,"January 18, 2003",,Tennessee,,,,,78,82,83,71,63,80,91,74,85,21,15,17,18,10,18,27,35,31,31,17,15,10,16,50,46,39,53,49,46,31,31,20,82,69,62,79,80,63,17,23,84,27,45,45,81,45,45,45,45,49,27,20,28,2414,,https://www.maddenratings.com/tyre-west
Detroit Lions,Chris Smith,DT,Defensive Tackle,90,,69,26,"December 15, 1999",United States,Notre Dame,4,,,,70,74,92,75,54,76,88,74,82,16,18,6,6,6,6,6,34,18,20,10,5,5,15,28,23,56,61,35,49,20,25,12,83,72,58,74,76,54,19,27,79,15,45,45,82,45,45,45,45,35,30,26,10,2175,,https://www.maddenratings.com/chris-smith
Detroit Lions,Juice Scruggs,C,Center,70,Agile,69,26,"January 19, 2000",United States,Penn State,4,2023,62,Houston Texans,65,74,87,60,75,78,85,84,88,17,15,6,6,6,6,6,36,15,15,15,7,5,14,31,15,25,58,10,30,10,10,16,48,51,39,46,47,45,10,10,52,10,71,76,85,69,73,77,75,81,28,24,10,2097,,https://www.maddenratings.com/juice-scruggs
Detroit Lions,Miles Frazier,RG,Right Guard,71,Power,69,24,"September 12, 2001",United States,LSU,2,2025,171,Detroit Lions,64,71,89,59,70,58,91,90,88,21,13,6,6,6,6,6,43,46,43,34,30,26,28,37,30,28,53,29,38,24,24,15,28,42,38,42,28,29,22,24,36,10,72,71,83,73,70,72,69,80,16,14,10,2201,,https://www.maddenratings.com/miles-frazier
Detroit Lions,Ahmed Hassanein,REDG,Right Edge,99,Power Rusher,68,24,"July 9, 2002",United States,Boise State,2,2025,196,Detroit Lions,80,81,83,76,72,79,93,84,94,25,12,14,8,7,15,10,36,23,24,15,10,7,15,43,22,27,67,29,40,27,32,17,73,71,69,71,75,71,24,31,76,26,45,45,79,45,45,45,45,29,23,18,30,2303,,https://www.maddenratings.com/ahmed-hassanein
Detroit Lions,Jay Tufele,DT,Defensive Tackle,57,,68,27,"July 25, 1999",United States,USC,6,2021,106,Jacksonville Jaguars,70,73,88,57,63,76,86,72,91,23,17,6,6,6,6,6,25,19,18,10,7,3,15,27,21,33,51,22,29,21,22,12,83,63,67,71,78,63,16,21,80,17,45,45,87,45,45,45,45,32,17,12,30,2088,,https://www.maddenratings.com/jay-tufele
Detroit Lions,Keith Abney II,CB,Cornerback,28,Zone,68,21,"January 11, 2005",,Arizona St.,,,,,91,91,57,86,64,89,86,87,82,26,10,6,6,6,6,6,65,64,65,39,38,33,39,59,57,36,81,65,33,63,71,18,56,37,35,45,68,65,71,72,60,65,35,35,44,35,35,35,35,16,17,15,57,2558,,https://www.maddenratings.com/keith-abney-ii
Detroit Lions,Tom Kennedy,WR,Wide Receiver,85,,68,30,"July 29, 1996",United States,Bryant,9,,,,86,89,64,88,70,86,87,80,81,47,28,42,34,29,45,18,83,76,75,70,69,72,66,69,72,40,85,79,52,73,78,22,33,11,11,37,39,20,15,20,24,16,45,36,42,25,20,21,19,22,22,18,77,2628,,https://www.maddenratings.com/tom-kennedy
Detroit Lions,Sione Vaki,HB,Halfback,33,Elusive Back,68,25,"July 30, 2001",United States,Utah,3,2024,132,Detroit Lions,89,91,74,83,69,89,91,80,90,48,27,47,42,35,44,26,69,55,53,64,56,49,58,84,75,77,82,76,72,76,81,51,69,43,52,61,77,64,57,70,78,59,42,53,65,38,35,39,36,45,35,33,77,3231,,https://www.maddenratings.com/sione-vaki
Detroit Lions,Dominic Lovett,WR,Wide Receiver,19,Deep Threat,67,23,"November 8, 2002",United States,Georgia,2,2025,244,Detroit Lions,92,92,62,80,66,81,87,83,82,12,24,12,10,10,15,22,82,76,76,69,68,69,70,73,71,55,84,78,47,68,72,31,33,21,24,28,27,44,67,50,23,30,38,24,31,17,17,21,15,24,21,21,64,2559,,https://www.maddenratings.com/dominic-lovett
Detroit Lions,Giovanni Manu,LT,Left Tackle,59,Power,67,25,"January 26, 2001",United States,UBC,3,2024,126,Detroit Lions,70,75,86,50,49,81,88,79,87,29,15,15,12,9,6,6,37,35,39,24,23,22,28,44,37,45,52,38,51,21,23,17,43,41,23,39,42,16,7,7,49,8,76,69,82,77,75,74,65,84,21,15,10,2216,,https://www.maddenratings.com/giovanni-manu
Detroit Lions,Joe Bachie Jr,WILL,Weak Backer,35,Run Stopper,67,28,"February 26, 1998",United States,Michigan St.,7,,,,81,86,76,78,64,81,84,85,90,22,15,6,6,6,6,6,60,41,38,37,34,27,32,61,39,48,69,54,50,46,59,12,82,55,48,67,78,67,52,62,81,51,48,47,80,45,45,45,45,21,16,20,10,2564,,https://www.maddenratings.com/joe-bachie-jr
Detroit Lions,Teddy Bridgewater,QB,Quarterback,5,,67,33,"November 10, 1992",United States,Louisville,13,,,,80,82,52,83,71,79,85,81,93,85,79,82,77,74,81,81,52,34,38,32,22,12,37,67,68,34,79,78,48,70,67,77,29,10,10,25,20,15,15,20,12,10,15,15,30,30,20,25,15,20,25,25,10,2476,,https://www.maddenratings.com/teddy-bridgewater
Detroit Lions,Dan Jackson,SS,Strong Safety,17,Zone,66,25,"November 30, 2000",United States,Georgia,2,2025,230,Detroit Lions,91,93,62,80,62,82,87,85,86,24,12,6,6,6,6,6,64,58,54,29,22,18,26,64,53,46,83,66,45,58,65,14,63,34,33,52,78,58,64,68,77,65,35,35,55,35,35,35,35,25,19,15,42,2517,,https://www.maddenratings.com/dan-jackson
Detroit Lions,Nick Whiteside,CB,Cornerback,38,Zone,66,26,"May 1, 2000",United States,Saginaw Valley,2,,,,89,90,54,81,63,75,88,87,83,25,10,6,6,6,6,6,67,66,57,25,19,13,23,58,51,28,83,64,33,62,71,14,52,25,31,42,69,61,67,74,57,69,35,33,50,35,35,35,30,15,15,15,49,2403,,https://www.maddenratings.com/nick-whiteside
Detroit Lions,Jacob Saylors,HB,Halfback,25,Elusive Back,66,26,"March 8, 2000",United States,E. Tenn. St.,2,,,,88,90,73,77,73,80,88,86,87,36,19,18,15,10,27,19,67,50,48,61,53,44,47,87,78,75,77,77,71,72,79,29,34,10,20,33,36,20,22,25,25,20,39,49,34,28,27,30,26,33,15,10,80,2517,,https://www.maddenratings.com/jacob-saylors
Detroit Lions,Tyler Lacy,LEDG,Left Edge,93,,66,26,"November 10, 1999",United States,Oklahoma St.,4,2023,130,Jacksonville Jaguars,69,81,86,65,64,71,88,72,87,21,16,6,6,6,6,6,37,34,33,25,15,10,15,41,23,39,58,23,45,36,40,11,81,67,61,73,74,63,24,30,81,32,45,40,85,45,45,40,40,35,10,9,10,2225,,https://www.maddenratings.com/tyler-lacy
Detroit Lions,Brock Wright,TE,Tight End,89,Possession,65,27,"November 27, 1998",United States,Notre Dame,6,,,,85,88,79,72,74,78,84,84,83,26,10,15,10,6,10,6,79,76,75,64,58,53,60,73,45,55,72,59,51,48,58,13,43,10,10,35,34,16,11,14,26,13,59,58,68,60,56,58,56,56,22,21,10,2485,,https://www.maddenratings.com/brock-wright
Detroit Lions,Luke Altmyer,QB,Quarterback,2,,65,23,"October 22, 2002",,Illinois,,,,,82,86,61,82,37,78,93,93,94,88,83,82,77,76,80,79,56,32,29,44,24,26,16,53,69,61,77,84,42,49,63,81,23,25,26,22,35,66,23,24,23,21,34,41,34,30,31,28,29,36,19,17,22,2686,,https://www.maddenratings.com/luke-altmyer
Detroit Lions,Skyler Gill-Howard,DT,Defensive Tackle,50,,65,23,"October 13, 2002",,Texas Tech,,,,,70,70,81,67,65,75,85,75,89,13,10,6,6,6,6,6,50,28,24,17,15,2,27,52,14,44,56,24,34,26,26,12,79,71,68,74,76,62,27,22,77,28,45,45,86,45,45,45,45,25,13,14,10,2183,,https://www.maddenratings.com/skyler-gill-howard
Detroit Lions,Colby Sorsdal,LG,Left Guard,75,Agile,64,26,"March 1, 2000",United States,William Mary,4,2023,152,Detroit Lions,67,66,80,59,71,69,89,83,81,10,10,6,6,6,6,6,34,15,15,15,10,5,15,41,5,15,57,10,10,10,10,12,31,10,10,25,33,15,11,12,35,9,71,65,68,67,75,63,67,83,11,11,10,1776,,https://www.maddenratings.com/colby-sorsdal
Detroit Lions,Khalil Dorsey,CB,Cornerback,30,Man to Man,64,28,"March 31, 1998",United States,N. Arizona,7,,,,91,91,51,87,59,84,84,87,83,35,15,6,6,6,6,6,64,63,59,34,32,37,26,60,52,19,85,70,33,64,75,10,60,32,35,54,74,56,64,61,68,67,35,35,50,35,35,35,35,17,14,13,65,2520,,https://www.maddenratings.com/khalil-dorsey
Detroit Lions,Loren Strickland,SS,Strong Safety,24,Zone,64,26,"May 31, 2000",United States,Ball State,3,,,,87,90,62,85,63,86,88,86,84,25,19,6,6,6,6,6,65,62,59,25,17,10,21,58,32,29,77,62,30,64,68,10,63,37,46,54,75,61,61,66,73,66,35,35,56,35,35,35,35,19,17,12,36,2446,,https://www.maddenratings.com/loren-strickland
Detroit Lions,Myles Adams,DT,Defensive Tackle,96,,64,28,"March 9, 1998",United States,Rice,7,,,,65,74,80,64,70,71,87,71,75,25,14,6,6,6,6,6,29,16,20,15,8,4,20,34,22,27,56,24,32,22,24,12,75,73,62,71,78,68,18,23,79,14,45,45,80,45,45,45,45,29,15,10,10,2066,,https://www.maddenratings.com/myles-adams
Detroit Lions,Seth McLaughlin,C,Center,65,Power,64,24,"August 27, 2001",United States,Ohio State,2,,,,63,68,89,62,64,69,85,83,84,15,13,6,6,6,6,6,24,15,13,14,5,5,12,24,9,27,58,13,15,10,10,15,24,16,10,24,25,14,11,12,26,10,71,70,83,71,69,70,68,80,15,14,10,1787,,https://www.maddenratings.com/seth-mclaughlin
Detroit Lions,Trevor Nowaske,SAM,Sam Backer,53,Run Stopper,64,27,"November 7, 1998",United States,Saginaw Valley,4,,,,88,89,74,86,59,83,91,79,77,24,14,19,16,12,14,15,62,53,46,18,9,5,12,48,34,47,81,39,52,44,48,11,74,62,53,64,80,58,50,55,86,45,35,35,67,35,35,35,35,25,22,21,10,2431,,https://www.maddenratings.com/trevor-nowaske
Detroit Lions,Malik Cunningham,WR,Wide Receiver,15,,61,27,"October 6, 1998",United States,Louisville,4,,,,88,90,63,90,53,82,91,82,92,87,75,74,73,69,77,82,76,72,70,60,56,54,56,67,76,45,85,86,47,76,76,75,29,10,10,19,27,15,10,12,22,10,32,21,27,7,7,10,10,21,17,11,45,2717,,https://www.maddenratings.com/malik-cunningham
Detroit Lions,Michael Niese,C,Center,62,Agile,61,28,"January 13, 1998",United States,Temple,4,,,,70,84,82,68,64,73,89,81,86,16,5,8,7,6,6,5,25,25,21,25,15,7,15,36,11,26,61,17,28,13,26,12,33,30,20,34,35,25,12,12,36,10,69,68,77,65,70,65,69,80,15,10,5,1953,,https://www.maddenratings.com/michael-niese
Detroit Lions,Devin Cochran,RT,Right Tackle,77,Power,59,28,"July 17, 1998",United States,Georgia Tech,5,,,,68,73,83,60,64,74,88,78,79,16,10,6,6,6,6,6,24,22,21,15,12,10,11,35,19,21,52,14,20,10,10,15,32,33,28,42,34,32,10,10,35,10,65,63,81,66,64,65,59,75,18,14,10,1880,,https://www.maddenratings.com/devin-cochran
Green Bay Packers,Micah Parsons,REDG,Right Edge,1,Smaller Speed Rusher,98,27,"May 26, 1999",United States,Penn State,6,2021,12,Dallas Cowboys,89,94,91,89,98,85,92,86,87,30,15,6,6,6,6,6,62,47,44,40,36,31,36,69,57,62,76,71,58,61,71,12,89,92,97,80,94,96,59,64,84,57,45,45,84,45,45,45,45,20,20,20,60,3005,"Dual Threat The most devastating defensive players often excel via versatility. When they enter the zone, they have an increased chance of defeating pass blocks, and knocking catches loose. Secure Tackler Defenders with this ability have an increased chance to avoid fakeouts. Edge Threat Defenders with this ability are slightly more likely to use faster, more dominant pass rush moves while rushing from the edge of the defense, and have more favorable disengage angles. Out My Way Defenders with this ability will have a slightly increased chance to win impact blocks against receivers. Recuperation Players with this ability will recover from the effects of Wear and Tear and fatigue at a slightly increased rate between plays. Quick Jump Players with this ability have a slightly reduced stamina cost and slightly longer perfect window for jumping snaps.",https://www.maddenratings.com/micah-parsons
Green Bay Packers,Josh Jacobs,HB,Halfback,8,Power Back,91,28,"February 11, 1998",United States,Alabama,8,2019,24,Las Vegas Raiders,90,89,83,85,91,84,93,92,95,36,19,37,31,23,27,19,72,55,53,62,55,41,51,94,94,90,83,94,91,80,88,39,34,10,10,28,36,20,22,30,25,20,39,56,54,33,27,40,36,38,15,10,77,2796,Bruiser Ballcarriers with this ability have more powerful truck and stiff arm animations and a larger timing window for perfect attempts. Steamroller Ballcarriers with this ability retain more of their forward momentum during tackles while travelling at high speeds.,https://www.maddenratings.com/josh-jacobs
Green Bay Packers,Zach Tom,RT,Right Tackle,50,,87,27,"March 26, 1999",United States,Wake Forest,5,2022,140,Green Bay Packers,74,83,81,73,90,80,92,87,75,19,11,6,6,6,6,6,26,23,19,15,10,5,15,24,20,23,59,24,21,10,10,13,28,12,10,28,27,25,9,9,24,10,87,89,82,82,90,83,93,85,13,14,10,2022,,https://www.maddenratings.com/zach-tom
Green Bay Packers,Jordan Love,QB,Quarterback,10,Field General,86,27,"November 2, 1998",United States,Utah State,7,2020,26,Green Bay Packers,85,86,62,77,87,85,89,90,89,92,87,90,92,86,89,85,21,16,15,15,14,13,14,67,53,51,71,77,61,49,65,77,26,10,10,26,31,16,16,20,23,12,19,18,21,18,15,15,17,16,42,27,12,2460,Gift-Wrapped Passers with this ability have a better chance to complete passes to uncovered halfbacks. Sideline Deadeye Passers with this ability have elite accuracy on all unpressured throws outside the numbers (except on high throws).,https://www.maddenratings.com/jordan-love
Green Bay Packers,Tucker Kraft,TE,Tight End,85,Vertical Threat,85,25,"November 3, 2000",United States,S. Dakota St.,4,2023,78,Green Bay Packers,88,89,76,82,90,82,83,86,82,52,38,44,39,35,43,44,91,78,77,79,74,67,72,72,77,75,76,89,75,64,72,41,53,35,41,49,53,37,26,35,52,27,63,62,68,63,59,62,58,59,29,18,10,3191,,https://www.maddenratings.com/tucker-kraft
Green Bay Packers,Javon Hargrave,DT,Defensive Tackle,98,Speed Rusher,80,33,"February 7, 1993",United States,S.C. State,11,2016,89,Pittsburgh Steelers,74,77,87,66,86,83,91,84,88,23,11,6,6,6,6,6,28,16,14,13,5,3,15,30,10,29,53,18,25,17,16,12,86,74,86,77,82,83,18,26,80,13,45,44,81,46,45,44,45,32,17,17,9,2154,,https://www.maddenratings.com/javon-hargrave
Green Bay Packers,Edgerrin Cooper,WILL,Weak Backer,56,Pass Coverage,80,24,"November 17, 2001",United States,Texas AM,3,2024,45,Green Bay Packers,89,92,72,80,78,83,92,90,87,22,38,26,22,20,27,18,70,59,61,35,30,21,26,65,51,53,78,64,57,64,68,23,85,55,66,71,86,77,73,76,83,67,45,40,75,44,44,35,36,37,21,19,45,2941,,https://www.maddenratings.com/edgerrin-cooper
Green Bay Packers,Jayden Reed,WR,Wide Receiver,11,,80,26,"April 28, 2000",United States,Michigan St.,4,2023,50,Green Bay Packers,94,94,58,89,76,83,86,88,86,52,32,39,35,31,39,26,81,83,84,83,82,82,73,72,75,36,91,89,48,78,86,28,31,14,25,26,49,30,29,35,18,26,46,22,41,17,26,13,18,21,19,14,82,2781,,https://www.maddenratings.com/jayden-reed
Green Bay Packers,Zaire Franklin,MIKE,Mike Backer,44,,79,30,"July 2, 1996",United States,Syracuse,9,2018,235,Indianapolis Colts,84,89,80,79,81,88,93,95,89,22,12,6,6,6,6,6,61,43,48,10,6,5,20,52,21,37,72,41,34,36,48,12,86,55,64,68,90,82,56,67,82,43,45,45,81,45,45,45,45,19,20,20,10,2501,,https://www.maddenratings.com/zaire-franklin
Green Bay Packers,Christian Watson,WR,Wide Receiver,9,Deep Threat,78,27,"May 12, 1999",United States,North Dakota St.,5,2022,34,Green Bay Packers,96,94,65,84,81,91,84,80,78,26,17,20,15,10,12,10,87,84,85,76,78,80,69,74,74,47,85,85,54,71,80,18,27,10,10,26,31,17,11,18,20,15,45,30,42,20,25,25,20,25,14,17,75,2533,,https://www.maddenratings.com/christian-watson
Green Bay Packers,Isaiah McDuffie,SAM,Sam Backer,58,Run Stopper,78,27,"July 21, 1999",United States,Boston College,6,2021,220,Green Bay Packers,88,88,73,75,76,79,87,79,78,24,13,21,12,9,17,6,60,39,41,33,29,24,35,74,54,71,69,73,68,60,68,22,90,48,52,74,87,76,70,69,79,42,45,45,71,45,45,45,45,29,14,12,10,2738,,https://www.maddenratings.com/isaiah-mcduffie
Green Bay Packers,Devonte Wyatt,DT,Defensive Tackle,95,Speed Rusher,78,28,"March 31, 1998",United States,Georgia,5,2022,28,Green Bay Packers,80,87,86,69,84,72,91,79,85,25,10,5,5,5,5,5,41,34,38,27,24,19,22,39,25,50,60,31,34,20,23,12,79,72,80,78,81,81,24,29,83,15,45,45,89,45,45,45,45,32,26,21,12,2364,Quick Jump Players with this ability have a slightly reduced stamina cost and slightly longer perfect window for jumping snaps.,https://www.maddenratings.com/devonte-wyatt
Green Bay Packers,Keisean Nixon,CB,Cornerback,25,Zone,78,29,"June 22, 1997",United States,South Carolina,8,,,,92,91,54,80,81,79,86,91,84,29,10,6,6,6,6,6,72,68,55,30,20,12,30,59,52,45,77,72,35,65,70,10,76,36,45,55,78,80,75,78,64,75,35,35,50,35,35,35,35,18,16,14,84,2633,,https://www.maddenratings.com/keisean-nixon
Green Bay Packers,Matthew Golden,,,,Deep Threat,78,23,"August 1, 2003",United States,Texas,2,2025,23,Green Bay Packers,95,97,61,92,75,85,89,89,86,52,31,38,31,30,32,26,84,80,79,79,77,81,75,74,73,40,91,82,42,78,82,25,24,24,28,35,36,32,31,26,30,24,51,24,47,21,23,22,15,33,30,24,83,2814,,https://www.maddenratings.com/matthew-golden
Green Bay Packers,Benjamin St-Juste,CB,Cornerback,21,Zone,77,28,"September 8, 1997",Canada,Minnesota,6,2021,74,Washington Commanders,90,90,60,91,77,83,87,88,74,21,11,6,6,6,6,6,63,65,53,21,17,10,22,56,45,35,89,59,42,63,69,10,66,29,33,51,72,76,73,79,56,84,35,35,45,35,35,35,35,18,18,13,35,2479,,https://www.maddenratings.com/benjamin-st-juste
Green Bay Packers,Carrington Valentine,CB,Cornerback,24,Man to Man,77,24,"September 9, 2001",United States,Kentucky,4,2023,232,Green Bay Packers,91,94,49,88,77,92,92,87,76,27,11,23,16,13,15,13,61,61,49,21,11,10,40,55,56,32,89,63,44,65,75,21,53,30,35,38,68,75,76,77,55,74,35,25,38,35,35,25,25,15,17,15,59,2522,,https://www.maddenratings.com/carrington-valentine
Green Bay Packers,Evan Williams,FS,Free Safety,33,Run Support,76,25,"July 28, 2001",United States,Oregon,3,2024,111,Green Bay Packers,86,90,62,81,74,94,90,85,88,25,16,15,10,10,15,15,68,64,56,25,23,18,30,61,63,51,85,65,46,65,70,15,74,45,54,61,80,76,74,75,80,66,30,25,63,30,30,25,22,35,25,23,50,2704,,https://www.maddenratings.com/evan-williams
Green Bay Packers,Javon Bullard,SS,Strong Safety,7,Zone,76,23,"September 5, 2002",United States,Georgia,3,2024,58,Green Bay Packers,89,91,70,85,76,80,92,87,85,30,17,15,10,10,15,15,71,67,61,32,26,23,31,61,68,44,89,69,44,65,72,15,72,33,37,55,76,73,70,77,87,73,35,30,59,33,31,28,25,24,25,25,55,2728,,https://www.maddenratings.com/javon-bullard
Green Bay Packers,Lukas Van Ness,LEDG,Left Edge,90,Power Rusher,76,25,"July 6, 2001",United States,Iowa,4,2023,13,Green Bay Packers,86,91,81,83,72,76,91,76,90,31,12,25,20,16,10,12,42,35,35,13,6,5,17,44,23,45,73,35,50,33,41,21,82,77,64,77,83,68,35,41,88,28,40,35,78,40,40,35,35,25,23,21,10,2415,,https://www.maddenratings.com/lukas-van-ness
Green Bay Packers,Trey Smack,K,Kicker,28,Power,75,23,"July 12, 2003",,Florida,,,,,73,80,43,61,60,60,87,81,56,25,17,32,29,27,17,17,33,15,10,10,10,10,12,36,10,16,51,21,15,25,22,15,20,10,10,15,28,10,18,12,18,10,15,10,11,10,10,13,12,10,94,84,10,1506,,https://www.maddenratings.com/trey-smack
Green Bay Packers,Daniel Whelan,P,Punter,19,Power,74,27,"February 10, 1999",Ireland,California-Davis,4,,,,77,78,57,57,57,75,88,81,70,42,22,38,32,24,21,25,23,15,14,15,14,10,12,26,9,12,50,14,10,10,10,16,28,10,10,15,25,15,10,12,26,10,20,20,22,15,15,15,15,14,94,82,10,1587,,https://www.maddenratings.com/daniel-whelan
Green Bay Packers,Dani Dennis-Sutton,LEDG,Left Edge,51,,74,22,"December 23, 2003",,Penn State,,,,,84,87,83,83,73,93,95,83,92,36,24,22,23,13,18,21,59,48,48,18,15,10,16,60,43,36,72,44,41,36,43,20,80,74,70,79,80,70,33,44,85,45,45,45,80,45,45,45,45,27,27,20,29,2652,,https://www.maddenratings.com/dani-dennis-sutton
Green Bay Packers,Aaron Banks,LG,Left Guard,65,Power,73,28,"September 3, 1997",United States,Notre Dame,6,2021,48,San Francisco 49ers,60,57,87,59,83,76,85,85,85,25,14,6,6,6,6,6,30,12,10,10,5,5,12,31,5,23,50,10,25,10,10,12,25,10,10,15,25,10,12,15,29,10,76,74,82,76,76,76,72,80,19,22,10,1830,,https://www.maddenratings.com/aaron-banks
Green Bay Packers,Chris McClellan,DT,Defensive Tackle,55,,73,22,"October 17, 2003",,Missouri,,,,,71,70,87,61,75,73,89,75,85,29,10,6,6,6,6,6,46,36,36,16,14,3,24,45,11,31,55,36,33,36,36,12,83,74,70,77,78,73,27,25,81,22,45,45,82,45,45,45,45,27,15,24,10,2263,,https://www.maddenratings.com/chris-mcclellan
Green Bay Packers,Anthony Belton,RG,Right Guard,71,Power,72,25,"February 23, 2001",United States,N.C. State,2,2025,54,Green Bay Packers,64,68,86,59,74,74,90,87,90,15,11,6,9,6,6,6,22,21,15,16,5,5,16,24,11,31,55,22,33,23,14,12,31,39,32,44,30,12,13,15,39,10,74,74,84,75,73,77,73,82,11,15,23,2002,,https://www.maddenratings.com/anthony-belton
Green Bay Packers,Bo Melton,WR,Wide Receiver,16,,72,27,"May 18, 1999",United States,Rutgers,5,,,,94,93,65,89,63,88,87,82,80,32,24,20,15,10,25,15,81,80,78,73,72,74,69,68,75,60,90,78,63,71,79,29,55,25,30,42,61,60,64,69,53,63,50,28,49,27,33,24,20,33,20,20,74,2922,,https://www.maddenratings.com/bo-melton
Green Bay Packers,Brandon Cisse,CB,Cornerback,2,Man to Man,72,21,"July 3, 2005",,South Carolina,,,,,92,93,59,86,72,94,88,87,86,29,10,6,6,6,6,6,71,61,66,46,41,36,47,62,57,37,83,69,34,65,70,17,66,30,44,55,74,71,68,67,62,69,35,35,46,35,35,35,35,18,18,16,52,2654,,https://www.maddenratings.com/brandon-cisse
Green Bay Packers,Jordan Morgan,LT,Left Tackle,77,,72,25,"August 4, 2001",United States,Arizona,3,2024,25,Green Bay Packers,71,80,87,62,76,70,88,86,83,23,7,21,15,11,8,9,27,15,15,15,13,9,15,40,18,29,56,19,27,15,21,13,35,25,21,31,22,29,16,18,37,10,75,78,85,73,77,80,76,83,19,12,10,2056,,https://www.maddenratings.com/jordan-morgan
Green Bay Packers,MarShawn Lloyd,HB,Halfback,32,Elusive Back,72,25,"January 5, 2001",United States,USC,3,2024,88,Green Bay Packers,90,92,73,88,73,86,78,85,78,26,17,22,16,12,17,16,63,49,50,60,55,52,50,81,79,71,87,77,77,79,79,22,30,10,10,25,33,16,10,17,24,14,29,53,32,23,18,32,29,27,18,12,55,2417,,https://www.maddenratings.com/marshawn-lloyd
Green Bay Packers,Skyy Moore,WR,Wide Receiver,23,,72,25,"September 10, 2000",United States,W. Michigan,5,2022,54,Kansas City Chiefs,88,95,69,86,68,86,85,85,80,55,32,42,35,34,42,30,83,78,76,73,71,73,76,79,77,60,89,85,57,74,83,32,30,10,10,31,34,28,25,32,27,24,44,31,41,25,31,20,23,25,20,18,83,2790,,https://www.maddenratings.com/skyy-moore
Green Bay Packers,Barryn Sorrell,REDG,Right Edge,99,Power Rusher,70,23,"December 22, 2002",United States,Texas,2,2025,124,Green Bay Packers,83,85,82,80,71,82,90,87,91,13,12,15,10,7,18,15,47,45,43,37,32,27,34,47,28,28,73,36,36,29,32,17,75,71,67,73,76,69,36,46,79,32,45,45,79,45,45,45,45,26,24,19,31,2505,,https://www.maddenratings.com/barryn-sorrell
Green Bay Packers,Collin Oliver,REDG,Right Edge,45,Smaller Speed Rusher,70,23,"September 23, 2002",United States,Oklahoma St.,2,2025,159,Green Bay Packers,87,91,77,82,66,91,85,78,83,29,26,22,13,15,17,19,50,42,41,34,29,26,32,49,33,41,75,49,43,42,47,30,73,69,72,77,75,64,51,58,75,42,45,45,78,45,45,45,45,38,25,24,33,2668,,https://www.maddenratings.com/collin-oliver
Green Bay Packers,Damien Martinez,HB,Halfback,26,Power Back,70,22,"January 31, 2004",United States,Miami,2,2025,223,Seattle Seahawks,89,91,74,78,68,82,90,85,90,26,34,16,23,19,23,31,64,52,56,55,51,46,45,92,81,83,74,79,80,75,78,25,41,32,24,37,41,33,24,29,38,24,42,46,49,36,32,45,41,41,31,32,66,2739,,https://www.maddenratings.com/damien-martinez
Green Bay Packers,Jaden Crumedy,DT,Defensive Tackle,63,,70,26,"July 30, 2000",United States,Mississippi St.,3,2024,200,Carolina Panthers,73,81,84,61,61,73,85,84,86,23,10,6,6,6,6,6,34,28,26,13,5,3,15,37,13,32,59,24,35,17,21,12,82,68,69,77,77,63,29,45,82,13,45,44,86,45,45,44,45,20,17,17,9,2147,,https://www.maddenratings.com/jaden-crumedy
Green Bay Packers,Karl Brooks,DT,Defensive Tackle,94,,70,26,"May 8, 2000",United States,Bowling Green St.,4,2023,179,Green Bay Packers,70,79,84,67,74,73,93,75,79,23,14,8,7,6,6,7,44,37,38,12,6,5,11,41,14,26,47,19,24,23,26,15,77,75,66,75,73,73,22,30,86,27,45,45,84,45,45,45,45,28,10,9,10,2168,,https://www.maddenratings.com/karl-brooks
Green Bay Packers,Luke Musgrave,TE,Tight End,88,Vertical Threat,70,25,"September 2, 2000",United States,Oregon State,4,2023,42,Green Bay Packers,89,90,75,82,65,86,86,82,86,23,15,15,10,6,10,6,85,77,74,66,62,64,62,73,56,63,71,66,60,50,58,13,60,43,47,50,46,38,14,23,50,24,61,58,67,59,61,58,54,58,18,14,15,2744,,https://www.maddenratings.com/luke-musgrave
Green Bay Packers,Savion Williams,WR,Wide Receiver,83,,70,24,"November 22, 2001",United States,TCU,2,2025,87,Green Bay Packers,90,90,71,86,75,89,88,89,82,55,39,47,48,49,50,41,79,82,83,69,68,66,69,75,75,59,84,85,57,72,78,44,26,33,36,42,41,29,35,37,40,22,45,24,41,30,29,21,14,27,26,32,73,2937,,https://www.maddenratings.com/savion-williams
Green Bay Packers,Sean Rhyan,C,Center,75,Power,70,25,"September 15, 2000",United States,UCLA,5,2022,92,Green Bay Packers,63,72,84,65,76,83,86,79,82,28,5,21,15,12,7,5,35,28,30,18,14,10,15,45,27,31,58,31,39,15,14,19,43,10,10,25,35,21,10,10,42,10,75,73,87,74,76,76,71,76,26,22,10,2094,,https://www.maddenratings.com/sean-rhyan
Green Bay Packers,Jager Burton,RG,Right Guard,52,Agile,69,23,"August 24, 2002",,Kentucky,,,,,72,74,86,63,70,70,92,88,88,16,6,6,6,6,6,6,31,15,15,10,5,5,14,33,10,35,63,17,23,10,19,12,44,36,33,43,40,38,16,15,42,10,74,75,79,73,73,74,74,78,15,15,10,2029,,https://www.maddenratings.com/jager-burton
Green Bay Packers,Josh Whyle,TE,Tight End,81,Vertical Threat,69,26,"September 8, 1999",United States,Cincinnati,4,2023,147,Tennessee Titans,83,85,71,83,70,85,84,84,81,30,15,15,10,6,10,6,84,78,75,65,61,52,61,71,60,66,71,77,61,62,71,13,37,10,10,41,43,18,10,15,38,17,62,60,66,56,60,57,60,55,18,14,15,2608,,https://www.maddenratings.com/josh-whyle
Green Bay Packers,Tyrod Taylor,QB,Quarterback,6,,69,37,"August 3, 1989",United States,Virginia Tech,16,2011,180,Baltimore Ravens,85,85,57,86,68,85,82,75,80,87,79,83,79,76,80,77,63,55,54,35,24,15,33,66,71,42,82,84,58,69,72,76,37,10,10,25,35,20,18,25,12,15,20,23,34,15,15,18,20,25,19,17,15,2591,,https://www.maddenratings.com/tyrod-taylor
Green Bay Packers,Brenden Rice,WR,Wide Receiver,89,,68,24,"March 18, 2002",United States,USC,3,2024,225,Los Angeles Chargers,89,90,61,84,60,87,90,83,86,38,27,25,20,15,25,20,79,81,79,77,76,72,70,71,73,44,78,80,53,68,76,25,20,11,13,20,36,22,21,16,27,21,46,27,41,20,26,21,19,30,23,17,80,2559,,https://www.maddenratings.com/brenden-rice
Green Bay Packers,Chris Brooks,HB,Halfback,30,Elusive Back,68,26,"January 11, 2000",United States,BYU,4,,,,89,88,71,81,69,86,90,85,88,32,18,20,15,10,10,16,65,49,47,56,50,43,48,92,78,78,78,78,74,72,80,28,28,14,10,31,35,17,12,18,25,19,39,55,41,24,29,40,37,36,20,22,42,2478,,https://www.maddenratings.com/chris-brooks
Green Bay Packers,Darian Kinnard,RT,Right Tackle,70,Power,68,26,"December 29, 1999",United States,Kentucky,5,,,,61,71,86,49,60,64,91,80,86,21,8,6,6,6,6,6,23,12,15,10,5,5,12,24,17,31,48,12,28,12,13,15,32,19,12,29,19,10,8,8,37,10,78,69,87,79,77,72,65,71,14,12,10,1807,,https://www.maddenratings.com/darian-kinnard
Green Bay Packers,Jordon Riley,DT,Defensive Tackle,97,,68,28,"May 19, 1998",United States,Oregon,4,2023,243,New York Giants,63,61,88,47,65,64,87,69,80,15,10,7,6,5,5,5,20,16,14,10,6,5,11,29,13,40,51,22,28,15,15,10,82,65,49,75,72,70,11,13,84,13,45,45,89,45,45,45,45,21,8,7,10,1921,,https://www.maddenratings.com/jordon-riley
Green Bay Packers,Lucas Havrisik,K,Kicker,35,Power,68,26,"September 29, 1999",United States,Arizona,5,,,,73,77,38,61,49,67,92,84,58,32,11,35,30,24,18,11,23,11,11,12,10,8,11,31,12,13,55,15,10,10,10,10,29,10,10,10,17,10,10,10,14,10,15,10,11,10,10,10,10,8,95,74,9,1404,,https://www.maddenratings.com/lucas-havrisik
Green Bay Packers,Pierre Strong,HB,Halfback,22,Elusive Back,68,27,"December 10, 1998",United States,S. Dakota St.,5,2022,127,New England Patriots,92,93,66,84,64,88,90,89,86,41,28,44,38,28,40,28,63,48,49,57,51,42,53,82,76,74,82,77,73,72,83,35,38,10,10,35,44,29,23,31,36,19,40,46,42,33,28,25,25,41,22,16,69,2678,,https://www.maddenratings.com/pierre-strong
Green Bay Packers,Will Sheppard,WR,Wide Receiver,82,,68,24,"February 11, 2002",United States,Colorado,2,,,,86,91,68,80,67,89,88,83,85,28,12,15,10,12,7,18,79,82,81,74,72,71,68,71,75,51,81,82,52,71,78,17,29,21,22,27,28,29,21,28,24,22,47,29,45,24,30,28,22,26,23,17,55,2541,,https://www.maddenratings.com/will-sheppard
Green Bay Packers,Domani Jackson,CB,Cornerback,20,Man to Man,67,23,"November 27, 2002",,Alabama,,,,,92,91,65,89,61,81,87,90,85,27,10,6,6,6,6,6,64,65,62,27,28,27,30,58,55,35,88,68,37,68,70,14,54,30,38,45,70,60,68,69,59,66,35,35,46,35,35,35,35,17,14,12,57,2519,,https://www.maddenratings.com/domani-jackson
Green Bay Packers,Kamal Hadden,CB,Cornerback,36,Zone,67,25,"January 17, 2001",United States,Tennessee,3,2024,211,Kansas City Chiefs,87,94,65,81,64,83,85,83,82,35,10,15,10,6,21,11,72,67,61,26,21,16,24,58,64,47,81,65,45,64,71,22,51,31,39,47,64,61,63,74,65,73,32,30,44,28,26,25,24,15,20,19,59,2526,,https://www.maddenratings.com/kamal-hadden
Green Bay Packers,Kitan Oladapo,SS,Strong Safety,27,Run Support,67,25,"October 20, 2000",United States,Oregon State,3,2024,169,Green Bay Packers,86,89,68,79,62,86,93,84,88,27,9,9,8,6,7,8,66,61,55,15,13,10,12,65,55,57,78,59,52,64,66,15,73,47,36,63,84,58,67,68,85,66,35,25,65,33,33,23,21,39,28,26,45,2572,,https://www.maddenratings.com/kitan-oladapo
Green Bay Packers,Shemar Bartholomew,CB,Cornerback,34,Zone,67,26,"June 6, 2000",United States,Ga. Southern,3,,,,91,93,60,79,71,85,86,82,79,27,11,8,8,8,12,8,71,61,59,24,16,12,19,61,52,33,77,68,49,64,71,14,54,31,38,52,76,70,63,68,63,60,35,30,49,35,35,30,30,15,21,19,55,2488,,https://www.maddenratings.com/shemar-bartholomew
Green Bay Packers,Brenton Cox Jr.,LEDG,Left Edge,57,Power Rusher,66,26,"January 30, 2000",United States,Florida,4,,,,78,88,81,65,64,80,87,73,79,25,16,6,6,6,6,6,48,43,40,15,7,5,20,42,29,47,66,45,54,45,45,11,73,71,65,75,76,60,41,46,84,51,45,40,72,45,45,40,40,33,20,14,10,2374,,https://www.maddenratings.com/brenton-cox-jr
Green Bay Packers,Jaylin Simpson,FS,Free Safety,38,Hybrid,66,26,"March 17, 2000",United States,Auburn,3,2024,164,Indianapolis Colts,90,92,53,83,60,93,88,84,75,35,15,34,23,21,25,15,74,67,63,33,23,15,33,62,67,41,80,71,45,65,69,25,60,37,43,49,73,59,70,72,63,74,35,30,51,31,31,26,25,17,22,21,60,2668,,https://www.maddenratings.com/jaylin-simpson
Green Bay Packers,MJ Devonshire,CB,Cornerback,28,Zone,66,25,"September 12, 2000",United States,Pittsburgh,3,2024,229,Las Vegas Raiders,91,93,51,83,64,91,92,86,75,24,10,16,12,8,21,6,73,61,59,35,33,25,29,55,72,30,84,81,31,76,84,24,42,21,35,38,64,65,62,67,56,69,25,20,39,21,21,15,14,15,22,18,80,2484,,https://www.maddenratings.com/mj-devonshire
Green Bay Packers,Nick Niemann,MIKE,Mike Backer,31,Field General,66,28,"December 2, 1997",United States,Iowa,6,2021,185,Los Angeles Chargers,88,90,71,86,66,81,90,84,83,21,12,6,6,6,6,6,57,52,49,31,28,21,41,52,33,37,72,45,42,33,37,12,82,39,41,60,78,68,55,63,74,38,45,45,69,45,45,45,45,29,20,20,10,2460,,https://www.maddenratings.com/nick-niemann
Green Bay Packers,Nazir Stackhouse,DT,Defensive Tackle,93,,66,24,"April 18, 2002",United States,Georgia,2,,,,67,70,85,63,66,63,93,82,90,20,10,6,6,6,6,6,38,18,18,16,7,5,15,36,17,32,52,21,33,18,18,12,80,66,58,72,74,65,18,21,78,18,45,45,84,45,45,45,45,26,16,12,10,2063,,https://www.maddenratings.com/nazir-stackhouse
Green Bay Packers,Ty’Ron Hopper,WILL,Weak Backer,59,Run Stopper,66,25,"April 6, 2001",United States,Missouri,3,2024,91,Green Bay Packers,83,87,66,77,73,86,91,82,83,35,13,31,26,25,14,16,58,54,52,15,7,5,13,55,21,44,71,42,40,55,56,22,70,72,66,65,86,75,52,64,79,52,45,40,67,45,45,40,40,29,15,14,45,2604,,https://www.maddenratings.com/tyron-hopper
Green Bay Packers,Warren Brinson,DT,Defensive Tackle,91,Power Rusher,66,24,"February 4, 2002",United States,Georgia,2,2025,198,Green Bay Packers,70,75,83,65,66,74,87,73,86,24,10,6,6,6,6,6,19,18,18,17,15,12,13,39,21,32,59,33,34,18,18,11,76,77,72,77,73,63,10,14,77,11,45,45,82,45,45,45,45,24,14,25,32,2117,,https://www.maddenratings.com/warren-brinson
Green Bay Packers,Jacob Monk,C,Center,62,Agile,65,25,"June 4, 2001",United States,Duke,3,2024,163,Green Bay Packers,69,76,83,67,72,73,94,84,85,25,9,15,11,10,8,9,27,26,22,15,8,5,12,25,5,15,57,10,10,10,10,9,28,23,21,21,36,26,11,10,39,9,69,70,80,65,73,68,69,80,25,19,10,1908,,https://www.maddenratings.com/jacob-monk
Green Bay Packers,Kyle McCord,QB,Quarterback,18,Field General,65,23,"September 19, 2002",United States,Syracuse,2,2025,181,Philadelphia Eagles,75,76,62,76,68,66,90,85,91,87,74,83,76,77,72,81,29,31,27,24,18,18,26,58,51,30,73,62,26,34,43,54,36,36,36,35,51,40,16,15,31,17,24,20,23,27,27,27,31,32,21,29,18,2435,,https://www.maddenratings.com/kyle-mccord
Green Bay Packers,Brant Banks,LT,Left Tackle,72,Power,64,26,"May 1, 2000",United States,Rice,2,,,,65,72,83,59,63,69,87,81,81,15,12,6,6,6,6,6,25,15,15,15,5,5,12,25,9,21,49,10,15,10,10,12,26,16,10,24,22,13,11,12,25,10,70,72,80,70,69,72,71,78,15,13,10,1759,,https://www.maddenratings.com/brant-banks
Green Bay Packers,Donovan Jennings,RG,Right Guard,67,Power,64,26,"November 24, 1999",United States,USF,3,,,,72,73,86,65,65,70,76,72,85,20,18,10,5,5,18,15,21,26,23,10,5,6,16,28,36,40,57,40,39,46,36,33,34,23,27,34,35,20,22,27,26,16,67,68,77,72,68,68,72,72,25,26,10,2106,,https://www.maddenratings.com/donovan-jennings
Green Bay Packers,Kristian Welch,WILL,Weak Backer,54,Run Stopper,64,28,"May 24, 1998",United States,Iowa,7,,,,85,83,75,77,63,81,90,81,86,20,21,25,21,17,15,20,57,50,48,33,25,15,13,64,48,43,69,71,51,58,68,18,79,56,50,65,79,60,53,61,80,44,45,48,81,45,45,45,45,16,16,20,10,2634,,https://www.maddenratings.com/kristian-welch
Green Bay Packers,Luke Lachey,TE,Tight End,86,Vertical Threat,64,25,"June 29, 2001",United States,Iowa,2,2025,255,Houston Texans,77,81,74,78,70,84,84,83,85,28,36,9,20,15,21,26,78,77,75,65,59,55,68,72,64,68,74,67,61,61,65,26,45,34,31,39,44,31,25,29,42,17,55,58,64,55,55,57,56,48,24,23,24,2762,,https://www.maddenratings.com/luke-lachey
Green Bay Packers,Travis Glover,RT,Right Tackle,79,Power,64,25,"August 17, 2000",United States,Georgia State,3,2024,202,Green Bay Packers,63,69,86,50,69,69,94,83,87,19,5,11,8,6,7,6,25,12,10,10,7,5,12,22,11,21,51,10,24,10,10,9,44,42,35,37,38,24,9,8,40,10,73,69,80,68,69,70,68,79,9,8,10,1871,,https://www.maddenratings.com/travis-glover
Green Bay Packers,Jonathan Ford,DT,Defensive Tackle,64,,63,27,"September 28, 1998",United States,Miami,4,,,,57,66,84,52,65,72,90,72,79,19,10,6,6,6,6,6,32,22,15,12,8,5,12,33,25,35,47,23,33,15,19,15,80,64,53,72,72,62,12,14,78,10,45,45,88,45,45,45,45,33,15,14,10,1994,,https://www.maddenratings.com/jonathan-ford
Green Bay Packers,Johnathan Baldwin,FS,Free Safety,37,Zone,63,23,"February 8, 2003",United States,UNLV,2,,,,89,93,59,80,60,78,88,87,87,27,10,6,6,6,6,6,64,61,55,25,20,15,25,59,52,39,81,62,42,56,65,20,62,31,34,49,72,58,61,68,73,62,35,35,52,35,35,35,35,25,18,17,50,2471,,https://www.maddenratings.com/johnathan-baldwin
Green Bay Packers,John Williams,LG,Left Guard,73,Power,63,24,"January 17, 2002",United States,Cincinnati,2,2025,250,Green Bay Packers,67,71,87,54,65,62,88,86,87,20,13,6,6,6,6,6,22,17,16,11,5,5,18,21,8,27,57,11,13,15,11,12,29,29,14,27,21,29,10,10,26,10,68,70,78,67,68,68,66,77,18,13,10,1807,,https://www.maddenratings.com/john-williams
Green Bay Packers,Arron Mosby,REDG,Right Edge,53,Smaller Speed Rusher,62,27,"April 13, 1999",United States,Fresno State,5,,,,81,85,76,67,58,74,90,76,82,31,13,15,10,10,15,15,54,50,46,24,14,6,16,53,44,42,61,50,42,55,62,17,75,58,67,73,78,55,49,57,80,61,45,35,76,45,45,35,35,24,14,13,30,2484,,https://www.maddenratings.com/arron-mosby
Green Bay Packers,Dalton Cooper,LT,Left Tackle,78,,62,25,"March 15, 2001",United States,Oklahoma St.,2,,,,73,72,86,55,60,70,88,81,82,15,11,6,6,6,6,6,23,15,15,15,5,5,14,26,9,25,59,13,16,10,10,13,24,19,13,29,31,15,11,11,25,10,71,69,78,67,70,66,69,82,14,11,10,1791,,https://www.maddenratings.com/dalton-cooper
Green Bay Packers,Karsen Barnhart,LG,Left Guard,61,Agile,62,25,"March 2, 2001",United States,Michigan,3,,,,65,75,82,57,63,74,90,78,88,22,15,6,6,6,6,6,19,12,10,10,5,5,15,29,8,29,57,17,15,10,10,12,55,20,10,20,27,22,10,17,62,10,68,66,77,68,69,69,69,79,14,14,15,1863,,https://www.maddenratings.com/karsen-barnhart
Green Bay Packers,Matthew Orzech,LS,Long Snapper,42,Accurate,61,31,"April 12, 1995",United States,Azusa Pacific,8,,,,77,76,73,76,59,84,88,77,88,26,10,10,10,10,10,10,56,45,44,35,30,25,41,64,15,29,70,43,45,25,37,10,44,10,10,40,45,37,15,25,61,25,43,50,71,40,35,50,40,54,11,14,10,2128,,https://www.maddenratings.com/matthew-orzech
Green Bay Packers,Messiah Swinson,TE,Tight End,43,Possession,60,26,"April 20, 2000",United States,Arizona St.,3,,,,77,75,72,66,61,73,87,78,81,23,6,13,10,6,10,5,76,76,77,62,55,51,65,73,52,64,60,67,68,60,65,21,41,18,13,42,44,45,28,35,46,35,57,61,62,53,58,60,59,52,24,22,35,2625,,https://www.maddenratings.com/messiah-swinson
Houston Texans,Will Anderson Jr.,LEDG,Left Edge,51,Smaller Speed Rusher,95,24,"September 2, 2001",United States,Alabama,4,,,,87,90,90,86,97,81,94,87,91,21,12,6,6,6,6,6,59,55,48,20,15,10,21,50,32,48,75,57,55,55,57,17,87,91,97,85,89,97,31,40,89,44,45,35,80,45,45,35,35,35,15,12,10,2682,"Edge Threat Defenders with this ability are slightly more likely to use faster, more dominant pass rush moves while rushing from the edge of the defense, and have more favorable disengage angles. Secure Tackler Defenders with this ability have an increased chance to avoid fakeouts. Quick Jump Players with this ability have a slightly reduced stamina cost and slightly longer perfect window for jumping snaps.",https://www.maddenratings.com/will-anderson-jr
Houston Texans,Derek Stingley,CB,Cornerback,24,Zone,92,25,"June 20, 2001",United States,LSU,5,,,,93,93,63,94,95,93,87,97,75,36,12,26,21,18,22,10,83,82,71,45,35,30,44,63,65,45,91,78,45,74,84,25,58,36,44,49,75,95,91,93,69,84,25,25,47,33,34,33,34,18,20,19,72,2949,"Shutdown Shutdown defenders have the talent to erase receivers from the game. When they enter the zone, their coverage is tighter and interceptions are more frequent on contested catches. Lurker Defenders with this ability can make spectacular interceptions while lurking in zones, and are more likely to attempt and succeed at diving swats/catches. Deep Out Zone KO Defenders with this ability have a slightly improved chance to force catch knockouts and react quicker in deep zone coverage, 20+ yards from the LoS and outside the hash marks.",https://www.maddenratings.com/derek-stingley
Houston Texans,Danielle Hunter,REDG,Right Edge,55,Smaller Speed Rusher,92,31,"October 29, 1994",,LSU,12,2015,88,Minnesota Vikings,87,87,82,82,97,88,88,86,81,15,12,6,6,6,6,6,36,12,10,10,3,2,12,46,24,44,71,35,28,55,40,12,87,87,95,82,91,94,38,50,77,30,45,45,87,45,45,45,45,14,15,11,10,2413,"Edge Threat Defenders with this ability are slightly more likely to use faster, more dominant pass rush moves while rushing from the edge of the defense, and have more favorable disengage angles. Max Effort Defenders with this ability will ignore one bar of blocker resistance when attempting pass rush moves with effort Instant Rebate Defenders with this ability are refunded stamina when they successfully shed blocks",https://www.maddenratings.com/danielle-hunter
Houston Texans,Nico Collins,WR,Wide Receiver,12,Deep Threat,90,27,"March 19, 1999",United States,Michigan,6,2021,89,Houston Texans,93,91,67,88,92,93,90,88,83,39,26,30,25,20,33,25,96,88,89,88,92,88,93,77,87,64,81,90,73,74,79,28,26,10,10,30,32,16,13,19,20,19,46,35,46,30,26,30,27,28,22,15,40,2810,"Ankle Breaker Truly devastating receiving threats are the ones that catch and can't be caught. When they enter the zone, they have increased fakeout rates on spin/juke/hurdle after the catch. Mid In Elite Receivers with this ability catch more consistently while catching passes less than 10-20 yards from the LoS, inside the numbers Deep In Elite Receivers with this ability catch more consistently while catching passes less than 20+ yards from the LoS, inside the numbers Quick Jump Players with this ability have a slightly reduced stamina cost and slightly longer perfect window for jumping snaps.",https://www.maddenratings.com/nico-collins
Houston Texans,Kamari Lassiter,CB,Cornerback,3,Zone,87,23,"January 23, 2003",United States,Georgia,3,2024,42,Houston Texans,92,90,52,94,91,87,93,91,79,35,11,16,11,6,14,15,67,62,57,49,50,55,41,54,65,27,88,70,35,72,77,21,75,26,30,48,77,91,85,89,75,74,35,30,42,27,28,23,24,15,16,12,64,2753,,https://www.maddenratings.com/kamari-lassiter
Houston Texans,Jalen Pitre,CB,Cornerback,5,Zone,86,27,"June 3, 1999",United States,Baylor,5,2022,37,Houston Texans,90,93,62,91,90,84,90,92,82,23,12,15,12,11,14,11,77,71,64,30,25,20,24,63,52,35,89,72,40,66,72,15,67,38,48,54,83,93,84,88,82,66,35,35,55,35,35,35,35,25,34,32,45,2791,,https://www.maddenratings.com/jalen-pitre
Houston Texans,Calen Bullock,FS,Free Safety,2,Zone,84,23,"April 30, 2003",United States,USC,3,2024,78,Houston Texans,90,92,54,87,85,80,93,90,84,35,10,15,10,6,13,6,78,71,69,37,27,20,40,64,70,41,88,76,52,70,75,17,77,25,35,59,82,84,72,83,79,66,32,30,52,29,27,25,24,15,19,22,60,2742,,https://www.maddenratings.com/calen-bullock
Houston Texans,Dalton Schultz,TE,Tight End,86,Possession,84,30,"July 11, 1996",United States,Stanford,9,2018,137,Dallas Cowboys,83,84,76,79,89,79,93,93,86,24,10,15,10,5,10,5,96,83,84,77,70,65,74,72,63,68,73,76,66,59,72,12,29,10,10,31,34,16,12,15,27,12,65,59,72,62,65,56,59,59,16,14,38,2712,,https://www.maddenratings.com/dalton-schultz
Houston Texans,Azeez Al-Shaair,,,,Field General,83,29,"August 4, 1997",United States,FAU,8,,,,86,86,77,77,89,80,85,88,87,27,11,6,6,6,6,6,61,45,48,17,12,9,18,46,22,37,72,33,40,33,31,13,88,58,53,75,88,88,68,71,89,50,45,45,82,45,45,45,45,17,16,20,10,2503,,https://www.maddenratings.com/azeez-al-shaair
Houston Texans,David Montgomery,HB,Halfback,32,Power Back,83,29,"June 7, 1997",United States,Iowa State,8,2019,73,Chicago Bears,87,88,77,83,94,75,88,90,91,52,21,50,40,27,31,22,74,54,56,66,59,49,60,93,86,89,85,91,80,76,83,29,30,10,10,24,25,16,12,13,27,15,46,61,41,31,26,38,35,43,17,12,45,2723,,https://www.maddenratings.com/david-montgomery
Houston Texans,Braden Smith,RT,Right Tackle,71,Power,82,30,"March 25, 1996",United States,Auburn,9,2018,37,Indianapolis Colts,66,68,92,58,91,81,87,90,93,22,15,6,6,6,6,6,19,12,10,10,5,5,15,29,8,29,52,17,15,10,10,12,55,20,10,20,27,22,10,17,62,10,87,79,84,85,89,82,77,88,14,14,15,2018,,https://www.maddenratings.com/braden-smith
Houston Texans,Ka&#8217;imi Fairbairn,K,Kicker,15,Power,81,32,"January 29, 1994",United States,UCLA,11,,,,79,82,39,64,69,69,82,89,65,39,15,35,30,25,20,20,37,25,20,15,15,15,15,45,15,10,53,15,10,10,10,15,35,10,10,13,22,21,14,20,17,10,20,15,17,17,17,15,15,17,96,89,10,1647,,https://www.maddenratings.com/kaimi-fairbairn
Houston Texans,Sheldon Rankins,DT,Defensive Tackle,98,,81,32,"April 2, 1994",United States,Louisville,11,2016,12,New Orleans Saints,75,73,87,70,94,83,90,79,91,23,13,6,6,6,6,6,47,26,28,13,5,3,15,40,13,33,57,26,25,17,25,12,84,78,71,80,80,93,28,39,80,13,45,44,85,46,45,44,45,35,17,17,9,2271,,https://www.maddenratings.com/sheldon-rankins
Houston Texans,Woody Marks,HB,Halfback,4,Elusive Back,80,25,"December 29, 2000",United States,USC,2,2025,116,Houston Texans,88,88,70,84,86,85,89,87,88,27,23,9,12,10,10,30,73,55,49,65,55,45,61,94,83,78,84,87,71,79,86,29,31,24,24,32,34,32,22,25,25,24,40,51,39,29,33,40,42,39,23,23,76,2688,,https://www.maddenratings.com/woody-marks
Houston Texans,Reed Blankenship,SS,Strong Safety,6,Zone,79,27,"March 2, 1999",United States,Mid Tenn St.,5,,,,87,92,61,81,85,81,89,90,79,25,10,20,15,12,15,6,75,66,59,14,12,10,15,65,58,45,83,72,50,65,73,17,76,36,41,57,82,81,68,74,75,60,35,34,62,35,35,34,34,15,28,23,65,2677,,https://www.maddenratings.com/reed-blankenship
Houston Texans,Tank Dell,WR,Wide Receiver,1,,79,26,"October 29, 1999",United States,Houston,4,2023,69,Houston Texans,92,94,50,90,74,81,82,92,87,27,17,20,15,10,10,6,86,84,85,81,80,79,77,71,72,28,93,86,35,81,86,17,21,10,10,18,29,16,10,10,13,15,48,27,33,11,21,16,21,22,19,13,79,2450,,https://www.maddenratings.com/tank-dell
Houston Texans,Trent Brown,LT,Left Tackle,77,Power,79,33,"April 13, 1993",United States,Florida,12,2015,244,San Francisco 49ers,68,58,91,52,78,70,83,86,75,25,15,6,6,6,6,6,35,12,12,12,5,5,12,32,5,35,50,15,25,10,10,12,40,10,10,31,12,15,12,15,20,10,82,81,89,84,79,83,76,81,20,20,10,1898,,https://www.maddenratings.com/trent-brown
Houston Texans,Wyatt Teller,LG,Left Guard,75,Power,79,31,"November 21, 1994",United States,Virginia Tech,9,2018,166,Buffalo Bills,71,64,93,66,87,72,91,92,90,40,27,27,24,19,26,22,36,27,29,22,18,12,18,40,28,44,50,27,19,26,28,35,50,42,37,45,40,31,9,10,43,10,81,75,83,80,82,78,72,84,18,12,10,2362,,https://www.maddenratings.com/wyatt-teller
Houston Texans,Ed Ingram,RG,Right Guard,69,Power,77,27,"February 11, 1999",United States,LSU,5,2022,59,Minnesota Vikings,71,81,87,54,77,55,91,85,86,15,15,6,6,6,6,6,22,15,14,15,10,5,12,25,15,26,50,20,36,10,12,12,30,20,20,24,25,21,10,10,37,10,83,74,83,85,81,77,71,84,15,14,10,1930,,https://www.maddenratings.com/ed-ingram
Houston Texans,Jayden Higgins,WR,Wide Receiver,81,Slot,77,23,"December 15, 2002",United States,Iowa State,2,2025,34,Houston Texans,89,92,67,83,79,93,90,91,90,33,26,9,12,18,7,22,90,84,84,79,79,75,77,77,75,56,81,82,64,75,80,29,22,30,33,40,44,28,26,29,30,21,49,24,46,27,31,22,15,32,26,16,80,2759,,https://www.maddenratings.com/jayden-higgins
Houston Texans,C.J. Stroud,QB,Quarterback,7,Field General,76,24,"October 3, 2001",United States,Ohio State,4,2023,2,Houston Texans,82,87,61,80,74,78,88,85,88,91,82,87,83,82,87,85,21,10,13,12,11,10,14,61,54,31,75,76,37,45,58,72,24,10,10,19,29,14,9,10,16,9,12,12,17,12,15,13,15,13,20,19,12,2230,,https://www.maddenratings.com/cj-stroud
Houston Texans,E.J. Speed,SAM,Sam Backer,45,Run Stopper,75,31,"June 1, 1995",United States,Tarleton State,8,2019,164,Indianapolis Colts,89,87,74,82,73,82,89,91,81,24,15,6,6,6,6,6,66,64,66,41,32,27,40,66,52,26,73,60,33,61,70,12,84,53,61,72,85,74,57,63,87,37,45,45,76,45,45,45,45,23,18,16,60,2742,,https://www.maddenratings.com/ej-speed
Houston Texans,Henry To&#8217;oTo&#8217;o,WILL,Weak Backer,39,Pass Coverage,75,25,"January 5, 2001",United States,Alabama,4,2023,167,Houston Texans,85,92,65,81,79,78,89,87,85,30,11,6,6,6,6,6,55,55,54,22,18,13,23,57,59,59,73,67,64,62,66,10,78,49,55,71,89,80,70,68,82,57,35,35,66,35,35,35,35,31,32,31,44,2682,,https://www.maddenratings.com/henry-tootoo
Houston Texans,Kayden McDonald,,,93,,75,21,"March 12, 2005",United States,Ohio State,,,,,65,73,88,59,77,74,89,77,87,25,10,6,6,6,6,6,37,27,27,17,15,3,25,41,15,41,53,27,45,27,27,12,82,73,69,80,79,77,23,21,81,25,45,45,84,45,45,45,45,28,15,23,10,2233,,https://www.maddenratings.com/kayden-mcdonald
Houston Texans,Keylan Rutledge,,,66,Power,74,22,"September 2, 2003",United States,Georgia Tech,,2026,26,Houston Texans,71,69,87,66,77,79,86,88,86,14,12,6,6,6,6,6,22,24,14,11,5,5,13,24,10,22,63,11,16,10,10,13,35,37,38,27,43,25,14,12,26,10,78,78,83,80,79,78,76,83,22,24,10,1996,,https://www.maddenratings.com/keylan-rutledge
Houston Texans,Logan Hall,DT,Defensive Tackle,90,,74,26,"April 22, 2000",United States,Houston,5,2022,33,Tampa Bay Buccaneers,78,83,85,75,76,74,90,79,86,28,13,6,6,6,6,6,37,32,25,21,14,10,21,35,23,42,66,32,41,25,29,12,81,76,68,75,79,76,20,28,77,25,45,45,85,45,45,45,45,24,15,15,10,2286,,https://www.maddenratings.com/logan-hall
Houston Texans,Evan Brown,LG,Left Guard,67,Agile,73,29,"September 16, 1996",United States,SMU,9,,,,68,64,90,53,79,86,89,85,84,24,14,5,5,5,5,5,25,14,14,13,5,5,15,29,8,20,51,13,15,10,11,12,35,12,13,26,31,19,12,14,22,8,74,75,81,70,77,73,77,83,17,12,9,1861,,https://www.maddenratings.com/evan-brown
Houston Texans,Jaylin Noel,WR,Wide Receiver,13,Deep Threat,73,23,"September 4, 2002",United States,Iowa State,2,2025,79,Houston Texans,93,94,66,89,68,84,93,90,88,68,47,63,59,56,55,35,82,78,79,76,76,78,72,73,70,47,86,83,55,74,77,38,25,28,33,39,42,35,25,37,39,25,52,29,51,24,22,30,24,35,29,30,83,3029,,https://www.maddenratings.com/jaylin-noel
Houston Texans,Justin Watson,WR,Wide Receiver,84,Deep Threat,73,30,"April 4, 1996",United States,Penn,9,2018,144,Tampa Bay Buccaneers,90,92,69,80,79,92,86,81,86,26,25,15,10,6,10,6,81,83,82,77,75,77,75,76,70,57,78,72,60,62,69,22,30,10,10,27,29,18,17,25,19,15,47,39,53,33,27,31,34,42,17,15,70,2577,,https://www.maddenratings.com/justin-watson
Houston Texans,Xavier Hutchinson,WR,Wide Receiver,19,Slot,73,26,"June 1, 2000",United States,Iowa State,4,2023,205,Houston Texans,88,89,62,86,77,86,92,86,91,57,35,47,42,38,45,30,86,83,82,75,74,73,69,71,75,52,83,85,57,68,75,30,32,10,10,25,38,17,14,19,29,18,45,26,40,25,20,19,22,20,19,15,29,2681,,https://www.maddenratings.com/xavier-hutchinson
Houston Texans,Foster Moreau,TE,Tight End,87,Possession,72,29,"May 6, 1997",United States,LSU,8,2019,137,Las Vegas Raiders,83,84,76,80,72,86,92,86,84,25,10,20,15,10,10,10,86,79,79,66,61,57,66,75,61,71,78,70,63,51,59,20,33,10,10,37,42,15,12,15,31,15,62,61,68,62,61,59,60,57,17,13,40,2665,,https://www.maddenratings.com/foster-moreau
Houston Texans,Febechi Nwaiwu,RG,Right Guard,64,Power,72,23,"February 17, 2003",,Oklahoma,,,,,62,61,88,58,72,63,87,88,86,12,11,6,6,6,6,6,29,26,14,19,5,5,11,24,10,23,56,15,15,10,10,13,35,10,10,16,29,24,15,17,25,10,77,76,83,77,73,76,72,79,24,25,10,1866,,https://www.maddenratings.com/febechi-nwaiwu
Houston Texans,Ja&#8217;Marcus Ingram,CB,Cornerback,20,Zone,72,28,"September 2, 1997",United States,Buffalo,4,,,,90,93,68,82,75,86,86,85,82,27,10,15,10,6,10,6,64,64,57,38,33,29,37,60,62,40,83,67,49,63,69,12,67,35,42,52,72,72,68,72,70,73,38,35,54,35,35,35,35,13,21,16,30,2628,,https://www.maddenratings.com/jamarcus-ingram
Houston Texans,Aireontae Ersery,LT,Left Tackle,79,Power,71,24,"February 19, 2002",United States,Minnesota,2,2025,48,Houston Texans,72,76,85,58,74,73,89,89,88,18,10,6,6,6,6,6,19,18,18,15,5,5,13,30,16,31,50,19,36,10,10,11,32,31,26,45,21,20,11,12,32,10,73,76,82,75,72,78,74,82,15,28,10,1973,,https://www.maddenratings.com/aireontae-ersery
Houston Texans,Jake Andrews,C,Center,60,Power,71,26,"November 11, 1999",United States,Troy,4,2023,107,New England Patriots,67,72,87,56,75,66,93,96,87,26,15,21,14,15,11,10,41,33,32,10,5,5,13,35,30,35,54,32,25,15,21,11,42,48,41,47,53,46,14,18,50,10,76,76,74,77,73,78,73,79,21,13,10,2227,,https://www.maddenratings.com/jake-andrews
Houston Texans,Jawhar Jordan,HB,Halfback,25,Elusive Back,71,26,"August 18, 1999",United States,Louisville,3,2024,205,Houston Texans,88,90,63,85,72,87,83,83,81,24,19,20,15,10,21,17,65,48,48,56,49,39,45,90,76,68,81,81,66,73,79,24,31,10,10,27,34,13,10,16,23,14,28,50,30,18,24,25,23,26,16,10,82,2366,,https://www.maddenratings.com/jawhar-jordan
Houston Texans,Kamari Ramsey,FS,Free Safety,27,Hybrid,71,21,"August 24, 2004",,USC,,,,,90,91,62,85,73,86,86,92,93,27,12,6,6,6,6,6,62,60,61,43,40,33,47,58,55,55,84,62,42,57,68,18,67,38,45,51,74,71,66,69,75,64,35,35,57,35,35,35,35,23,27,22,42,2673,,https://www.maddenratings.com/kamari-ramsey
Houston Texans,Blake Fisher,LT,Left Tackle,57,Power,70,23,"March 25, 2003",United States,Notre Dame,3,2024,59,Houston Texans,66,69,83,59,63,70,90,85,88,22,11,9,7,6,7,8,22,12,10,10,8,7,14,33,9,23,56,15,10,10,12,12,34,15,15,25,31,24,8,9,30,10,77,73,87,79,77,75,71,85,22,17,10,1880,,https://www.maddenratings.com/blake-fisher
Houston Texans,Jarrett Patterson,RG,Right Guard,54,Pass Protector,70,26,"September 1, 1999",United States,Notre Dame,4,2023,201,Houston Texans,61,71,83,54,79,73,87,85,88,27,7,5,5,5,5,5,33,24,28,21,11,7,18,24,14,27,52,22,26,17,23,11,31,30,20,27,25,18,10,9,37,10,70,77,81,65,74,78,75,75,21,15,10,1956,,https://www.maddenratings.com/jarrett-patterson
Houston Texans,Jaylin Smith,CB,Cornerback,22,Zone,70,22,"November 5, 2003",United States,USC,2,2025,97,Houston Texans,91,86,54,86,72,79,82,90,79,27,8,6,6,6,6,6,68,73,66,36,33,30,36,59,46,28,85,74,32,66,73,20,61,28,41,42,70,70,69,74,50,69,35,35,45,25,35,25,35,25,21,22,78,2564,,https://www.maddenratings.com/jaylin-smith
Houston Texans,Marte Mapu,SAM,Sam Backer,14,Pass Coverage,70,26,"November 8, 1999",United States,Sacramento State,4,2023,76,New England Patriots,88,88,68,83,68,82,88,87,84,54,31,46,41,39,46,35,73,64,62,42,38,34,44,63,62,55,80,72,55,63,67,50,81,41,58,64,81,66,70,68,85,66,35,35,64,35,35,35,35,34,22,21,45,3028,,https://www.maddenratings.com/marte-mapu
Houston Texans,M.J. Stewart Jr,SS,Strong Safety,29,Zone,70,30,"September 16, 1995",United States,North Carolina,9,,,,87,87,66,83,68,84,86,90,86,25,10,6,6,6,6,6,66,64,63,25,15,10,20,63,56,36,78,63,37,63,74,17,66,32,40,55,78,70,68,75,76,81,35,35,58,35,35,35,35,14,10,11,76,2572,,https://www.maddenratings.com/mj-stewart-jr
Houston Texans,Dominique Robinson,REDG,Right Edge,97,Smaller Speed Rusher,69,28,"July 2, 1998",United States,Miami Univ.,5,2022,174,Chicago Bears,79,86,79,76,64,91,89,76,80,62,39,55,50,42,52,41,65,57,59,43,41,37,42,61,46,50,71,54,43,43,52,47,78,62,73,72,81,64,32,45,81,30,45,45,79,45,45,45,45,28,16,12,10,2905,,https://www.maddenratings.com/dominique-robinson
Houston Texans,Kai Kroeger,P,Punter,38,Power,69,24,"June 11, 2002",United States,South Carolina,2,,,,80,82,53,66,52,70,88,81,76,38,14,35,30,25,24,25,31,14,14,15,11,11,15,45,14,16,58,15,10,10,14,21,29,10,10,13,27,18,10,10,24,10,12,16,15,11,12,13,14,15,91,75,10,1598,,https://www.maddenratings.com/kai-kroeger
Houston Texans,Brevin Jordan,TE,Tight End,9,Vertical Threat,68,26,"July 16, 2000",United States,Miami,6,2021,147,Houston Texans,86,88,73,82,59,85,84,82,78,42,26,39,31,28,30,21,79,78,77,65,59,55,70,74,74,67,76,82,66,71,78,32,43,21,27,43,46,29,15,19,41,20,58,59,65,58,56,58,56,51,15,11,42,2870,,https://www.maddenratings.com/brevin-jordan
Houston Texans,British Brooks,FB,Fullback,44,Utility,68,26,"November 18, 1999",United States,North Carolina,3,,,,86,89,78,81,61,86,88,82,85,25,10,6,6,6,6,6,69,51,54,51,47,41,53,73,65,69,74,68,71,60,69,20,39,25,21,33,51,32,23,32,40,21,59,58,64,51,55,49,52,68,20,14,35,2578,,https://www.maddenratings.com/british-brooks
Houston Texans,Jha&#8217;Quan Jackson,WR,Wide Receiver,88,,68,26,"May 15, 2000",United States,Tulane,3,2024,182,Tennessee Titans,92,92,54,85,65,81,84,80,84,22,15,15,10,6,10,6,80,76,75,71,70,68,66,73,70,36,85,77,41,72,78,20,26,10,10,20,35,14,12,19,12,15,37,29,36,23,31,20,22,22,18,14,82,2366,,https://www.maddenratings.com/jhaquan-jackson
Houston Texans,Jaylen Reed,FS,Free Safety,23,Zone,68,23,"January 29, 2003",United States,Penn State,2,2025,187,Houston Texans,89,92,67,85,65,81,91,89,89,24,12,6,6,6,6,6,65,58,53,28,21,17,25,58,49,41,84,61,39,53,59,14,65,37,35,46,75,62,65,70,78,66,35,35,54,35,35,35,35,25,19,15,76,2537,,https://www.maddenratings.com/jaylen-reed
Houston Texans,Tremon Smith,CB,Cornerback,11,Zone,68,30,"July 20, 1996",United States,Central Arkansas,10,2018,196,Kansas City Chiefs,91,93,58,82,68,82,90,88,80,47,21,29,25,19,32,20,78,76,71,48,41,34,50,76,57,43,83,70,47,68,77,26,51,22,29,42,67,69,63,68,48,71,34,37,30,22,24,26,22,26,17,13,83,2734,,https://www.maddenratings.com/tremon-smith
Houston Texans,Wade Woodaz,WILL,Weak Backer,30,Run Stopper,68,22,"February 5, 2004",,Clemson,,,,,87,89,73,75,70,85,85,87,86,13,10,6,6,6,6,6,64,45,38,28,23,18,26,56,38,48,70,55,43,56,45,18,79,48,47,63,82,69,58,66,80,43,45,45,67,64,44,42,42,28,15,17,17,2522,,https://www.maddenratings.com/wade-woodaz
Houston Texans,Cade Stover,TE,Tight End,8,Possession,67,26,"June 12, 2000",United States,Ohio State,3,2024,123,Houston Texans,84,88,74,70,69,83,88,82,86,26,14,20,15,10,10,10,77,76,75,64,59,52,65,70,68,67,70,73,67,59,68,16,58,53,51,56,60,45,44,50,60,33,64,58,66,58,59,56,56,67,15,14,15,2893,,https://www.maddenratings.com/cade-stover
Houston Texans,Dylan Horton,LEDG,Left Edge,92,,67,25,"August 21, 2000",United States,TCU,4,2023,109,Houston Texans,81,82,73,70,68,82,91,81,84,27,5,7,6,5,5,6,39,28,25,10,7,5,12,40,27,44,65,48,49,35,42,11,81,69,64,69,81,70,24,29,79,35,45,45,76,45,45,45,45,28,31,30,10,2306,,https://www.maddenratings.com/dylan-horton
Houston Texans,Jared Wayne,WR,Wide Receiver,89,,67,25,"October 7, 2000",Canada,Pittsburgh,4,,,,89,90,64,87,64,91,88,82,83,43,29,28,24,20,31,25,79,82,83,66,64,60,69,70,77,60,88,80,63,69,77,22,26,10,10,27,33,14,17,28,29,16,49,36,46,27,20,20,15,28,22,16,32,2568,,https://www.maddenratings.com/jared-wayne
Houston Texans,Jarrett Kingston,LG,Left Guard,63,Power,67,26,"December 2, 1999",United States,USC,3,2024,215,San Francisco 49ers,72,77,90,66,62,77,92,83,82,20,11,8,7,6,7,6,25,21,15,10,5,5,10,28,10,25,64,25,29,13,15,9,25,24,25,28,34,25,10,12,27,8,70,69,80,71,66,71,67,79,15,11,10,1902,,https://www.maddenratings.com/jarrett-kingston
Houston Texans,Lewis Bond,WR,Wide Receiver,82,,67,23,"May 29, 2003",,Boston College,,,,,87,92,60,80,65,85,92,89,89,24,23,22,18,16,24,24,78,77,77,72,71,70,71,70,74,48,80,80,59,73,80,26,44,29,29,32,40,31,29,35,42,32,49,29,40,26,29,24,26,27,36,34,69,2728,,https://www.maddenratings.com/lewis-bond
Houston Texans,Ali Gaye,REDG,Right Edge,95,Smaller Speed Rusher,66,27,"November 29, 1998",The Gambia,LSU,4,,,,82,87,73,78,63,79,85,79,79,25,12,6,6,6,6,6,41,35,34,28,22,17,21,44,34,27,72,40,38,42,57,12,75,60,69,67,76,59,35,46,78,38,45,45,74,45,45,45,45,17,20,20,10,2350,,https://www.maddenratings.com/ali-gaye
Houston Texans,Davis Mills,QB,Quarterback,10,Field General,66,27,"October 21, 1998",United States,Stanford,6,2021,67,Houston Texans,81,77,56,76,67,77,88,77,88,87,76,83,81,75,73,81,22,12,15,12,11,10,14,61,38,33,74,55,30,34,51,52,19,10,10,19,21,15,10,14,15,10,16,14,18,14,10,13,15,10,54,41,10,2125,,https://www.maddenratings.com/davis-mills
Houston Texans,Evan Hull,HB,Halfback,42,Elusive Back,66,25,"October 26, 2000",United States,Northwestern,4,2023,176,Indianapolis Colts,90,91,71,87,58,87,90,85,87,25,15,20,15,10,22,14,70,51,52,62,56,49,52,88,74,72,84,77,71,70,78,22,32,11,12,27,36,16,13,18,29,15,42,50,42,32,28,27,33,39,19,15,74,2505,,https://www.maddenratings.com/evan-hull
Houston Texans,Jamal Hill,WILL,Weak Backer,56,Pass Coverage,66,25,"April 4, 2001",United States,Oregon,3,2024,188,Houston Texans,91,89,65,78,63,80,90,81,83,28,13,24,23,21,14,11,64,60,56,15,10,5,20,55,52,48,75,57,45,60,65,12,78,51,59,63,79,61,60,69,77,55,45,35,65,40,40,35,35,35,18,11,35,2599,,https://www.maddenratings.com/jamal-hill
Houston Texans,Kaevon Merriweather,SS,Strong Safety,21,Run Support,66,26,"December 20, 1999",United States,Iowa,4,,,,85,93,63,79,67,85,90,82,88,24,10,13,11,10,19,10,63,54,50,31,22,18,33,52,42,45,83,51,48,60,64,12,68,45,40,51,74,64,63,63,88,65,35,35,63,35,35,35,35,33,14,13,35,2546,,https://www.maddenratings.com/kaevon-merriweather
Houston Texans,Kyonte Hamilton,DT,Defensive Tackle,58,,66,23,"November 7, 2002",United States,Rutgers,2,2025,224,Houston Texans,72,79,85,68,57,67,87,85,93,49,40,41,37,34,40,38,26,19,17,16,14,11,15,41,38,36,62,44,29,27,35,44,80,71,65,73,75,57,12,17,78,20,45,45,81,45,45,45,45,23,18,33,28,2447,,https://www.maddenratings.com/kyonte-hamilton
Houston Texans,Austin Brinkman,LS,Long Snapper,40,Accurate,65,24,"June 20, 2002",United States,West Virginia,2,,,,70,76,65,66,50,68,89,75,80,29,10,6,6,6,6,6,47,45,42,34,28,22,24,58,25,25,60,31,44,22,32,11,54,10,10,46,49,26,18,25,48,16,49,53,67,46,42,49,43,49,17,20,10,2005,,https://www.maddenratings.com/austin-brinkman
Houston Texans,Brandon Codrington,CB,Cornerback,17,,65,25,"November 17, 2000",United States,NC Central,3,,,,89,92,61,82,63,84,86,84,82,26,14,6,6,6,6,6,57,56,54,25,22,19,15,62,55,32,84,69,35,64,76,10,64,36,26,52,74,64,63,66,68,67,35,35,54,35,35,35,35,23,15,12,80,2502,,https://www.maddenratings.com/brandon-codrington
Houston Texans,Naquan Jones,DT,Defensive Tackle,91,,65,28,"February 5, 1998",United States,Michigan St.,6,,,,61,55,82,56,73,64,87,75,78,19,10,6,6,6,6,6,33,22,23,18,12,10,12,42,19,45,53,25,35,14,15,12,78,72,55,73,74,75,12,13,75,14,45,45,84,45,45,45,45,41,15,15,25,2071,,https://www.maddenratings.com/naquan-jones
Houston Texans,Alijah Huzzie,CB,Cornerback,28,Zone,64,25,"January 16, 2001",United States,North Carolina,2,,,,93,94,64,67,65,81,89,87,92,15,29,12,22,8,24,33,46,25,27,22,23,23,30,52,32,32,60,39,44,46,48,32,43,31,23,43,61,60,68,73,46,60,46,51,44,51,41,41,45,44,35,33,50,2445,,https://www.maddenratings.com/alijah-huzzie
Houston Texans,Collin Wright,CB,Cornerback,37,Man to Man,64,22,"December 13, 2003",,Stanford,,,,,89,91,54,85,60,92,86,88,88,25,10,6,6,6,6,6,67,63,54,22,19,15,39,61,52,43,82,56,34,62,76,13,60,37,40,53,70,54,67,66,59,65,35,35,47,35,35,35,35,15,12,16,42,2469,,https://www.maddenratings.com/collin-wright
Houston Texans,Jake Hansen,WILL,Weak Backer,35,Run Stopper,64,28,"June 19, 1998",United States,Illinois,5,,,,81,84,71,76,65,74,78,82,94,24,10,6,6,6,6,6,61,57,60,24,14,6,18,64,43,42,72,48,50,35,43,12,83,55,47,63,76,69,40,55,79,49,45,45,70,45,45,45,45,27,14,10,10,2435,,https://www.maddenratings.com/jake-hansen
Houston Texans,Marlin Klein,TE,Tight End,83,Possession,64,23,"September 17, 2002",,Michigan,,,,,85,86,74,80,58,86,87,82,88,27,26,20,15,12,23,17,73,74,73,67,62,56,65,74,64,67,72,66,61,60,66,27,28,22,18,26,28,20,16,23,29,21,59,61,64,59,60,61,59,56,24,22,32,2681,,https://www.maddenratings.com/marlin-klein
Houston Texans,Aiden Fisher,MIKE,Mike Backer,59,Field General,63,22,"December 23, 2003",,Indiana,,,,,85,87,68,81,62,85,89,90,85,28,26,38,35,32,28,29,67,29,34,27,22,17,11,58,38,45,70,32,47,47,52,34,78,52,55,67,81,60,57,64,79,45,40,52,73,52,45,45,46,21,17,15,15,2637,,https://www.maddenratings.com/aiden-fisher
Houston Texans,Jake Hummel,MIKE,Mike Backer,33,Field General,62,27,"January 4, 1999",United States,Iowa State,5,,,,86,87,67,84,64,78,92,80,88,22,15,6,6,6,6,6,65,58,55,31,24,14,21,56,41,33,76,48,42,46,55,17,76,45,43,60,80,65,53,59,79,46,45,45,67,45,45,45,45,31,20,15,10,2494,,https://www.maddenratings.com/jake-hummel
Houston Texans,Solomon Byrd,LEDG,Left Edge,50,,62,26,"December 1, 1999",United States,USC,3,2024,238,Houston Texans,72,76,73,67,66,78,84,74,83,22,10,9,7,6,6,8,39,32,25,14,7,5,7,38,21,43,63,32,35,42,48,17,74,63,61,72,77,67,30,32,74,33,40,35,81,40,40,35,35,26,14,12,10,2160,,https://www.maddenratings.com/solomon-byrd
Houston Texans,Graham Mertz,QB,Quarterback,18,Field General,60,25,"December 6, 2000",United States,Florida,2,2025,197,Houston Texans,77,75,60,78,52,65,84,83,83,86,79,84,80,70,73,80,27,24,23,22,16,18,25,55,54,35,77,53,28,40,46,58,21,15,24,18,18,35,17,21,19,18,22,28,26,27,30,27,31,26,32,18,21,2304,,https://www.maddenratings.com/graham-mertz
Houston Texans,James Neal III,LT,Left Tackle,70,Power,60,23,"March 18, 2003",,Iowa State,,,,,66,72,86,49,59,80,85,83,81,13,10,6,6,6,6,6,28,14,14,14,5,5,13,30,15,24,51,14,16,10,10,11,44,63,24,27,24,27,18,15,36,10,69,67,73,68,71,68,67,75,13,13,10,1870,,https://www.maddenratings.com/james-neal-iii
Indianapolis Colts,Jonathan Taylor,HB,Halfback,28,Power Back,96,27,"January 19, 1999",United States,Wisconsin,7,2020,41,Indianapolis Colts,94,93,82,86,96,84,91,96,92,29,15,25,20,15,17,14,71,59,55,64,56,49,51,97,96,88,87,95,94,81,93,28,27,10,10,25,33,13,12,19,25,14,34,58,37,27,24,29,24,32,17,15,45,2643,"Freight Train Freight Trains are relentless runners who refuse to go down on first contact. When they enter the zone, this ability increases their chance to break the next tackle. Arm Bar Ballcarriers with this ability have more powerful stiff arm animations and have a larger timing window for landing perfect stiff arms Tank Ballcarriers with this ability have an increased chance to break hit-stick tackle attempts made on them. Clutch When playing from behind, players with this ability can easily enter the Zone.",https://www.maddenratings.com/jonathan-taylor
Indianapolis Colts,Quenton Nelson,LG,Left Guard,56,Power,94,30,"March 19, 1996",United States,Notre Dame,9,2018,6,Indianapolis Colts,73,68,97,67,97,67,96,90,91,27,15,6,6,6,6,6,19,12,10,10,10,10,12,35,11,37,57,16,10,10,12,12,34,10,10,27,36,18,9,10,28,10,96,86,95,97,95,85,88,94,21,15,10,2075,Puller Elite Blockers with this ability will frequently attempt slightly improved pull blocks vs. DBs Nasty Streak Blockers with this ability will dominantly win impact blocks against linebackers and defensive backs when playing as a lineman or fullback.,https://www.maddenratings.com/quenton-nelson
Indianapolis Colts,Sauce Gardner,CB,Cornerback,1,Man to Man,90,24,"August 31, 2001",United States,Cincinnati,5,2022,4,New York Jets,92,94,65,91,86,92,96,98,92,27,10,6,6,6,6,6,76,65,64,32,22,18,35,64,61,36,91,72,41,67,75,20,64,38,52,57,78,88,90,89,69,96,35,35,55,35,35,35,35,21,17,16,40,2792,"Inside Shade Defenders with this ability have a slightly increased chance to react much faster to receiver cut moves when in man coverage and inside the numbers Deep Out Zone KO Defenders with this ability have a slightly improved chance to force catch knockouts and react quicker in deep zone coverage, 20+ yards from the LoS and outside the hash marks.",https://www.maddenratings.com/sauce-gardner
Indianapolis Colts,Charvarius Ward,CB,Cornerback,7,Zone,88,30,"May 16, 1996",United States,Mid Tenn St.,9,,,,90,85,65,85,95,87,88,92,81,21,14,16,11,7,22,21,73,60,55,31,28,21,39,61,63,63,84,66,54,72,79,33,73,41,47,46,78,94,88,93,54,92,35,23,56,35,35,35,35,16,15,12,42,2807,Short Route KO Defenders with this ability have a slightly improved chance to succeed at catch tackle knockouts in man-to-man versus short routes less than 10 yards from the LoS,https://www.maddenratings.com/charvarius-ward
Indianapolis Colts,Bernhard Raimann,LT,Left Tackle,79,Power,86,28,"September 23, 1997",Austria,Central Michigan,5,2022,77,Indianapolis Colts,70,79,92,72,87,75,90,87,83,22,12,12,10,9,15,6,46,43,45,32,26,21,33,50,33,34,59,46,37,24,29,17,33,10,10,27,34,15,14,16,23,10,86,88,91,84,88,91,84,85,33,31,10,2359,,https://www.maddenratings.com/bernhard-raimann
Indianapolis Colts,Tanor Bortolini,C,Center,60,Agile,86,24,"June 18, 2002",United States,Wisconsin,3,2024,117,Indianapolis Colts,74,82,88,78,90,79,91,90,82,21,8,7,6,5,5,5,25,12,10,10,7,6,13,40,6,10,70,10,10,10,10,7,37,22,20,25,33,21,12,12,38,9,91,79,86,90,93,77,80,88,9,12,10,2011,,https://www.maddenratings.com/tanor-bortolini
Indianapolis Colts,Camryn Bynum,,,,Run Support,84,28,"July 19, 1998",United States,California,6,2021,125,Minnesota Vikings,88,88,66,83,85,82,92,92,85,24,10,6,6,6,6,6,74,66,55,41,35,33,46,59,43,28,87,72,29,67,72,15,82,36,42,57,88,86,75,81,73,72,35,35,60,35,35,35,35,20,10,11,52,2702,,https://www.maddenratings.com/camryn-bynum
Indianapolis Colts,Alec Pierce,WR,Wide Receiver,14,Deep Threat,84,26,"May 2, 2000",United States,Cincinnati,5,2022,53,Indianapolis Colts,94,94,67,79,88,92,87,83,84,26,19,15,10,10,15,15,93,85,85,80,83,86,84,75,70,40,83,75,50,68,73,20,29,10,10,29,35,26,23,27,24,20,41,35,45,22,29,24,28,26,19,16,65,2611,,https://www.maddenratings.com/alec-pierce
Indianapolis Colts,Grover Stewart,DT,Defensive Tackle,90,,84,32,"October 20, 1993",United States,Albany St.,10,2017,144,Indianapolis Colts,73,71,90,57,87,66,93,82,92,19,10,6,6,6,6,6,30,17,22,13,5,3,12,26,12,34,49,25,29,16,20,12,87,76,62,88,84,90,22,35,75,10,45,45,88,45,45,45,45,36,15,15,10,2158,,https://www.maddenratings.com/grover-stewart
Indianapolis Colts,Rigoberto Sanchez,P,Punter,8,Accurate,83,31,"September 8, 1994",United States,Hawaii,10,,,,69,70,51,62,71,59,85,85,69,39,18,37,32,26,26,18,38,14,18,12,12,12,12,47,14,21,50,28,16,19,10,21,29,10,10,28,24,24,18,26,33,13,20,20,22,18,18,19,17,16,94,92,10,1722,,https://www.maddenratings.com/rigoberto-sanchez
Indianapolis Colts,Tyler Warren,TE,Tight End,84,Vertical Threat,83,24,"May 24, 2002",United States,Penn State,2,2025,14,Indianapolis Colts,84,88,80,85,85,90,94,90,92,63,44,56,50,41,38,43,88,82,82,77,73,68,77,73,69,68,80,80,70,64,70,43,46,41,45,48,47,28,39,24,38,15,62,63,69,64,60,62,64,60,35,33,42,3272,"Mid Out Elite Receivers with this ability catch more consistently while catching passes less than 10-20 yards from the LoS, outside the numbers Short Out Elite Receivers with this ability catch more consistently while catching passes less than 10 yards from the LoS, outside the numbers",https://www.maddenratings.com/tyler-warren
Indianapolis Colts,Laiatu Latu,LEDG,Left Edge,97,Smaller Speed Rusher,82,25,"December 31, 2000",United States,UCLA,3,2024,15,Indianapolis Colts,84,88,77,81,86,78,85,83,84,19,16,5,5,5,5,5,64,45,41,15,15,15,15,51,39,25,72,36,10,35,39,13,81,81,85,79,84,81,48,52,76,30,45,45,80,45,45,45,45,25,15,10,10,2443,,https://www.maddenratings.com/laiatu-latu
Indianapolis Colts,Cam Taylor-Britt,CB,Cornerback,26,Zone,81,26,"October 15, 1999",United States,Nebraska,5,2022,60,Cincinnati Bengals,92,92,64,85,83,81,89,91,83,48,32,46,44,41,42,35,78,77,50,32,27,24,29,64,52,33,84,60,28,65,73,48,67,39,46,56,73,83,75,83,72,73,34,33,55,33,34,33,34,18,18,15,55,2901,,https://www.maddenratings.com/cam-taylor-britt
Indianapolis Colts,Josh Downs,WR,Wide Receiver,2,Slot,80,24,"August 12, 2001",United States,North Carolina,4,2023,79,Indianapolis Colts,90,93,51,91,82,91,90,86,86,54,33,46,40,39,43,35,92,83,82,81,81,78,69,74,71,33,90,82,38,69,76,34,22,10,10,22,27,15,10,10,19,10,41,25,34,15,22,17,15,19,27,25,74,2652,,https://www.maddenratings.com/josh-downs
Indianapolis Colts,Luke Rhodes,LS,Long Snapper,46,Accurate,79,33,"December 2, 1992",United States,William Mary,11,,,,80,80,80,75,65,84,93,79,88,29,10,6,6,6,6,6,54,41,43,39,35,29,24,47,25,45,69,52,44,42,55,18,75,58,48,65,70,54,48,55,79,53,45,47,72,40,35,50,43,56,17,20,35,2520,,https://www.maddenratings.com/luke-rhodes
Indianapolis Colts,Daniel Jones,QB,Quarterback,17,Field General,78,29,"May 27, 1997",United States,Duke,8,2019,6,New York Giants,87,87,67,82,79,80,82,83,95,87,88,93,85,81,84,85,38,41,26,14,13,12,11,56,71,55,74,89,46,54,71,73,24,10,10,22,31,19,13,18,14,10,15,15,24,17,12,18,15,23,60,50,10,2519,,https://www.maddenratings.com/daniel-jones
Indianapolis Colts,Mekhi Blackmon,CB,Cornerback,29,Zone,76,27,"March 18, 1999",United States,USC,4,2023,102,Minnesota Vikings,90,95,55,90,73,86,84,90,85,27,10,6,6,6,6,6,71,66,58,52,42,35,49,55,57,25,89,71,29,66,75,13,70,29,42,40,72,74,71,75,64,74,34,26,44,35,35,26,26,13,11,15,67,2611,,https://www.maddenratings.com/mekhi-blackmon
Indianapolis Colts,Matt Goncalves,RG,Right Guard,71,Power,75,25,"January 26, 2001",United States,Pittsburgh,3,2024,79,Indianapolis Colts,66,71,84,54,78,75,85,86,86,17,5,7,6,5,7,5,12,12,10,10,10,8,12,25,10,20,51,10,26,10,10,11,32,10,10,28,31,13,11,11,25,9,78,79,82,80,76,81,77,79,16,14,10,1836,,https://www.maddenratings.com/matt-goncalves
Indianapolis Colts,Arden Key,REDG,Right Edge,98,,74,30,"May 3, 1996",United States,LSU,9,2018,87,Las Vegas Raiders,80,77,79,76,81,76,87,76,79,10,14,6,6,6,6,6,35,16,19,10,8,4,12,32,13,28,64,21,31,29,36,12,78,68,76,79,82,80,34,46,82,21,45,45,81,45,45,45,45,14,17,12,10,2185,,https://www.maddenratings.com/arden-key
Indianapolis Colts,A.J. Haulcy,SS,Strong Safety,25,Zone,74,22,"January 10, 2004",,LSU,,,,,88,89,72,85,78,87,89,94,91,26,12,6,6,6,6,6,64,62,65,45,42,35,39,61,58,53,83,63,44,56,66,15,64,38,48,54,75,76,71,73,74,70,35,35,58,35,35,35,35,27,24,23,64,2741,,https://www.maddenratings.com/aj-haulcy
Indianapolis Colts,CJ Allen,MIKE,Mike Backer,53,,74,21,"March 1, 2005",,Georgia,,,,,88,90,75,83,75,87,85,85,88,24,10,6,6,6,6,6,68,50,50,25,20,15,18,67,46,56,75,65,63,49,61,16,83,55,54,72,84,74,62,62,82,46,42,45,78,52,53,45,45,28,14,13,14,2667,,https://www.maddenratings.com/cj-allen
Indianapolis Colts,JT Tuimoloau,REDG,Right Edge,91,Power Rusher,74,23,"May 10, 2003",United States,Ohio State,2,2025,45,Indianapolis Colts,80,87,82,77,75,87,92,86,92,20,15,24,17,7,9,6,57,49,49,17,13,7,15,50,27,31,71,41,39,35,38,13,77,76,69,81,83,75,44,53,79,36,45,45,82,45,45,45,45,23,18,16,25,2515,,https://www.maddenratings.com/jt-tuimoloau
Indianapolis Colts,Nick Westbrook-Ikhine,WR,Wide Receiver,12,Slot,74,29,"March 21, 1997",United States,Indiana,7,,,,90,88,64,82,79,85,91,83,84,31,20,20,15,10,15,6,84,83,85,78,76,76,74,76,71,54,80,75,51,71,76,23,32,10,10,36,38,17,14,19,29,18,55,34,47,25,20,26,22,26,19,15,29,2537,,https://www.maddenratings.com/nick-westbrook-ikhine
Indianapolis Colts,Spencer Shrader,K,Kicker,3,Power,74,27,"May 19, 1999",United States,Notre Dame,3,,,,67,65,42,60,58,59,85,78,63,28,17,33,28,21,18,20,32,15,12,10,8,7,12,29,10,14,51,15,15,10,10,14,25,10,10,11,21,10,11,12,16,10,12,13,19,12,12,13,13,12,94,84,10,1436,,https://www.maddenratings.com/spencer-shrader
Indianapolis Colts,Blake Grupe,K,Kicker,10,Power,73,27,"November 5, 1998",United States,Notre Dame,4,,,,76,75,28,64,59,63,87,82,54,27,15,31,21,20,24,20,32,17,19,20,15,12,16,23,14,11,52,23,10,15,21,14,24,10,10,11,27,15,15,14,21,10,20,20,15,16,16,17,17,10,94,78,10,1530,,https://www.maddenratings.com/blake-grupe
Indianapolis Colts,Caden Curry,LEDG,Left Edge,55,,73,23,"May 24, 2003",,Ohio State,,,,,76,79,83,77,68,80,90,78,90,19,16,20,13,12,21,25,47,39,39,17,15,10,18,51,36,35,66,36,39,39,39,20,83,73,64,81,81,68,38,44,85,33,45,45,82,45,45,45,45,20,27,20,29,2491,,https://www.maddenratings.com/caden-curry
Indianapolis Colts,Derrick Nnadi,DT,Defensive Tackle,92,,73,30,"May 9, 1996",United States,Florida State,9,2018,75,Kansas City Chiefs,72,64,88,53,84,68,90,80,93,24,16,6,6,6,6,6,25,15,15,15,7,3,15,27,16,46,45,24,37,18,25,12,81,69,57,72,79,86,19,28,79,15,45,45,89,45,45,45,45,31,17,12,10,2121,,https://www.maddenratings.com/derrick-nnadi
Indianapolis Colts,Jaylon Jones,CB,Cornerback,40,Zone,73,24,"April 3, 2002",United States,Texas AM,4,2023,221,Indianapolis Colts,89,93,62,87,75,90,86,92,80,33,15,17,13,11,19,6,67,67,62,39,37,33,49,63,63,48,81,72,52,64,69,16,61,35,44,52,75,75,71,74,75,75,35,25,51,35,35,25,25,15,15,13,60,2721,,https://www.maddenratings.com/jaylon-jones-cb
Indianapolis Colts,Akeem Davis-Gaither,WILL,Weak Backer,51,Run Stopper,72,28,"September 21, 1997",United States,Appalach. St.,7,2020,107,Cincinnati Bengals,86,90,70,85,73,86,85,84,88,30,10,15,10,10,15,15,63,60,45,33,28,18,15,62,38,54,77,52,46,60,63,15,82,52,58,67,83,73,60,67,82,60,35,40,76,35,35,35,35,17,25,19,40,2657,,https://www.maddenratings.com/akeem-davis-gaither
Indianapolis Colts,Ashton Dulin,WR,Wide Receiver,16,Deep Threat,72,29,"May 15, 1997",United States,Malone University,8,,,,92,91,61,87,74,88,88,85,83,35,20,22,16,12,21,16,83,79,80,72,71,74,71,74,73,47,80,80,49,74,78,20,41,10,10,28,43,15,10,18,27,15,42,33,44,25,22,26,22,23,18,14,83,2565,,https://www.maddenratings.com/ashton-dulin
Indianapolis Colts,Jalen Farmer,RG,Right Guard,62,Power,72,22,"July 27, 2004",,Kentucky,,,,,75,75,87,65,73,68,84,89,85,14,13,6,6,6,6,6,29,29,11,15,5,5,15,21,10,25,56,15,15,10,10,13,46,40,38,32,41,27,10,12,32,10,76,75,82,76,75,75,72,80,25,25,10,2001,,https://www.maddenratings.com/jalen-farmer
Indianapolis Colts,Cameron Mitchell,CB,Cornerback,43,Man to Man,71,24,"September 8, 2001",United States,Northwestern,4,2023,142,Cleveland Browns,90,93,61,87,68,84,88,92,82,28,16,15,10,10,15,15,62,57,51,22,21,18,22,54,54,31,89,70,42,67,73,10,41,30,40,40,62,66,73,67,56,72,12,10,41,34,33,34,22,11,20,19,70,2450,,https://www.maddenratings.com/cameron-mitchell
Indianapolis Colts,Jerry Tillery,DT,Defensive Tackle,94,,71,29,"October 8, 1996",United States,Notre Dame,8,2019,28,Los Angeles Chargers,74,77,85,71,72,78,90,82,81,19,10,6,6,6,6,6,30,18,21,10,3,2,12,35,19,20,65,24,32,15,25,12,82,72,63,74,76,69,22,28,83,10,51,52,88,51,47,50,53,45,27,24,10,2189,,https://www.maddenratings.com/jerry-tillery
Indianapolis Colts,Jonathan Owens,FS,Free Safety,38,Zone,71,31,"July 22, 1995",United States,Missouri W State,8,,,,90,91,66,82,72,93,86,91,84,18,10,6,6,6,6,6,72,63,56,37,33,29,34,67,47,41,84,62,42,62,70,17,70,26,30,48,79,70,62,68,75,65,16,12,59,35,35,35,35,14,17,22,30,2532,,https://www.maddenratings.com/jonathan-owens
Indianapolis Colts,Justin Walley,CB,Cornerback,27,Man to Man,71,23,"September 22, 2002",United States,Minnesota,2,2025,80,Indianapolis Colts,92,91,55,83,66,78,89,91,94,21,8,6,6,6,6,6,74,70,64,23,19,18,22,65,57,41,82,78,31,66,70,15,56,22,39,44,69,67,72,76,56,75,35,35,42,25,35,25,35,24,30,25,48,2528,,https://www.maddenratings.com/justin-walley
Indianapolis Colts,Mo Alie-Cox,TE,Tight End,81,Possession,71,32,"September 19, 1993",United States,Virginia Commonwealth,9,,,,82,80,70,73,67,87,89,86,86,25,14,15,10,6,10,6,83,84,81,68,64,61,71,72,62,66,63,63,64,54,62,18,28,10,10,19,25,21,10,13,12,10,66,64,65,65,61,63,60,54,19,14,10,2541,,https://www.maddenratings.com/mo-alie-cox
Indianapolis Colts,Micheal Clemons,LEDG,Left Edge,72,Power Rusher,71,28,"August 21, 1997",United States,Texas AM,5,2022,117,New York Jets,77,83,80,73,74,84,86,73,87,23,12,20,15,10,10,6,30,26,20,10,8,4,12,28,23,27,64,29,31,29,27,19,79,74,60,77,82,72,20,28,81,26,45,45,84,45,45,45,45,18,15,12,10,2208,,https://www.maddenratings.com/micheal-clemons
Indianapolis Colts,Anthony Richardson,QB,Quarterback,5,,70,24,"May 22, 2002",United States,Florida,4,2023,4,Indianapolis Colts,91,92,73,88,51,93,81,73,90,96,75,79,77,74,72,86,39,19,17,20,16,13,17,57,79,78,87,91,79,75,78,82,33,10,10,27,29,17,11,17,26,10,26,16,34,20,23,20,15,28,22,17,20,2569,,https://www.maddenratings.com/anthony-richardson
Indianapolis Colts,DJ Giddens,HB,Halfback,21,Power Back,70,22,"August 26, 2003",United States,Kansas State,2,2025,151,Indianapolis Colts,91,92,70,77,69,91,90,87,89,28,33,12,13,18,21,30,63,51,52,59,57,52,50,92,80,80,80,82,81,74,80,30,35,29,32,39,36,26,21,27,36,21,35,49,38,32,30,41,39,31,35,18,38,2662,,https://www.maddenratings.com/dj-giddens
Indianapolis Colts,George Gumbs Jr.,REDG,Right Edge,52,Power Rusher,70,23,"October 25, 2002",,Florida,,,,,84,83,75,82,72,90,85,80,84,24,16,24,24,10,24,16,71,58,57,53,48,45,45,63,48,47,67,58,48,50,58,20,80,71,67,73,78,70,40,46,81,54,45,45,74,45,45,45,45,26,27,20,45,2831,,https://www.maddenratings.com/george-gumbs-jr
Indianapolis Colts,Jaylon Carlies,WILL,Weak Backer,57,Pass Coverage,70,24,"September 13, 2001",United States,Missouri,3,2024,151,Indianapolis Colts,89,90,72,83,73,83,93,82,85,22,8,16,15,6,9,8,76,67,64,15,8,7,12,61,35,45,71,43,42,55,56,12,77,51,62,60,78,69,60,70,86,70,45,35,71,40,40,35,35,26,14,13,10,2550,,https://www.maddenratings.com/jaylon-carlies
Indianapolis Colts,Adetomiwa Adebawore,DT,Defensive Tackle,95,Power Rusher,69,25,"March 4, 2001",United States,Northwestern,4,2023,110,Indianapolis Colts,89,92,84,79,69,88,92,75,88,21,5,14,10,6,7,7,30,26,24,13,6,5,14,35,12,33,73,24,32,37,41,15,69,75,67,71,75,69,19,25,79,24,45,40,81,45,45,40,40,25,25,21,10,2236,,https://www.maddenratings.com/adetomiwa-adebawore
Indianapolis Colts,Anthony Gould,WR,Wide Receiver,6,Deep Threat,69,25,"April 6, 2001",United States,Oregon State,3,2024,142,Indianapolis Colts,94,95,47,86,58,89,87,80,81,26,18,15,10,10,15,15,78,78,78,71,72,73,70,67,67,27,89,74,31,64,72,16,20,10,10,16,23,17,10,16,14,14,31,24,33,16,22,12,18,21,19,13,82,2294,,https://www.maddenratings.com/anthony-gould
Indianapolis Colts,Bryce Boettcher,MIKE,Mike Backer,50,Field General,69,24,"July 8, 2002",,Oregon,,,,,87,89,74,78,71,83,88,86,87,51,36,45,43,41,32,38,57,55,54,25,20,15,13,55,34,45,77,44,42,38,57,45,79,57,62,67,81,69,66,64,80,45,46,51,77,55,55,41,41,23,16,16,19,2815,,https://www.maddenratings.com/bryce-boettcher
Indianapolis Colts,Colby Wooden,DT,Defensive Tackle,96,,69,25,"December 21, 2000",United States,Auburn,4,2023,116,Green Bay Packers,79,87,78,68,72,76,92,77,81,14,10,9,7,6,6,8,28,25,23,15,11,9,14,35,35,40,66,36,42,35,42,12,80,68,72,73,75,73,24,33,85,10,45,40,74,45,45,40,40,44,11,8,10,2233,,https://www.maddenratings.com/colby-wooden
Indianapolis Colts,Deion Burks,WR,Wide Receiver,80,,69,23,"January 8, 2003",,Oklahoma,,,,,95,94,64,81,48,93,79,82,81,32,21,23,18,15,20,20,77,82,78,73,73,71,71,73,75,54,87,82,58,74,81,40,35,24,21,31,39,30,34,32,30,35,48,28,38,29,31,27,25,25,24,27,62,2690,,https://www.maddenratings.com/deion-burks
Indianapolis Colts,Daniel Scott,FS,Free Safety,32,Hybrid,68,27,"October 26, 1998",United States,California,4,2023,158,Indianapolis Colts,91,93,67,91,64,93,88,88,79,35,17,34,28,24,27,16,70,68,61,45,41,39,48,60,55,42,86,67,45,65,72,17,61,47,55,47,65,60,70,68,67,67,35,30,49,35,35,30,30,20,25,21,55,2788,,https://www.maddenratings.com/daniel-scott
Indianapolis Colts,Jalen Travis,RT,Right Tackle,75,Power,68,24,"April 19, 2002",United States,Iowa State,2,2025,127,Indianapolis Colts,68,70,88,57,68,84,87,86,87,17,12,6,6,6,6,6,22,18,21,18,5,5,23,28,11,26,50,14,51,10,17,15,28,26,20,29,21,24,11,14,32,15,73,73,82,73,71,75,73,80,13,17,10,1948,,https://www.maddenratings.com/jalen-travis
Indianapolis Colts,Laquon Treadwell,WR,Wide Receiver,13,,68,31,"June 14, 1995",United States,Ole Miss,10,,,,84,85,70,81,72,86,88,83,83,37,22,21,19,18,23,20,83,83,80,74,72,72,71,74,72,57,75,80,76,69,76,22,38,11,11,37,40,21,16,24,15,16,45,43,43,32,26,11,15,21,23,22,25,2563,,https://www.maddenratings.com/laquon-treadwell
Indianapolis Colts,Raylen Sharpe,WR,Wide Receiver,8,,68,24,"March 27, 2002",,Arkansas,,,,,87,92,58,85,59,88,87,84,85,29,23,25,22,15,16,16,83,76,75,66,69,70,69,67,75,43,86,81,53,76,82,21,37,28,27,30,36,35,30,28,33,23,47,20,39,18,20,26,17,26,30,29,74,2616,,https://www.maddenratings.com/raylen-sharpe
Indianapolis Colts,Johnathan Edwards,CB,Cornerback,35,Man to Man,67,24,"November 16, 2001",United States,Tulane,2,,,,92,90,59,83,63,91,86,85,87,25,10,6,6,6,6,6,66,59,52,24,16,12,24,55,49,28,77,65,35,65,72,13,60,29,33,45,73,60,69,65,57,69,35,30,45,35,35,30,30,15,14,12,50,2404,,https://www.maddenratings.com/johnathan-edwards
Indianapolis Colts,Riley Leonard,QB,Quarterback,15,,67,23,"September 13, 2002",United States,Notre Dame,2,2025,189,Indianapolis Colts,86,83,70,84,60,77,87,88,87,89,72,82,77,74,79,83,39,16,18,16,16,21,28,69,72,58,83,81,54,67,72,78,37,35,33,34,25,16,17,44,34,32,38,26,32,31,28,30,27,24,35,33,28,2705,,https://www.maddenratings.com/riley-leonard
Indianapolis Colts,Tim Smith,DT,Defensive Tackle,93,,67,23,"August 9, 2002",United States,Alabama,2,2025,190,Indianapolis Colts,68,71,83,60,67,60,93,78,90,16,12,15,10,7,16,12,21,18,18,16,14,12,16,37,21,33,58,31,37,15,17,11,80,67,56,74,73,66,16,12,82,11,45,45,83,45,45,45,45,22,18,18,22,2103,,https://www.maddenratings.com/tim-smith
Indianapolis Colts,Austin Ajiake,WILL,Weak Backer,58,Run Stopper,66,26,"June 30, 2000",United States,UNLV,2,,,,86,90,65,79,61,84,86,86,86,23,11,6,6,6,6,6,53,45,44,25,22,19,23,57,39,43,80,45,43,47,48,22,80,52,54,65,83,59,57,64,79,45,45,45,71,45,45,45,45,22,21,18,10,2492,,https://www.maddenratings.com/austin-ajiake
Indianapolis Colts,Eli Pancol,WR,Wide Receiver,83,Deep Threat,66,26,"July 7, 2000",United States,Duke,2,,,,92,89,69,85,64,86,85,79,83,22,19,15,10,6,10,6,80,77,77,68,69,70,69,75,70,52,83,75,46,67,73,22,27,10,10,27,32,18,18,23,22,18,50,25,46,30,27,21,19,21,19,15,75,2446,,https://www.maddenratings.com/eli-pancol
Indianapolis Colts,Juanyeh Thomas,SS,Strong Safety,33,Zone,66,26,"June 24, 2000",United States,Georgia Tech,5,,,,87,92,65,76,64,82,92,88,81,24,11,6,6,6,6,6,62,57,53,31,29,25,34,65,54,47,84,71,42,60,67,15,69,38,47,61,77,62,63,68,67,66,35,34,64,35,35,34,34,23,14,16,67,2597,,https://www.maddenratings.com/juanyeh-thomas
Indianapolis Colts,Blake Freeland,LT,Left Tackle,73,,65,25,"May 3, 2001",United States,BYU,4,2023,106,Indianapolis Colts,73,81,83,72,66,87,88,84,85,54,35,48,46,39,43,42,53,54,53,51,48,45,57,57,49,51,55,52,55,40,44,52,47,55,44,47,51,10,14,15,58,10,70,67,75,65,75,64,70,69,21,23,15,2807,,https://www.maddenratings.com/blake-freeland
Indianapolis Colts,Dalton Tucker,LG,Left Guard,68,Power,65,26,"March 18, 2000",United States,Marshall,3,,,,66,62,82,63,63,79,88,83,87,21,10,6,6,6,6,6,35,12,10,10,5,5,12,20,5,15,57,10,10,10,10,12,29,10,10,20,23,10,12,12,12,10,73,68,77,75,70,71,65,79,16,12,10,1736,,https://www.maddenratings.com/dalton-tucker
Indianapolis Colts,Drew Ogletree,TE,Tight End,85,Vertical Threat,65,28,"July 28, 1998",United States,Youngstown St.,5,2022,192,Indianapolis Colts,81,85,74,77,68,84,86,80,78,25,11,15,10,6,12,6,79,76,73,65,60,55,61,74,61,69,67,62,68,58,64,21,26,10,10,24,31,21,10,10,34,10,58,62,64,57,58,59,62,54,19,14,10,2514,,https://www.maddenratings.com/drew-ogletree
Indianapolis Colts,Hunter Wohler,SS,Strong Safety,30,Zone,65,23,"January 12, 2003",United States,Wisconsin,2,2025,232,Indianapolis Colts,87,90,63,92,62,88,84,88,84,24,12,6,6,6,6,6,64,57,52,27,20,16,25,60,49,44,83,64,42,55,63,14,67,37,34,51,74,60,61,66,74,66,35,35,51,35,35,35,35,25,19,15,70,2519,,https://www.maddenratings.com/hunter-wohler
Indianapolis Colts,Seth McGowan,HB,Halfback,20,Elusive Back,65,24,"October 23, 2001",,Kentucky,,,,,89,90,75,83,70,93,88,82,87,28,23,25,20,15,20,22,63,52,60,62,54,48,52,77,78,75,79,80,69,72,78,23,24,20,20,24,28,23,20,23,21,21,40,51,42,32,36,36,33,38,33,31,46,2574,,https://www.maddenratings.com/seth-mcgowan
Indianapolis Colts,Will Mallory,TE,Tight End,86,Vertical Threat,65,27,"June 2, 1999",United States,Miami,4,2023,162,Indianapolis Colts,87,89,72,77,66,87,92,88,91,27,14,22,16,11,18,13,78,78,76,63,58,56,60,70,64,64,73,79,66,59,72,15,33,10,10,33,39,15,10,15,26,15,52,52,59,47,52,46,51,48,17,13,20,2564,,https://www.maddenratings.com/will-mallory
Indianapolis Colts,Lincoln Pare,HB,Halfback,36,Elusive Back,63,25,"June 29, 2001",,Texas State,,,,,87,90,71,79,56,88,89,82,87,33,24,24,20,15,26,22,69,51,51,62,54,50,54,92,75,70,77,79,68,71,78,23,26,31,25,22,25,23,17,22,28,23,41,48,40,38,34,28,25,40,21,23,55,2552,,https://www.maddenratings.com/lincoln-pare
Indianapolis Colts,Sean McKeon,TE,Tight End,49,Vertical Threat,63,28,"December 28, 1997",United States,Michigan,7,,,,83,83,72,74,59,84,84,82,81,30,10,15,10,6,10,6,79,78,76,64,60,55,64,68,52,60,72,61,61,58,60,14,52,41,36,38,40,38,14,21,43,17,59,59,63,58,55,58,54,55,21,19,18,2630,,https://www.maddenratings.com/sean-mckeon
Indianapolis Colts,Austin Brown,FS,Free Safety,31,Run Support,62,22,"October 5, 2003",,Wisconsin,,,,,89,89,66,82,57,92,87,87,85,31,11,6,6,6,6,6,64,41,26,25,22,29,25,51,45,42,84,63,44,57,64,16,72,37,31,68,72,54,55,61,77,62,35,53,57,35,35,35,35,47,16,15,51,2507,,https://www.maddenratings.com/austin-brown
Indianapolis Colts,Easton Stick,QB,Quarterback,4,,62,30,"September 15, 1995",United States,North Dakota St.,8,2019,166,Los Angeles Chargers,84,85,65,89,65,78,93,79,90,83,72,78,75,72,77,78,27,18,22,21,16,14,16,65,68,55,85,77,43,68,65,74,23,10,10,23,30,17,11,17,20,10,21,14,22,16,12,13,13,14,29,28,10,2360,,https://www.maddenratings.com/easton-stick
Indianapolis Colts,Luke Tenuta,RT,Right Tackle,67,,62,26,"September 1, 1999",United States,Virginia Tech,5,2022,209,Buffalo Bills,58,63,81,59,70,78,89,82,75,23,8,6,6,6,6,6,34,15,15,20,5,5,15,35,11,25,54,15,19,10,10,12,49,54,43,57,51,42,10,12,47,10,65,70,75,64,66,67,74,83,21,13,10,1999,,https://www.maddenratings.com/luke-tenuta
Indianapolis Colts,Trey Washington,FS,Free Safety,41,Hybrid,62,23,"December 9, 2002",United States,Ole Miss,2,,,,89,92,67,77,60,86,86,87,84,25,13,6,6,6,6,6,64,55,57,23,13,10,14,58,56,32,72,59,31,63,71,16,64,35,33,45,71,58,63,66,76,60,35,35,57,35,35,35,35,12,18,14,74,2446,,https://www.maddenratings.com/trey-washington
Indianapolis Colts,West Weeks,MIKE,Mike Backer,47,Pass Coverage,62,23,"August 13, 2002",,LSU,,,,,87,89,71,80,57,77,88,85,84,24,10,6,6,6,6,6,63,49,50,15,5,5,14,68,45,46,70,32,45,36,39,12,76,52,48,62,79,55,60,65,79,40,45,45,75,45,45,45,45,56,22,21,10,2446,,https://www.maddenratings.com/west-weeks
Indianapolis Colts,Nolan Rucci,LT,Left Tackle,76,Power,61,24,"August 5, 2002",,Penn State,,,,,58,58,84,55,58,74,87,88,86,18,10,6,6,6,6,6,37,13,17,14,5,5,13,35,18,27,52,19,19,10,10,15,35,45,52,35,29,23,13,15,46,10,71,69,79,69,73,70,68,77,18,14,10,1936,,https://www.maddenratings.com/nolan-rucci
Indianapolis Colts,Josh Sills,RG,Right Guard,66,Power,60,28,"January 26, 1998",United States,Oklahoma St.,5,,,,63,65,78,63,61,64,90,79,87,25,7,5,5,5,5,5,35,30,24,22,16,14,15,40,15,25,53,18,32,20,22,9,25,31,23,33,31,23,11,11,35,10,68,66,72,71,66,68,62,78,43,38,10,1972,,https://www.maddenratings.com/josh-sills
Indianapolis Colts,Jimmy Morrissey,C,Center,65,Agile,59,28,"June 9, 1998",United States,Pittsburgh,6,,,,61,80,81,68,70,76,90,82,82,30,13,6,6,6,6,6,35,12,10,10,5,5,12,36,5,15,59,10,10,10,10,12,37,31,22,24,29,32,12,15,31,10,66,62,82,64,68,61,63,80,25,25,10,1868,,https://www.maddenratings.com/jimmy-morrissey
Indianapolis Colts,Geno VanDeMark,C,Center,63,Power,59,24,"June 22, 2002",,Alabama,,,,,64,66,81,63,59,68,86,81,89,22,10,6,6,6,6,6,30,15,15,15,5,5,15,44,5,15,53,10,10,10,10,12,41,19,15,30,32,30,15,15,15,10,69,70,74,70,73,70,69,73,18,12,10,1818,,https://www.maddenratings.com/geno-vandemark
Jacksonville Jaguars,Josh Hines Allen,REDG,Right Edge,41,Smaller Speed Rusher,89,29,"July 13, 1997",United States,Kentucky,8,,,,87,87,83,84,94,92,93,89,91,24,10,6,6,6,6,6,74,60,61,48,40,36,44,67,37,51,73,53,52,48,55,12,86,83,89,82,89,92,52,62,82,58,45,45,88,45,45,45,45,12,15,17,20,2872,"Unstoppable Force Elite pass rushers are a mix of strength, speed, and tenacity. When they enter the zone, this ability increases their win rate and block shed speed against one-on-one pass blocks. Edge Threat Defenders with this ability are slightly more likely to use faster, more dominant pass rush moves while rushing from the edge of the defense, and have more favorable disengage angles. Unpredictable Defenders with this ability are less likely to increase their blocker's resistance bars when performing shed wins",https://www.maddenratings.com/josh-hines-allen
Jacksonville Jaguars,Foyesade Oluokun,MIKE,Mike Backer,23,Field General,86,31,"August 2, 1995",United States,Yale,9,2018,200,Atlanta Falcons,87,87,70,84,89,88,90,94,86,28,10,15,10,10,6,6,73,47,49,20,10,10,15,62,26,34,78,41,36,32,42,15,90,56,49,74,94,88,68,76,87,63,35,35,81,35,35,35,35,17,20,14,40,2577,"Secure Tackler Defenders with this ability have an increased chance to avoid fakeouts. Flat Zone KO Defenders with this ability have a slightly improved chance to force catch knockouts and react quicker in any flat zone coverage, less than 10 yards from the LoS and outside the hash marks.",https://www.maddenratings.com/foyesade-oluokun
Jacksonville Jaguars,Trevor Lawrence,QB,Quarterback,16,Field General,84,26,"October 6, 1999",United States,Clemson,6,2021,1,Jacksonville Jaguars,89,87,69,88,88,81,88,92,91,92,87,91,88,81,83,84,50,28,25,29,18,13,20,66,76,60,83,85,54,75,74,81,27,10,10,24,31,18,13,18,19,10,21,16,26,18,16,14,18,19,27,23,13,2607,,https://www.maddenratings.com/trevor-lawrence
Jacksonville Jaguars,Jourdan Lewis,CB,Cornerback,2,Man to Man,83,30,"August 31, 1995",United States,Michigan,10,2017,92,Dallas Cowboys,88,87,67,84,94,85,89,88,84,24,10,6,6,6,6,6,73,77,73,32,22,15,26,65,66,38,83,73,38,73,78,16,69,27,36,58,78,92,84,80,66,82,35,35,61,35,35,35,35,10,26,26,81,2764,,https://www.maddenratings.com/jourdan-lewis
Jacksonville Jaguars,Travis Hunter,CB,Cornerback,12,Man to Man,83,23,"May 18, 2003",United States,Colorado,2,2025,2,Jacksonville Jaguars,93,94,61,95,74,96,87,99,93,41,24,31,26,24,31,21,85,86,83,82,80,81,79,70,76,50,96,86,59,82,86,33,68,35,44,55,77,76,82,84,71,80,42,35,58,30,28,35,35,32,26,23,78,3298,Ironman Players with this ability avoid any ratings penalties associated with playing outside of their primary position Recuperation Players with this ability will recover from the effects of Wear and Tear and fatigue at a slightly increased rate between plays.,https://www.maddenratings.com/travis-hunter
Jacksonville Jaguars,Jakobi Meyers,WR,Wide Receiver,3,Slot,82,29,"November 8, 1996",United States,N.C. State,8,,,,88,91,62,86,83,87,91,91,84,75,50,57,52,48,58,43,94,87,88,83,82,78,72,73,73,50,83,81,47,71,82,38,39,10,10,35,43,32,24,32,28,23,48,37,47,32,27,30,29,30,45,31,65,3025,,https://www.maddenratings.com/jakobi-meyers
Jacksonville Jaguars,Antonio Johnson,SS,Strong Safety,6,Zone,81,24,"October 29, 2001",United States,Texas AM,4,2023,160,Jacksonville Jaguars,88,92,55,80,79,76,89,87,85,23,11,15,10,10,15,15,64,63,53,45,40,33,49,54,71,52,80,66,51,64,71,10,77,35,49,54,84,78,79,85,85,76,35,35,51,35,35,35,35,24,19,16,60,2778,,https://www.maddenratings.com/antonio-johnson
Jacksonville Jaguars,Brian Thomas Jr.,WR,Wide Receiver,7,,81,23,"October 8, 2002",United States,LSU,3,2024,23,Jacksonville Jaguars,97,95,59,88,73,92,93,90,87,24,19,15,10,6,10,6,81,84,82,81,83,83,77,76,76,43,91,88,54,80,87,22,28,10,10,26,30,18,15,19,15,15,44,26,43,19,24,10,10,22,18,13,50,2517,,https://www.maddenratings.com/brian-thomas-jr
Jacksonville Jaguars,Parker Washington,WR,Wide Receiver,11,Slot,81,24,"March 21, 2002",United States,Penn State,4,2023,185,Jacksonville Jaguars,89,91,66,87,84,89,89,85,87,25,20,15,10,6,10,6,85,87,88,83,83,81,75,75,78,59,87,87,52,76,83,20,30,10,10,20,20,16,10,10,31,10,40,24,48,15,21,15,12,29,20,18,87,2554,,https://www.maddenratings.com/parker-washington
Jacksonville Jaguars,Cam Little,K,Kicker,39,Power,80,22,"August 17, 2003",United States,Arkansas,3,2024,212,Jacksonville Jaguars,74,78,41,65,61,70,90,83,75,29,16,32,21,12,15,15,21,15,15,15,15,15,15,20,5,10,59,10,10,15,21,11,21,10,10,12,29,15,11,12,13,10,16,17,16,16,16,17,17,16,99,92,10,1524,Zen Kicker Kickers with this ability experience a slower kicking meter for better power and accuracy on kicks over 45 yards.,https://www.maddenratings.com/cam-little
Jacksonville Jaguars,Ezra Cleveland,LG,Left Guard,76,Pass Protector,80,28,"May 8, 1998",United States,Boise State,7,2020,58,Minnesota Vikings,76,77,88,70,79,74,90,91,90,10,10,6,6,6,6,6,30,15,15,15,5,5,15,34,5,25,55,10,10,10,10,12,55,50,37,56,51,42,11,12,52,10,79,84,83,77,81,86,81,84,11,11,10,2119,,https://www.maddenratings.com/ezra-cleveland
Jacksonville Jaguars,Travon Walker,LEDG,Left Edge,44,Power Rusher,80,25,"December 18, 2000",United States,Georgia,5,2022,1,Jacksonville Jaguars,87,91,88,83,78,88,92,83,89,18,13,6,6,6,6,6,60,49,46,25,19,14,27,54,29,48,73,47,49,40,46,12,79,79,72,82,83,76,44,54,87,29,45,45,96,45,45,45,45,21,14,15,10,2589,Quick Jump Players with this ability have a slightly reduced stamina cost and slightly longer perfect window for jumping snaps.,https://www.maddenratings.com/travon-walker
Jacksonville Jaguars,Jarrian Jones,CB,Cornerback,4,Man to Man,78,25,"May 8, 2001",United States,Florida State,3,2024,96,Jacksonville Jaguars,93,93,43,88,72,93,87,85,80,32,12,16,9,8,8,6,74,65,59,32,26,22,31,61,65,27,84,70,36,68,73,12,72,28,43,46,76,72,81,78,61,68,28,25,54,23,21,14,15,15,16,18,48,2532,,https://www.maddenratings.com/jarrian-jones
Jacksonville Jaguars,Anton Harrison,RT,Right Tackle,77,Pass Protector,77,24,"February 2, 2002",United States,Oklahoma,4,2023,27,Jacksonville Jaguars,73,79,82,62,83,71,91,87,78,21,13,6,6,6,6,6,32,22,26,21,13,7,18,27,15,21,53,14,26,14,18,12,29,33,26,38,33,26,14,11,42,12,77,83,78,74,79,81,84,75,19,13,10,2046,,https://www.maddenratings.com/anton-harrison
Jacksonville Jaguars,Brenton Strange,TE,Tight End,85,Possession,77,25,"December 27, 2000",United States,Penn State,4,2023,61,Jacksonville Jaguars,83,87,77,75,76,84,89,88,89,28,11,23,18,14,15,18,85,78,80,72,64,58,67,74,68,71,69,77,72,48,58,14,53,37,44,54,64,41,42,48,55,40,69,64,69,69,63,65,61,55,22,16,15,2976,,https://www.maddenratings.com/brenton-strange
Jacksonville Jaguars,Walker Little,LT,Left Tackle,72,,77,27,"April 1, 1999",United States,Stanford,6,2021,45,Jacksonville Jaguars,65,66,86,69,85,73,81,84,83,22,15,6,6,6,6,6,26,15,15,14,5,5,16,28,6,20,58,12,15,12,11,12,35,32,24,31,21,24,11,14,39,10,79,80,83,77,81,77,81,85,18,19,9,1959,,https://www.maddenratings.com/walker-little
Jacksonville Jaguars,Arik Armstead,DT,Defensive Tackle,91,,76,32,"November 15, 1993",United States,Oregon,12,2015,17,San Francisco 49ers,73,70,91,68,76,82,92,84,89,35,17,6,6,6,6,6,38,15,10,10,3,2,12,44,16,45,60,20,45,25,15,12,85,77,67,76,81,76,32,40,80,35,45,45,88,45,45,45,45,16,30,30,10,2272,,https://www.maddenratings.com/arik-armstead
Jacksonville Jaguars,Bhayshul Tuten,HB,Halfback,33,Elusive Back,76,24,"February 14, 2002",United States,Virginia Tech,2,2025,104,Jacksonville Jaguars,95,96,75,90,61,94,88,89,87,29,26,21,15,10,14,18,65,56,54,59,52,49,59,85,81,78,87,84,73,78,83,27,37,28,30,38,38,29,26,30,34,22,35,51,37,28,29,36,33,30,35,23,85,2712,,https://www.maddenratings.com/bhayshul-tuten
Jacksonville Jaguars,Logan Cooke,P,Punter,9,Power,76,31,"July 28, 1995",United States,Mississippi St.,9,2018,247,Jacksonville Jaguars,71,66,56,49,60,61,87,86,71,43,18,26,20,16,19,17,39,15,15,15,15,15,17,41,20,17,44,16,19,10,14,25,33,10,10,26,40,16,13,16,25,10,21,21,24,21,21,21,21,17,94,82,10,1655,,https://www.maddenratings.com/logan-cooke
Jacksonville Jaguars,Dennis Gardeck,SAM,Sam Backer,47,Run Stopper,74,31,"August 9, 1994",United States,Sioux Falls,9,,,,86,85,81,73,74,87,83,82,88,28,10,6,6,6,6,6,50,37,32,14,10,6,15,45,20,37,70,37,45,37,44,12,82,70,77,76,84,72,50,59,77,34,45,45,78,45,45,45,45,12,14,17,10,2400,,https://www.maddenratings.com/dennis-gardeck
Jacksonville Jaguars,Eric Murray,FS,Free Safety,29,Zone,74,32,"January 7, 1994",United States,Minnesota,11,2016,106,Kansas City Chiefs,86,89,63,80,81,88,90,88,84,27,14,6,6,6,6,6,62,67,58,26,16,11,27,58,45,26,78,66,29,65,68,10,71,38,44,48,71,80,67,73,72,76,15,10,60,33,34,33,34,15,18,17,60,2501,,https://www.maddenratings.com/eric-murray
Jacksonville Jaguars,Robert Hainsey,C,Center,73,Power,74,27,"August 12, 1998",United States,Notre Dame,6,2021,95,Tampa Bay Buccaneers,63,68,87,63,82,69,89,86,91,21,11,6,6,6,6,6,22,15,21,15,5,5,13,34,12,24,48,10,19,10,10,16,25,25,15,33,29,20,13,11,23,10,78,77,81,78,78,78,76,79,13,11,10,1902,,https://www.maddenratings.com/robert-hainsey
Jacksonville Jaguars,Montaric Brown,CB,Cornerback,1,Zone,74,26,"August 24, 1999",United States,Arkansas,5,2022,222,Jacksonville Jaguars,87,90,57,78,78,82,90,89,75,23,6,6,6,6,6,6,70,67,56,41,36,32,39,61,49,31,79,60,30,63,68,16,60,27,34,49,71,76,76,81,52,72,35,35,53,35,35,35,35,23,17,14,45,2543,,https://www.maddenratings.com/montaric-brown
Jacksonville Jaguars,Albert Regis,DT,Defensive Tackle,98,,73,23,"May 17, 2003",,Texas AM,,,,,76,78,87,59,74,82,87,75,85,25,10,6,6,6,6,6,39,24,34,31,27,21,33,45,17,45,52,23,44,23,23,12,81,74,67,77,77,73,25,16,80,18,45,45,89,45,45,45,45,28,15,21,10,2282,,https://www.maddenratings.com/albert-regis
Jacksonville Jaguars,Caleb Ransaw,FS,Free Safety,27,Hybrid,73,23,"December 22, 2002",United States,Tulane,2,2025,88,Jacksonville Jaguars,95,96,62,86,68,93,86,88,88,24,12,6,6,6,6,6,67,60,53,25,15,13,22,59,47,38,86,62,42,60,66,15,68,38,35,54,77,64,68,72,74,63,35,35,58,35,35,35,35,25,21,17,42,2544,,https://www.maddenratings.com/caleb-ransaw
Jacksonville Jaguars,Davon Hamilton,DT,Defensive Tackle,52,,73,29,"February 1, 1997",United States,Ohio State,7,2020,73,Jacksonville Jaguars,70,67,91,65,74,73,89,76,87,22,11,6,6,6,6,6,26,18,19,14,6,5,17,36,14,38,52,23,34,22,26,12,79,72,60,76,78,76,16,23,79,19,45,44,86,44,45,46,44,33,18,19,9,2128,,https://www.maddenratings.com/davon-hamilton
Jacksonville Jaguars,Emmanuel Pregnon,LG,Left Guard,75,Power,73,24,"October 4, 2001",,Oregon,,,,,65,68,89,60,74,84,87,87,86,14,13,6,6,6,6,6,24,24,17,14,5,5,13,22,10,24,54,14,16,10,10,11,35,41,39,28,35,22,11,16,38,10,77,76,84,78,75,76,75,81,25,27,10,1989,,https://www.maddenratings.com/emmanuel-pregnon
Jacksonville Jaguars,Patrick Mekari,RG,Right Guard,65,Power,73,28,"August 13, 1997",United States,California,8,,,,71,67,85,58,86,67,87,86,84,22,10,6,6,6,6,6,22,12,10,10,5,5,12,33,9,23,49,15,10,10,12,12,34,15,15,25,31,30,9,12,30,10,75,75,83,77,73,76,73,76,22,20,10,1873,,https://www.maddenratings.com/patrick-mekari
Jacksonville Jaguars,Ruke Orhorhoro,DT,Defensive Tackle,99,,73,24,"October 13, 2001",,Clemson,3,2024,35,Atlanta Falcons,76,83,90,71,64,78,84,83,88,22,15,6,6,6,6,6,48,12,10,13,6,3,17,34,16,33,64,36,36,27,32,12,80,76,66,76,80,66,23,29,83,22,45,45,87,44,45,45,44,18,21,19,9,2206,,https://www.maddenratings.com/ruke-orhorhoro
Jacksonville Jaguars,Wesley Williams,REDG,Right Edge,90,,73,21,"September 22, 2004",,Duke,,,,,76,82,80,79,78,85,87,84,84,36,16,21,17,17,23,25,42,32,29,17,15,10,15,48,43,31,69,48,32,36,37,20,81,73,67,75,79,79,31,39,81,49,45,45,79,45,45,45,45,41,27,20,30,2535,,https://www.maddenratings.com/wesley-williams
Jacksonville Jaguars,Cole Van Lanen,LT,Left Tackle,70,Power,72,28,"April 23, 1998",United States,Wisconsin,6,2021,214,Green Bay Packers,67,78,79,71,70,74,90,80,87,30,12,6,6,6,6,6,22,15,15,15,5,5,14,22,8,23,58,10,19,10,10,12,26,25,15,35,29,21,13,15,22,10,77,76,82,80,76,78,72,84,14,10,10,1901,,https://www.maddenratings.com/cole-van-lanen
Jacksonville Jaguars,Chris Rodriguez Jr.,HB,Halfback,24,Power Back,72,25,"September 26, 2000",United States,Kentucky,4,2023,193,Washington Commanders,89,91,74,79,78,85,92,82,90,27,17,24,20,14,10,10,60,52,51,51,44,37,40,90,80,84,79,81,76,70,76,33,39,11,12,35,46,40,30,37,49,32,45,57,50,45,45,55,54,45,14,12,60,2699,,https://www.maddenratings.com/chris-rodriguez-jr
Jacksonville Jaguars,Ross Matiscik,LS,Long Snapper,46,Power,72,29,"September 13, 1996",United States,Baylor,7,,,,70,66,73,68,66,71,92,79,84,33,12,11,11,11,11,11,55,49,45,46,42,38,40,60,15,35,58,17,10,10,20,10,62,52,47,62,72,56,47,50,73,30,47,55,70,40,35,47,40,40,22,36,10,2312,,https://www.maddenratings.com/ross-matiscik
Jacksonville Jaguars,Ameer Abdullah,HB,Halfback,43,Elusive Back,71,33,"June 13, 1993",United States,Nebraska,12,2015,54,Detroit Lions,88,91,68,85,76,90,91,84,82,35,17,30,25,15,10,10,72,52,56,63,55,45,53,83,74,57,86,76,66,75,84,26,42,5,5,30,17,23,10,19,21,25,37,54,22,19,18,48,44,24,23,21,87,2514,,https://www.maddenratings.com/ameer-abdullah
Jacksonville Jaguars,Dane Jackson,CB,Cornerback,38,Man to Man,71,29,"November 29, 1996",United States,Pittsburgh,7,2020,239,Buffalo Bills,88,87,54,85,75,84,90,90,85,50,33,36,32,35,34,27,65,65,49,34,30,24,35,65,56,35,87,70,39,67,73,40,52,37,40,52,73,74,73,76,54,72,35,35,51,35,35,35,35,14,44,34,50,2825,,https://www.maddenratings.com/dane-jackson
Jacksonville Jaguars,LeQuint Allen,HB,Halfback,5,Elusive Back,71,22,"August 5, 2004",United States,Syracuse,2,2025,236,Jacksonville Jaguars,89,92,72,86,66,85,90,91,88,51,30,32,27,20,30,28,69,59,61,67,62,57,61,90,80,79,86,78,77,76,78,27,55,33,45,58,65,30,48,53,52,43,40,55,34,27,23,38,36,37,18,22,75,2971,,https://www.maddenratings.com/lequint-allen
Jacksonville Jaguars,Wyatt Milum,RG,Right Guard,64,Power,71,23,"December 27, 2002",United States,West Virginia,2,2025,89,Jacksonville Jaguars,63,67,87,65,69,70,87,88,88,18,10,6,6,6,6,6,38,27,28,20,15,13,15,40,27,27,58,26,30,30,33,12,25,42,45,43,35,30,12,11,26,10,76,75,88,76,74,75,73,79,12,13,10,2111,,https://www.maddenratings.com/wyatt-milum
Jacksonville Jaguars,Jalen Huskey,FS,Free Safety,22,Zone,70,23,"May 10, 2003",,Maryland,,,,,87,93,57,77,71,87,91,90,92,28,12,6,6,6,6,6,65,62,58,46,43,36,42,58,59,52,81,62,46,52,64,18,66,35,43,53,74,69,66,74,73,66,35,35,51,35,35,35,35,28,23,26,50,2666,,https://www.maddenratings.com/jalen-huskey
Jacksonville Jaguars,Zach Durfee,LEDG,Left Edge,58,Smaller Speed Rusher,70,24,"October 5, 2001",,Washington,,,,,86,86,77,83,63,89,83,80,83,19,27,22,20,15,17,24,36,35,35,17,15,10,17,52,40,37,71,37,37,35,35,20,78,67,73,70,78,62,24,31,78,35,45,45,72,45,45,45,45,26,27,20,28,2442,,https://www.maddenratings.com/zach-durfee
Jacksonville Jaguars,Ventrell Miller,WILL,Weak Backer,51,Run Stopper,69,27,"January 15, 1999",United States,Florida,4,2023,121,Jacksonville Jaguars,83,87,74,76,71,80,82,85,90,17,13,14,11,7,6,5,58,54,52,15,8,6,25,55,49,45,72,62,45,48,55,12,78,54,49,67,80,73,61,69,85,48,45,35,78,45,45,35,35,36,15,14,10,2519,,https://www.maddenratings.com/ventrell-miller
Jacksonville Jaguars,Josh Cameron,WR,Wide Receiver,19,,68,23,"March 18, 2003",,Baylor,,,,,88,89,75,83,63,88,92,87,91,28,26,11,16,17,23,21,81,78,81,68,72,70,75,68,79,63,80,79,70,67,74,32,26,26,22,25,28,20,22,25,32,26,52,31,47,30,33,28,29,35,35,32,78,2717,,https://www.maddenratings.com/josh-cameron
Jacksonville Jaguars,Trystan Colon-Castillo,LG,Left Guard,69,Agile,68,28,"March 23, 1998",United States,Missouri,7,,,,70,60,80,59,76,64,90,82,87,22,15,6,6,6,6,6,30,12,10,10,5,5,12,30,9,20,48,10,10,10,10,12,35,15,12,23,25,28,11,13,22,10,73,73,81,71,75,72,74,79,22,21,10,1823,,https://www.maddenratings.com/trystan-colon-castillo
Jacksonville Jaguars,Chandler Brayboy,WR,Wide Receiver,15,,67,24,"August 20, 2001",United States,Elon University,2,,,,90,91,64,87,60,89,87,83,89,28,17,20,18,13,19,17,75,78,75,73,72,71,70,72,72,51,82,80,45,72,75,23,28,20,20,29,34,14,18,23,25,18,42,27,38,19,26,20,17,24,20,20,81,2521,,https://www.maddenratings.com/chandler-brayboy
Jacksonville Jaguars,Chuma Edoga,RT,Right Tackle,55,,67,29,"May 25, 1997",United States,USC,8,2019,92,New York Jets,69,66,84,66,75,63,83,83,79,23,3,6,6,6,6,6,29,16,21,17,7,5,15,24,9,28,53,20,30,10,10,12,36,10,10,26,27,15,12,15,35,10,72,69,77,69,75,67,71,81,40,30,6,1883,,https://www.maddenratings.com/chuma-edoga
Jacksonville Jaguars,DeeJay Dallas,HB,Halfback,20,Power Back,67,27,"September 16, 1998",United States,Miami,7,2020,144,Seattle Seahawks,87,85,75,79,75,81,91,84,83,42,29,39,37,28,37,31,71,56,60,67,61,53,63,90,78,81,75,78,76,72,76,33,42,13,17,32,44,24,24,34,25,26,49,52,44,36,33,38,35,43,20,16,76,2796,,https://www.maddenratings.com/deejay-dallas
Jacksonville Jaguars,Jack Kiser,MIKE,Mike Backer,54,Field General,67,25,"September 10, 2000",United States,Notre Dame,2,2025,107,Jacksonville Jaguars,83,88,70,78,69,83,88,87,88,26,22,28,25,22,33,19,55,48,44,23,18,15,22,67,42,48,75,48,42,40,46,35,81,57,59,66,83,68,57,63,80,45,45,45,71,45,45,45,45,26,22,18,10,2653,,https://www.maddenratings.com/jack-kiser
Jacksonville Jaguars,Nate Boerkircher,TE,Tight End,87,Possession,67,24,"September 4, 2001",,Texas AM,,,,,80,89,78,83,67,78,90,83,86,31,22,20,15,12,24,26,76,75,78,62,52,48,60,72,62,66,75,66,68,63,68,26,50,40,38,47,50,40,36,40,45,22,63,60,64,61,64,59,59,60,32,27,42,2900,,https://www.maddenratings.com/nate-boerkircher
Jacksonville Jaguars,Quinton Bohanna,DT,Defensive Tackle,67,,67,27,"March 16, 1999",United States,Kentucky,6,,,,55,67,92,52,68,72,88,74,85,40,28,30,26,21,30,23,27,15,15,12,7,5,15,25,10,34,45,15,23,10,13,30,76,64,60,72,72,70,13,16,75,12,45,45,87,45,45,45,45,34,19,22,10,2124,,https://www.maddenratings.com/quinton-bohanna
Jacksonville Jaguars,C.J. Williams,WR,Wide Receiver,18,,66,22,"October 23, 2003",,Stanford,,,,,88,91,65,83,75,86,87,88,86,27,21,26,19,13,23,24,76,80,80,66,67,66,68,71,73,53,81,77,59,68,75,26,24,24,22,23,26,25,24,28,25,24,51,29,45,35,33,27,24,29,41,38,44,2629,,https://www.maddenratings.com/cj-williams
Jacksonville Jaguars,Christian Braswell,CB,Cornerback,21,Zone,66,26,"September 27, 1999",United States,Rutgers,4,2023,202,Jacksonville Jaguars,90,90,42,89,61,93,88,87,77,32,13,19,14,12,21,23,69,67,62,49,45,44,38,62,61,31,87,69,30,65,72,31,60,29,33,51,64,59,63,72,55,59,35,35,39,35,35,35,35,14,13,12,60,2626,,https://www.maddenratings.com/christian-braswell
Jacksonville Jaguars,Parker Hughes,WILL,Weak Backer,53,Run Stopper,66,23,"January 2, 2003",,Mid Tenn St.,,,,,88,91,71,75,60,85,85,88,83,33,10,6,6,6,6,6,66,50,50,34,32,30,33,53,31,45,73,31,41,34,29,11,79,49,53,63,82,59,60,63,77,46,43,62,67,60,51,42,48,21,15,12,18,2512,,https://www.maddenratings.com/parker-hughes
Jacksonville Jaguars,Rayuan Lane III,FS,Free Safety,25,Zone,66,23,"July 21, 2003",United States,Navy,2,2025,200,Jacksonville Jaguars,87,85,59,79,72,88,91,91,92,24,12,6,6,6,6,6,64,57,52,28,21,17,25,63,52,45,79,67,44,56,64,14,65,30,36,46,75,72,60,65,77,71,35,35,52,35,35,35,35,25,19,15,80,2556,,https://www.maddenratings.com/rayuan-lane-iii
Jacksonville Jaguars,Austin Trammell,WR,Wide Receiver,81,Slot,65,28,"July 4, 1998",United States,Rice,6,,,,85,90,66,88,61,88,86,82,83,27,16,15,10,6,10,6,82,78,81,68,66,64,67,74,71,49,86,76,53,66,72,22,36,10,10,20,20,15,10,10,22,13,49,27,44,21,28,19,17,24,42,34,71,2436,,https://www.maddenratings.com/austin-trammell
Jacksonville Jaguars,Brady Boyd,WR,Wide Receiver,49,,65,23,"November 1, 2002",,Utah State,,,,,92,92,59,84,50,92,86,81,86,31,24,21,18,15,22,20,75,75,76,66,68,69,68,69,73,46,81,79,56,73,79,24,24,15,14,21,24,32,18,23,27,21,48,25,41,13,23,10,12,27,23,17,52,2460,,https://www.maddenratings.com/brady-boyd
Jacksonville Jaguars,Bryan Thomas Jr.,LEDG,Left Edge,57,Smaller Speed Rusher,65,22,"June 28, 2004",,South Carolina,,,,,79,87,72,79,59,79,91,82,84,24,16,6,6,6,6,6,43,49,34,10,10,10,15,42,30,35,69,29,36,34,36,16,78,69,68,69,77,57,37,44,79,45,45,45,83,45,45,45,45,35,16,36,10,2353,,https://www.maddenratings.com/bryan-thomas-jr
Jacksonville Jaguars,Danny Striggow,REDG,Right Edge,92,Power Rusher,65,24,"July 24, 2002",United States,Minnesota,2,,,,78,80,75,81,63,80,87,76,84,22,10,6,6,6,6,6,35,23,19,15,7,5,15,34,24,30,74,33,33,29,31,12,75,71,68,68,78,62,34,47,77,33,45,45,65,45,45,45,45,20,15,13,10,2191,,https://www.maddenratings.com/danny-striggow
Jacksonville Jaguars,Hunter Long,TE,Tight End,84,Possession,65,27,"August 19, 1998",United States,Boston College,6,2021,81,Miami Dolphins,81,85,72,70,63,79,88,83,87,30,10,15,10,6,10,6,79,80,79,66,60,55,61,74,61,69,68,70,68,50,63,14,53,47,38,50,52,38,14,21,56,17,59,59,64,53,57,54,58,50,23,19,24,2718,,https://www.maddenratings.com/hunter-long
Jacksonville Jaguars,Matt Dickerson,DT,Defensive Tackle,93,,65,30,"November 9, 1995",United States,UCLA,9,,,,71,66,81,63,63,76,84,72,86,13,17,6,6,6,6,6,30,12,10,10,3,2,12,26,10,26,55,13,29,11,17,12,79,66,57,75,73,65,22,33,76,10,45,45,83,45,45,45,45,22,14,12,10,1967,,https://www.maddenratings.com/matt-dickerson
Jacksonville Jaguars,Tanner Koziol,TE,Tight End,89,Possession,65,23,"January 28, 2003",,Houston,,,,,82,87,73,81,55,87,94,89,89,34,23,20,15,10,22,22,83,74,80,59,53,47,64,74,69,63,70,69,65,64,70,24,24,22,20,24,27,28,21,25,28,20,60,58,65,59,60,57,57,59,24,25,63,2737,,https://www.maddenratings.com/tanner-koziol
Jacksonville Jaguars,BJ Green II,LEDG,Left Edge,95,Smaller Speed Rusher,64,23,"July 3, 2003",United States,Colorado,2,,,,82,89,80,73,52,74,87,81,84,21,8,7,6,5,7,6,35,32,20,10,5,3,12,27,24,35,61,15,21,15,19,12,77,64,67,68,79,52,44,50,77,20,40,35,79,35,35,30,30,23,36,31,10,2090,,https://www.maddenratings.com/bj-green-ii
Jacksonville Jaguars,Devon Marshall,CB,Cornerback,40,Zone,64,21,"August 27, 2004",,N.C. State,,,,,89,90,56,83,59,79,87,88,87,24,12,6,6,6,6,6,67,72,62,21,18,15,35,49,56,34,77,50,32,67,72,11,61,35,25,46,73,56,69,71,58,68,35,35,54,35,35,35,35,16,15,31,44,2454,,https://www.maddenratings.com/devon-marshall
Jacksonville Jaguars,Jalen McLeod,MIKE,Mike Backer,35,,64,24,"June 5, 2002",United States,Auburn,2,2025,194,Jacksonville Jaguars,81,86,77,72,66,78,92,79,93,21,17,18,10,10,16,13,34,25,23,15,10,5,13,44,25,25,68,30,30,34,34,21,77,66,70,68,79,65,54,60,79,43,45,45,76,45,45,45,45,25,27,25,33,2382,,https://www.maddenratings.com/jalen-mcleod
Jacksonville Jaguars,Tim Jones,WR,Wide Receiver,13,Deep Threat,64,28,"May 15, 1998",United States,Southern Miss,6,,,,89,86,63,82,63,93,90,84,80,25,17,15,10,6,10,6,79,73,78,72,69,65,73,74,65,60,83,74,61,70,75,18,35,10,10,35,41,25,22,26,40,27,48,27,47,19,22,20,17,21,18,13,73,2504,,https://www.maddenratings.com/tim-jones
Jacksonville Jaguars,Yasir Abdullah,SAM,Sam Backer,56,Run Stopper,64,26,"April 12, 2000",United States,Louisville,4,2023,136,Jacksonville Jaguars,90,95,70,83,59,87,89,74,76,20,10,9,7,6,7,6,64,59,62,27,24,20,29,45,37,40,76,50,32,52,57,21,75,57,66,62,81,60,60,50,87,44,40,35,65,40,40,35,35,22,28,23,10,2498,,https://www.maddenratings.com/yasir-abdullah
Jacksonville Jaguars,Jonah Monheim,C,Center,60,Agile,63,24,"June 7, 2002",United States,USC,2,2025,221,Jacksonville Jaguars,72,80,80,68,70,78,93,85,88,19,10,6,6,6,6,6,29,18,17,15,5,5,18,34,6,21,59,10,10,10,12,12,10,10,10,30,30,23,10,10,18,10,71,70,78,68,71,67,70,78,18,20,10,1836,,https://www.maddenratings.com/jonah-monheim
Jacksonville Jaguars,Quintin Morris,TE,Tight End,80,Vertical Threat,63,27,"January 21, 1999",United States,Bowling Green St.,6,,,,82,85,72,77,62,82,89,83,76,29,11,24,15,10,20,12,80,80,77,56,57,54,66,73,66,64,65,77,65,65,71,31,42,38,32,35,41,33,22,28,33,24,57,53,56,53,56,47,51,45,15,14,44,2695,,https://www.maddenratings.com/quintin-morris
Jacksonville Jaguars,Trevian Thomas,CB,Cornerback,34,Man to Man,63,24,"March 4, 2002",United States,Arkansas St.,2,,,,90,91,62,81,55,86,87,86,82,25,10,6,6,6,6,6,65,63,56,24,18,12,24,55,49,27,78,63,32,61,69,11,52,28,33,43,69,53,67,68,57,69,35,30,43,35,35,30,30,15,12,18,50,2364,,https://www.maddenratings.com/trevian-thomas
Jacksonville Jaguars,Branson Combs,MIKE,Mike Backer,50,Field General,62,26,"July 14, 2000",United States,Wake Forest,2,,,,83,93,71,81,59,82,86,88,86,23,12,6,6,6,6,6,58,53,49,24,21,18,22,53,41,44,73,45,44,50,53,21,77,51,53,65,80,57,55,61,77,45,45,45,69,45,45,45,45,23,22,18,10,2496,,https://www.maddenratings.com/branson-combs
Jacksonville Jaguars,Garrett DiGiorgio,RG,Right Guard,74,Power,62,23,"April 3, 2003",,UCLA,,,,,60,64,84,55,62,73,87,86,88,15,10,6,6,6,6,6,31,12,19,12,5,5,11,32,15,39,51,12,12,10,10,12,41,56,31,32,28,26,15,32,47,10,71,70,76,69,72,71,70,70,16,15,10,1930,,https://www.maddenratings.com/garrett-digiorgio
Jacksonville Jaguars,Joey Aguilar,QB,Quarterback,17,,61,25,"June 16, 2001",,Tennessee,,,,,80,83,63,75,44,77,89,91,90,88,76,80,76,76,78,78,34,25,23,23,20,17,17,66,64,51,73,69,43,56,62,71,20,20,20,22,24,27,18,23,23,11,20,15,21,10,10,15,15,17,27,29,31,2376,,https://www.maddenratings.com/joey-aguilar
Jacksonville Jaguars,Nick Mullens,QB,Quarterback,14,Field General,61,31,"March 21, 1995",United States,Southern Miss,10,,,,74,78,57,71,60,76,85,77,95,84,75,81,78,74,78,79,34,32,25,21,16,10,24,57,49,42,70,58,50,58,57,52,26,10,26,29,19,15,15,20,28,10,28,16,38,20,20,25,15,28,18,13,10,2306,,https://www.maddenratings.com/nick-mullens
Jacksonville Jaguars,Cam&#8217;Ron Silmon-Craig,SS,Strong Safety,42,Zone,59,23,"October 30, 2002",United States,Colorado,2,,,,83,83,59,76,60,75,87,91,87,24,12,6,6,6,6,6,67,58,59,24,14,12,21,60,63,49,78,63,43,61,63,14,64,31,30,47,74,57,63,67,73,62,35,35,50,35,35,35,35,25,18,14,75,2476,,https://www.maddenratings.com/camron-silmon-craig
Jacksonville Jaguars,Carter Bradley,QB,Quarterback,10,,59,26,"March 9, 2000",United States,South Alabama,3,,,,78,88,63,79,42,81,87,78,85,87,78,77,76,71,74,78,30,17,14,13,10,10,13,58,60,45,75,79,33,57,57,69,22,10,10,18,23,30,12,15,16,13,16,13,19,25,25,10,10,15,21,19,23,2227,,https://www.maddenratings.com/carter-bradley
Kansas City Chiefs,Creed Humphrey,C,Center,52,,95,28,"June 28, 1998",United States,Oklahoma,6,2021,63,Kansas City Chiefs,73,78,90,66,96,80,94,94,98,24,14,6,6,6,6,6,25,21,15,15,8,6,21,34,8,18,57,10,10,10,10,12,39,10,10,26,30,25,7,11,25,10,94,93,93,91,96,96,90,93,14,11,10,2091,Linchpin Players with this ability grant improved blocking to the entire offensive line. Tough Nut Blockers with this ability have an increased number of blocker resistance points.,https://www.maddenratings.com/creed-humphrey
Kansas City Chiefs,Chris Jones,DT,Defensive Tackle,95,Power Rusher,94,32,"July 3, 1994",United States,Mississippi St.,11,2016,37,Kansas City Chiefs,73,78,96,73,97,63,93,88,93,23,16,6,6,6,6,6,29,16,14,13,6,3,15,29,10,33,61,27,29,21,31,12,88,95,90,87,92,94,23,29,86,13,44,44,95,46,45,44,45,19,17,17,9,2294,"Momentum Shift Momentum Shift players demoralize their opponents. When they enter the zone, all on field opponents are knocked out of the zone or lose any progress towards entering the zone. Under Pressure Defenders with this ability can apply pressure to the quarterback from a slightly improved distance. El Toro Defenders with this ability have a slightly improved chance to receive dominant bull rush wins when their stamina is full. This consumes a large amount of additional stamina. Goal Line Stuff Defenders with this ability have slightly improved run shed moves and disengage angles for a better chance at stopping runs within 5 yards of the goal line.",https://www.maddenratings.com/chris-jones
Kansas City Chiefs,Patrick Mahomes,QB,Quarterback,15,Field General,93,30,"September 17, 1995",United States,Texas Tech,10,2017,10,Kansas City Chiefs,85,86,70,85,98,74,96,98,99,97,88,94,89,82,96,96,59,30,32,27,17,15,22,66,78,75,86,93,65,66,77,92,26,10,10,24,37,22,17,19,18,10,23,10,27,10,10,10,10,23,20,10,10,2689,"Bazooka Quarterbacks with generational arms have the power to stretch any defense to its breaking point. When they enter the zone, their maximum throw distance is increased Dashing Deadeye Passers with this ability have elite accuracy on all unpressured throws under 40 yards while running outside the pocket (except on high throws). Red Zone Deadeye Passers with this ability have elite accuracy on all unpressured throws while throwing in the red zone (except on high throws). No-Look Deadeye Passers with this ability have elite accuracy on all unpressured cross-body throws up to 20 yards (except on high throws).",https://www.maddenratings.com/patrick-mahomes
Kansas City Chiefs,Trey Smith,RG,Right Guard,65,Power,91,27,"June 16, 1999",United States,Tennessee,6,2021,226,Kansas City Chiefs,71,75,95,69,90,76,92,90,92,25,14,6,6,6,6,6,24,12,10,10,5,5,12,32,5,31,53,10,25,10,10,12,32,28,10,25,24,10,10,11,31,10,92,83,96,90,94,88,78,95,24,22,10,2048,Screen Protector Blockers with this ability will dominantly win impact blocks on screen plays Post Up Blockers with this ability have a slightly increased chance to win any double team block they are engaged in.,https://www.maddenratings.com/trey-smith
Kansas City Chiefs,Travis Kelce,TE,Tight End,87,Possession,91,36,"October 5, 1989",United States,Cincinnati,14,2013,63,Kansas City Chiefs,84,84,79,84,99,89,97,92,94,70,33,64,53,49,47,29,90,91,86,84,76,71,77,72,75,77,74,86,84,69,78,40,45,20,20,40,42,15,12,14,15,10,65,63,70,62,63,62,61,59,35,32,6,3188,"Deep Out Elite Receivers with this ability catch more consistently while catching passes 20+ yards from the LoS, outside the numbers 3rd Down Threat On 3rd down, receivers with this ability have a better chance to win contested catches against single coverage up to 25 yards from the line of scrimmage.",https://www.maddenratings.com/travis-kelce
Kansas City Chiefs,Kenneth Walker,HB,Halfback,9,Elusive Back,90,25,"October 20, 2000",United States,Michigan St.,5,,,,93,93,81,92,87,83,84,90,92,27,11,20,15,11,18,22,67,45,46,54,47,41,48,98,92,88,90,89,84,76,87,28,36,10,10,33,38,15,12,18,32,15,33,54,35,23,30,34,30,31,15,12,73,2588,Arm Bar Ballcarriers with this ability have more powerful stiff arm animations and have a larger timing window for landing perfect stiff arms Reach For It Ballcarriers with this ability will have a slightly reduced fumble chance while reaching for extra yards during tackles,https://www.maddenratings.com/kenneth-walker
Kansas City Chiefs,Drue Tranquill,WILL,Weak Backer,23,Pass Coverage,89,30,"August 15, 1995",United States,Notre Dame,8,2019,130,Los Angeles Chargers,87,88,80,83,96,89,85,94,93,22,15,6,6,6,6,6,59,35,33,31,24,14,12,63,47,25,77,55,42,44,56,12,93,55,62,75,93,95,68,74,83,56,45,45,78,45,45,45,45,21,16,20,10,2660,,https://www.maddenratings.com/drue-tranquill
Kansas City Chiefs,Rashee Rice,WR,Wide Receiver,4,Slot,85,26,"April 22, 2000",United States,SMU,4,2023,55,Kansas City Chiefs,90,92,71,86,90,92,90,89,88,47,18,30,20,15,15,10,91,84,82,90,88,80,86,72,80,62,88,88,69,78,80,25,32,10,10,32,32,15,11,16,28,10,55,37,50,32,27,30,29,32,25,20,40,2759,,https://www.maddenratings.com/rashee-rice
Kansas City Chiefs,George Karlaftis,LEDG,Left Edge,56,Power Rusher,81,25,"April 3, 2001",Greece,Purdue,5,,,,81,85,85,80,84,86,93,84,91,20,10,6,6,6,6,6,47,34,28,13,5,3,14,42,22,38,67,35,40,29,33,12,86,81,71,79,87,86,17,23,83,17,45,45,86,45,45,45,45,16,18,14,10,2335,,https://www.maddenratings.com/george-karlaftis
Kansas City Chiefs,Harrison Butker,K,Kicker,7,Power,81,31,"July 14, 1995",United States,Georgia Tech,10,2017,233,Carolina Panthers,74,75,44,54,70,65,86,82,63,27,24,33,25,25,20,20,30,12,10,10,10,10,12,26,14,17,45,28,16,15,28,14,15,10,10,12,12,17,15,15,12,10,18,19,15,15,20,16,15,15,96,87,10,1538,,https://www.maddenratings.com/harrison-butker
Kansas City Chiefs,Josh Simmons,LT,Left Tackle,71,Pass Protector,81,23,"December 26, 2002",United States,Ohio State,2,2025,32,Kansas City Chiefs,78,76,88,69,83,71,84,88,86,16,13,6,6,6,6,6,18,18,14,15,5,5,12,30,5,29,58,17,19,10,10,14,34,36,32,36,26,15,12,16,38,10,76,84,84,79,76,86,84,84,12,15,10,2006,,https://www.maddenratings.com/josh-simmons
Kansas City Chiefs,Nick Bolton,MIKE,Mike Backer,32,,81,26,"March 10, 2000",United States,Missouri,6,2021,58,Kansas City Chiefs,87,83,74,74,86,78,94,95,89,13,16,6,6,6,6,6,64,37,34,20,10,6,15,54,21,29,72,32,31,38,42,17,86,63,51,76,93,87,66,69,87,48,45,45,81,45,45,45,45,17,20,11,10,2476,,https://www.maddenratings.com/nick-bolton
Kansas City Chiefs,L&#8217;Jarius Sneed,CB,Cornerback,38,Zone,80,29,"January 21, 1997",United States,LA. Tech,7,,,,94,92,60,87,81,93,87,94,82,27,15,6,6,6,6,6,76,70,58,30,26,33,22,68,60,50,85,78,48,80,82,14,59,35,46,58,77,81,70,78,76,93,18,25,59,35,35,35,35,19,22,24,70,2772,"Flat Zone KO Defenders with this ability have a slightly improved chance to force catch knockouts and react quicker in any flat zone coverage, less than 10 yards from the LoS and outside the hash marks.",https://www.maddenratings.com/ljarius-sneed
Kansas City Chiefs,Alohi Gilman,FS,Free Safety,17,Zone,79,28,"September 17, 1997",United States,Notre Dame,7,2020,186,Los Angeles Chargers,87,85,63,88,87,78,90,89,92,26,10,6,6,6,6,6,73,60,52,36,31,27,30,58,48,48,85,67,57,64,71,18,67,43,48,62,80,84,69,79,78,59,35,35,62,35,35,35,35,16,19,17,45,2688,,https://www.maddenratings.com/alohi-gilman
Kansas City Chiefs,Mansoor Delane,,,5,Man to Man,79,22,"December 15, 2003",United States,LSU,,2026,6,Kansas City Chiefs,93,95,59,88,79,87,87,88,84,40,27,33,30,27,23,24,75,65,67,48,45,37,42,65,53,35,87,67,38,65,70,36,57,38,43,50,75,77,77,73,61,78,35,35,51,35,35,35,35,17,17,15,63,2861,,https://www.maddenratings.com/mansoor-delane
Kansas City Chiefs,Xavier Worthy,WR,Wide Receiver,1,,79,23,"April 27, 2003",United States,Texas,3,2024,28,Kansas City Chiefs,99,98,47,89,75,90,91,86,78,62,45,50,52,51,61,31,84,76,76,78,78,82,68,73,73,31,91,87,58,75,84,45,19,10,10,17,25,15,13,18,15,10,33,24,32,17,21,12,15,16,21,20,83,2710,,https://www.maddenratings.com/xavier-worthy
Kansas City Chiefs,Kristian Fulton,CB,Cornerback,8,Zone,77,27,"September 3, 1998",United States,LSU,7,2020,61,Tennessee Titans,91,89,59,85,84,85,87,89,83,24,10,6,6,6,6,6,61,60,49,32,24,16,37,56,49,26,86,58,29,65,71,15,48,31,36,52,74,83,77,82,52,75,25,35,55,35,35,35,35,11,10,11,42,2489,,https://www.maddenratings.com/kristian-fulton
Kansas City Chiefs,R Mason Thomas,LEDG,Left Edge,51,Smaller Speed Rusher,77,21,"August 25, 2004",,Oklahoma,,,,,83,87,80,87,72,83,82,81,86,10,15,27,24,10,25,12,58,42,42,17,15,10,16,49,32,30,73,30,33,36,37,20,81,72,79,77,82,73,37,47,82,37,45,45,81,45,45,45,45,45,27,20,29,2543,,https://www.maddenratings.com/r-mason-thomas
Kansas City Chiefs,Chamarri Conner,FS,Free Safety,27,Hybrid,76,26,"July 11, 2000",United States,Virginia Tech,4,2023,119,Kansas City Chiefs,89,92,66,86,78,94,94,89,87,25,10,15,10,10,22,15,69,59,58,43,42,39,41,59,61,54,81,64,53,65,69,21,67,35,45,58,77,77,73,70,83,75,35,35,62,35,35,35,35,31,15,14,55,2807,,https://www.maddenratings.com/chamarri-conner
Kansas City Chiefs,Kader Kohou,CB,Cornerback,26,Man to Man,76,27,"November 28, 1998",Ivory Coast,Texas AM-Commerce,5,,,,92,92,63,79,76,91,86,90,85,25,9,6,6,6,16,6,70,54,47,10,9,8,14,53,56,30,88,62,35,70,75,15,52,22,24,44,74,75,76,70,55,80,35,35,39,35,35,35,35,15,34,30,45,2469,,https://www.maddenratings.com/kader-kohou
Kansas City Chiefs,Peter Woods,,,99,,76,21,"March 5, 2005",United States,Clemson,,2026,29,Kansas City Chiefs,76,83,89,61,78,72,87,74,85,21,10,6,6,6,6,6,44,26,27,13,10,3,23,45,18,45,63,42,36,35,40,12,80,72,69,80,78,77,25,22,79,25,45,45,84,45,45,45,45,27,16,24,10,2286,,https://www.maddenratings.com/peter-woods
Kansas City Chiefs,James Winchester,LS,Long Snapper,41,Accurate,75,37,"August 6, 1989",United States,Oklahoma,12,,,,79,80,67,74,70,77,94,69,75,40,10,10,10,10,10,10,60,49,47,42,37,32,44,64,20,32,76,40,38,39,37,15,42,15,20,39,56,25,15,25,45,25,47,50,60,40,35,50,40,45,25,24,10,2190,,https://www.maddenratings.com/james-winchester
Kansas City Chiefs,Kingsley Suamataia,LG,Left Guard,76,Power,75,23,"January 18, 2003",United States,BYU,3,2024,63,Kansas City Chiefs,71,76,89,67,71,70,91,88,85,78,12,15,11,9,9,9,35,32,31,14,12,11,14,31,20,40,52,28,35,15,15,11,40,35,33,30,27,20,15,20,30,15,77,79,84,75,78,82,76,81,31,25,10,2210,,https://www.maddenratings.com/kingsley-suamataia
Kansas City Chiefs,Matt Araiza,P,Punter,14,Power,75,26,"May 16, 2000",United States,San Diego St.,5,,,,82,86,49,67,55,78,89,87,76,35,19,30,25,20,24,19,27,20,15,15,15,15,15,35,14,12,57,25,10,23,32,21,34,10,10,20,38,19,11,15,24,10,16,17,17,16,16,17,17,16,98,79,10,1702,,https://www.maddenratings.com/matt-araiza
Kansas City Chiefs,Tyquan Thornton,WR,Wide Receiver,2,Deep Threat,75,26,"August 7, 2000",United States,Baylor,5,2022,50,New England Patriots,92,91,55,82,78,89,85,88,79,44,27,38,31,22,33,26,86,83,82,76,78,79,73,76,69,33,83,73,39,67,72,25,19,10,10,21,30,17,12,18,18,18,43,25,39,16,25,25,23,24,18,14,72,2551,,https://www.maddenratings.com/tyquan-thornton
Kansas City Chiefs,Nohl Williams,CB,Cornerback,20,Man to Man,74,23,"September 23, 2002",United States,California,2,2025,85,Kansas City Chiefs,89,89,63,84,75,83,92,94,92,25,7,6,6,6,6,6,79,74,68,39,36,34,37,68,52,38,83,75,38,65,72,19,64,31,32,56,75,75,76,76,69,76,35,35,57,25,35,25,35,24,30,18,79,2728,,https://www.maddenratings.com/nohl-williams
Kansas City Chiefs,Brashard Smith,HB,Halfback,24,Elusive Back,73,23,"April 11, 2003",United States,SMU,2,2025,228,Kansas City Chiefs,93,93,64,84,69,79,87,83,85,25,18,21,15,10,21,20,69,63,60,66,63,58,62,87,76,55,85,79,69,77,81,18,27,23,25,29,39,29,20,24,24,22,33,50,29,24,25,21,12,27,18,18,85,2539,,https://www.maddenratings.com/brashard-smith
Kansas City Chiefs,Jaden Hicks,SS,Strong Safety,21,Zone,73,23,"August 16, 2002",United States,Wash. St.,3,2024,133,Kansas City Chiefs,89,91,67,87,70,89,95,83,88,40,14,35,31,24,15,16,71,67,57,26,22,17,40,68,59,60,84,63,55,63,70,11,69,45,53,64,79,68,69,74,87,71,35,30,65,35,35,27,26,31,16,15,50,2811,,https://www.maddenratings.com/jaden-hicks
Kansas City Chiefs,Felix Anudike-Uzomah,REDG,Right Edge,91,Smaller Speed Rusher,73,24,"January 24, 2002",United States,Kansas State,4,2023,31,Kansas City Chiefs,81,82,72,85,75,82,88,77,82,20,11,6,6,6,6,6,32,27,21,10,7,5,13,34,33,35,72,31,42,29,36,12,78,72,74,73,84,72,24,29,86,32,40,35,79,40,40,35,35,15,34,29,10,2240,,https://www.maddenratings.com/felix-anudike-uzomah
Kansas City Chiefs,Jadon Canady,SS,Strong Safety,22,Hybrid,73,23,"May 1, 2003",,Oregon,,,,,90,88,63,85,74,89,83,91,91,22,12,6,6,6,6,6,66,62,63,45,42,35,42,54,57,52,86,65,49,57,68,16,67,27,45,55,77,72,69,72,75,71,35,35,50,35,35,35,35,24,23,21,57,2692,,https://www.maddenratings.com/jadon-canady
Kansas City Chiefs,Khyiris Tonga,DT,Defensive Tackle,92,,73,30,"July 7, 1996",United States,BYU,6,2021,250,Chicago Bears,68,74,91,56,71,74,88,78,85,23,10,6,6,6,6,6,30,29,28,22,16,12,27,39,21,52,53,39,43,33,33,12,80,76,65,80,78,69,18,24,75,13,51,48,86,50,46,52,47,49,27,28,5,2304,,https://www.maddenratings.com/khyiris-tonga
Kansas City Chiefs,Noah Gray,TE,Tight End,83,Vertical Threat,73,27,"April 30, 1999",United States,Duke,6,2021,162,Kansas City Chiefs,87,88,69,84,68,85,91,87,85,51,31,43,36,31,37,30,89,78,78,69,63,58,66,78,67,68,70,74,65,61,67,34,37,10,10,36,43,19,14,18,30,15,61,60,61,58,60,56,60,50,23,18,28,2855,,https://www.maddenratings.com/noah-gray
Kansas City Chiefs,Ashton Gillotte,REDG,Right Edge,97,,72,23,"October 30, 2002",United States,Louisville,2,2025,66,Kansas City Chiefs,84,90,78,83,69,87,90,84,91,27,15,15,10,7,12,15,35,25,25,15,8,7,12,38,29,30,72,30,32,32,37,18,79,74,66,81,79,66,27,36,80,25,45,45,86,45,45,45,45,29,24,21,28,2373,,https://www.maddenratings.com/ashton-gillotte
Kansas City Chiefs,Kaiir Elam,CB,Cornerback,24,Zone,72,25,"May 5, 2001",United States,Florida,5,2022,23,Buffalo Bills,92,90,60,84,70,89,85,88,71,27,14,24,20,17,21,6,76,65,57,35,31,28,37,56,51,49,86,63,48,64,73,23,66,31,39,45,64,68,69,73,52,75,35,35,48,35,35,35,35,19,17,17,55,2648,,https://www.maddenratings.com/kaiir-elam
Kansas City Chiefs,Jalen Royals,WR,Wide Receiver,11,Slot,71,23,"February 18, 2003",United States,Utah State,2,2025,133,Kansas City Chiefs,92,93,64,85,73,86,87,83,86,43,30,29,25,20,31,28,81,80,81,75,72,71,71,75,74,48,83,84,52,69,75,27,23,34,36,43,42,23,29,31,45,19,46,27,40,25,25,28,19,26,19,29,79,2761,,https://www.maddenratings.com/jalen-royals
Kansas City Chiefs,Jaylon Moore,RT,Right Tackle,77,,71,28,"January 9, 1998",United States,W. Michigan,6,2021,155,San Francisco 49ers,62,66,84,58,75,75,91,82,73,13,10,6,6,6,6,6,38,36,38,27,16,9,24,46,22,35,51,33,20,15,20,12,44,39,37,34,40,36,12,13,41,10,73,79,81,73,74,76,82,77,16,11,10,2119,,https://www.maddenratings.com/jaylon-moore
Kansas City Chiefs,Omarr Norman-Lott,DT,Defensive Tackle,55,,71,24,"March 11, 2002",United States,Tennessee,2,2025,63,Kansas City Chiefs,67,82,85,71,71,77,82,72,81,24,13,15,10,6,10,8,24,19,19,19,13,10,15,40,28,27,61,25,31,19,19,16,77,75,69,78,76,68,10,13,83,10,45,45,84,45,45,45,45,26,21,15,19,2153,,https://www.maddenratings.com/omarr-norman-lott
Kansas City Chiefs,Cyrus Allen,WR,Wide Receiver,13,,70,23,"February 11, 2003",,Cincinnati,,,,,89,92,57,87,68,86,89,89,88,34,24,25,22,19,27,23,79,78,78,69,71,73,70,68,74,49,89,81,62,71,78,26,43,20,18,19,23,21,18,22,23,21,48,30,36,27,29,24,25,26,33,29,68,2638,,https://www.maddenratings.com/cyrus-allen
Kansas City Chiefs,Emari Demercado,HB,Halfback,25,Elusive Back,70,27,"January 20, 1999",United States,TCU,4,,,,91,91,65,83,70,78,91,83,85,30,13,23,16,14,15,10,67,57,56,63,55,48,45,89,76,76,84,78,82,72,79,30,35,10,10,31,35,19,14,18,45,20,49,58,48,35,36,45,45,44,19,14,77,2622,,https://www.maddenratings.com/emari-demercado
Kansas City Chiefs,Justin Fields,QB,Quarterback,6,,70,27,"March 5, 1999",United States,Ohio State,6,2021,11,Chicago Bears,91,95,65,90,48,84,91,89,94,91,74,83,80,77,77,82,32,16,16,19,15,14,17,58,79,48,90,89,53,81,87,83,24,10,10,20,26,18,17,19,14,10,29,16,25,14,17,10,10,21,19,18,62,2517,,https://www.maddenratings.com/justin-fields
Kansas City Chiefs,Jared Wiley,TE,Tight End,12,Vertical Threat,69,25,"November 2, 2000",United States,TCU,3,2024,131,Kansas City Chiefs,85,89,75,77,58,88,88,83,88,24,15,15,10,6,10,6,81,80,79,68,65,58,67,75,69,68,72,75,68,60,69,16,39,10,10,33,35,18,16,22,36,16,58,56,60,56,58,56,55,57,19,12,25,2634,,https://www.maddenratings.com/jared-wiley
Kansas City Chiefs,Emmett Johnson,HB,Halfback,10,Elusive Back,68,22,"October 10, 2003",,Nebraska,,,,,89,90,74,77,66,85,90,84,88,28,24,24,19,15,20,22,72,60,59,67,59,44,53,88,75,68,82,83,66,75,82,27,23,11,13,20,23,22,21,22,20,23,33,48,38,27,23,30,32,36,24,22,72,2538,,https://www.maddenratings.com/emmett-johnson
Kansas City Chiefs,ChrisRoland-Wallace,FS,Free Safety,30,Hybrid,67,24,"November 23, 2001",United States,USC,3,,,,86,90,64,78,73,85,88,90,89,38,26,36,34,31,32,35,65,65,63,62,60,58,61,62,52,33,73,60,28,64,72,38,56,37,45,42,69,71,71,70,50,65,34,33,45,33,34,33,34,18,18,15,55,2819,,https://www.maddenratings.com/chris-roland-wallace
Kansas City Chiefs,Jason Brownlee,WR,Wide Receiver,89,,67,27,"January 30, 1999",United States,Southern Miss,4,,,,86,92,64,86,58,93,90,83,85,30,27,26,20,12,26,22,77,85,82,61,64,67,75,68,71,51,81,81,64,74,82,31,30,10,11,26,25,18,18,23,34,18,44,35,44,21,23,25,20,23,14,13,72,2561,,https://www.maddenratings.com/jason-brownlee
Kansas City Chiefs,Jeffrey Bassa,WILL,Weak Backer,31,Pass Coverage,67,23,"September 20, 2002",United States,Oregon,2,2025,156,Kansas City Chiefs,85,89,69,78,68,91,88,87,88,25,12,6,6,6,6,6,54,51,49,30,27,24,25,58,38,41,75,46,40,47,53,22,81,50,53,62,82,66,62,65,79,42,45,45,71,45,45,45,45,23,21,19,10,2546,,https://www.maddenratings.com/jeffrey-bassa
Kansas City Chiefs,Jeff Caldwell,WR,Wide Receiver,8,Deep Threat,67,23,"March 2, 2003",,Cincinnati,,,,,95,96,64,83,69,94,85,86,83,32,25,23,18,15,11,17,76,75,74,64,66,69,66,74,72,52,81,76,62,68,73,23,34,28,24,31,35,28,25,31,34,28,45,24,37,18,15,42,35,24,28,22,57,2612,,https://www.maddenratings.com/jeff-caldwell
Kansas City Chiefs,Jaydn Ott,HB,Halfback,42,Elusive Back,67,23,"December 16, 2002",,Oklahoma,,,,,90,93,73,82,55,93,86,86,83,29,22,29,21,18,24,24,69,63,65,63,55,47,53,87,79,69,83,82,67,75,79,24,29,15,18,37,30,29,30,34,35,35,39,49,45,30,35,32,29,41,22,23,76,2681,,https://www.maddenratings.com/jaydn-ott
Kansas City Chiefs,Marcus Harris,DT,Defensive Tackle,68,,67,25,"September 27, 2000",United States,Auburn,3,2024,247,Houston Texans,67,70,83,59,65,72,90,82,88,19,10,6,6,6,6,6,36,20,25,15,7,3,24,40,19,41,58,38,33,17,24,12,81,72,67,75,78,64,22,31,83,18,45,45,86,45,45,45,45,13,25,21,10,2163,,https://www.maddenratings.com/marcus-harris
Kansas City Chiefs,Nikko Remigio,WR,Wide Receiver,81,,67,26,"November 4, 1999",United States,Fresno State,4,,,,87,91,63,79,61,86,87,84,83,29,19,15,10,10,10,17,82,76,75,73,72,69,67,71,75,40,83,82,46,74,80,19,31,10,10,26,33,16,13,18,23,17,41,29,38,21,17,20,15,21,20,20,82,2436,,https://www.maddenratings.com/nikko-remigio
Kansas City Chiefs,Hunter Nourzad,C,Center,64,Agile,66,26,"November 26, 1999",United States,Penn State,3,2024,159,Kansas City Chiefs,67,73,83,66,75,65,93,83,90,22,14,8,6,6,6,6,22,12,10,10,5,5,12,41,5,15,55,10,10,10,10,12,35,38,35,34,41,35,9,9,35,10,71,72,80,72,73,69,69,81,22,20,10,1927,,https://www.maddenratings.com/hunter-nourzad
Kansas City Chiefs,Omari Evans,WR,Wide Receiver,7,,66,22,"December 31, 2003",,Washington,,,,,95,93,62,85,39,90,87,81,84,23,14,15,10,6,10,6,75,77,76,67,70,73,70,68,73,45,86,79,55,73,79,18,29,10,10,23,27,26,20,26,24,23,49,26,43,16,21,10,17,29,17,16,61,2407,,https://www.maddenratings.com/omari-evans
Kansas City Chiefs,Cole Brevard,DT,Defensive Tackle,96,,65,24,"November 6, 2001",,Texas,,,,,68,80,85,50,63,65,87,74,82,25,10,6,6,6,6,6,29,16,20,15,8,4,20,34,22,27,43,24,22,22,24,12,78,69,61,73,75,61,18,20,76,14,45,45,80,45,45,45,45,29,15,10,10,2020,,https://www.maddenratings.com/cole-brevard
Kansas City Chiefs,Mike Caliendo,RG,Right Guard,66,Power,65,28,"October 21, 1997",United States,W. Michigan,5,,,,60,70,82,58,66,71,92,77,79,17,14,6,6,6,6,6,42,14,15,25,17,13,20,32,19,30,54,15,20,10,12,12,25,10,10,26,27,10,12,12,27,10,72,70,79,75,70,72,73,72,10,11,10,1849,,https://www.maddenratings.com/mike-caliendo
Kansas City Chiefs,Tyreke Smith,LEDG,Left Edge,57,,65,26,"February 14, 2000",United States,Ohio State,5,,,,76,77,72,81,62,82,87,75,79,24,10,6,6,6,6,6,36,35,37,34,31,28,27,41,26,32,70,35,36,32,35,11,79,68,63,76,81,59,32,46,84,30,45,45,80,45,45,45,45,21,18,15,10,2333,,https://www.maddenratings.com/tyreke-smith
Kansas City Chiefs,C.J. Hanson,LG,Left Guard,61,Agile,64,25,"March 3, 2001",United States,Holy Cross,3,2024,248,Kansas City Chiefs,72,74,82,55,69,81,90,79,80,25,6,21,13,12,15,11,35,35,32,22,21,16,19,33,32,35,57,50,44,23,48,17,33,10,10,20,29,15,12,13,38,10,69,72,78,65,70,69,70,80,21,20,10,2118,,https://www.maddenratings.com/cj-hanson
Kansas City Chiefs,Cooper McDonald,MIKE,Mike Backer,44,,64,25,"August 7, 2001",United States,TCU,2,,,,84,92,73,77,61,80,87,86,86,22,12,6,6,6,6,6,57,45,48,23,21,19,13,59,33,43,67,42,41,48,48,18,80,51,52,65,79,59,55,63,78,44,45,45,71,45,45,45,45,22,16,20,10,2450,,https://www.maddenratings.com/cooper-mcdonald
Kansas City Chiefs,Kevin Knowles,CB,Cornerback,35,Man to Man,64,23,"April 9, 2003",United States,Florida State,2,,,,90,93,54,82,54,94,87,87,84,25,10,6,6,6,6,6,64,63,59,22,12,12,23,59,45,31,85,61,34,63,71,11,54,26,33,44,70,52,66,67,57,70,35,35,42,35,35,35,35,15,15,18,58,2402,,https://www.maddenratings.com/kevin-knowles
Kansas City Chiefs,Matt Waletzko,RT,Right Tackle,73,,64,26,"December 15, 1999",United States,North Dakota,5,2022,155,Dallas Cowboys,71,79,85,73,68,68,86,82,79,21,8,6,6,6,6,6,20,18,14,13,12,10,18,31,10,20,58,14,14,10,10,9,28,25,30,31,26,22,10,11,32,10,67,68,77,65,68,65,71,83,15,11,10,1856,,https://www.maddenratings.com/matt-waletzko
Kansas City Chiefs,Wesley Bissainthe,MIKE,Mike Backer,59,Pass Coverage,64,22,"May 23, 2004",,Miami,,,,,85,89,76,79,55,80,81,82,83,24,10,6,6,6,6,6,64,44,49,15,5,5,14,60,24,44,71,55,35,59,65,12,74,52,48,62,80,54,65,69,80,44,47,44,67,45,46,45,45,45,34,31,52,2524,,https://www.maddenratings.com/wesley-bissainthe
Kansas City Chiefs,Ethan Downs,REDG,Right Edge,40,Power Rusher,63,23,"October 13, 2002",United States,Oklahoma,2,,,,83,87,83,65,51,82,87,77,86,21,10,6,6,6,6,6,35,22,22,15,7,5,15,33,20,31,63,33,35,27,32,12,76,68,66,68,76,53,32,42,79,31,45,45,64,45,45,45,45,20,15,13,10,2152,,https://www.maddenratings.com/ethan-downs
Kansas City Chiefs,Garrett Nussmeier,QB,Quarterback,14,Field General,63,24,"February 6, 2002",,LSU,,,,,78,84,63,74,62,72,90,88,89,88,81,83,76,73,77,76,37,15,15,35,25,30,17,67,55,33,68,68,30,32,44,61,19,25,33,22,35,31,24,34,21,10,30,39,35,27,27,32,33,32,39,32,25,2491,,https://www.maddenratings.com/garrett-nussmeier
Kansas City Chiefs,Jake Briningstool,TE,Tight End,88,Vertical Threat,63,23,"December 9, 2002",United States,Clemson,2,,,,81,84,71,77,58,76,87,82,81,24,10,15,10,6,10,6,78,76,75,66,62,57,69,72,63,64,72,68,62,55,64,15,37,14,13,33,36,29,14,19,34,15,58,56,60,55,52,59,54,57,17,13,18,2539,,https://www.maddenratings.com/jake-briningstool
Kansas City Chiefs,Vincent Anthony Jr.,LEDG,Left Edge,98,Smaller Speed Rusher,63,22,"April 26, 2004",,Duke,,,,,78,85,69,79,60,79,84,82,80,17,14,6,6,6,6,6,53,43,45,10,10,10,16,43,32,32,67,35,34,31,35,15,74,66,65,70,79,58,35,50,75,36,45,45,81,45,45,45,45,35,16,28,10,2316,,https://www.maddenratings.com/vincent-anthony-jr
Kansas City Chiefs,Zelmar Vedder,CB,Cornerback,47,Zone,63,22,"August 20, 2003",,Houston,,,,,89,91,56,87,59,91,87,87,85,25,13,6,6,6,6,6,68,70,67,22,19,15,39,64,56,35,88,54,35,63,78,21,57,30,34,46,68,56,63,64,56,66,35,35,46,35,35,35,35,19,15,17,45,2486,,https://www.maddenratings.com/zelmar-vedder
Kansas City Chiefs,Xavier Nwankpa,FS,Free Safety,29,Zone,63,22,"December 8, 2003",,Iowa,,,,,90,88,62,85,57,89,89,88,86,24,12,6,6,6,6,6,66,60,26,23,28,24,21,60,51,43,78,63,41,56,61,14,69,36,35,53,73,55,58,66,71,67,35,35,50,35,35,35,35,25,19,15,42,2459,,https://www.maddenratings.com/xavier-nwankpa
Kansas City Chiefs,Cole Christiansen,WILL,Weak Backer,48,Run Stopper,62,29,"July 30, 1997",United States,Army,7,,,,82,82,73,66,60,80,90,82,87,25,16,6,6,6,6,6,57,35,40,30,17,10,12,60,40,48,54,57,39,40,47,12,79,56,50,66,80,64,47,53,77,40,45,48,77,45,45,45,45,24,18,13,42,2430,,https://www.maddenratings.com/cole-christiansen
Kansas City Chiefs,Ethan Driskell,LT,Left Tackle,75,Power,62,26,"June 29, 2000",United States,Marshall,3,,,,64,58,87,69,56,67,83,79,84,15,19,20,15,10,15,15,28,24,25,15,10,5,17,26,34,25,52,28,36,28,33,20,34,10,10,37,31,22,11,10,25,12,71,67,79,72,67,68,63,76,29,25,36,2017,,https://www.maddenratings.com/ethan-driskell
Kansas City Chiefs,Jack Cochrane,SAM,Sam Backer,43,Run Stopper,62,27,"February 9, 1999",United States,South Dakota,5,,,,83,89,70,74,51,92,90,76,75,35,21,29,26,24,32,22,62,50,54,47,44,39,45,63,52,52,75,64,55,52,61,34,78,45,51,62,82,55,49,62,74,36,45,50,67,45,45,45,49,38,21,15,25,2777,,https://www.maddenratings.com/jack-cochrane
Kansas City Chiefs,Kahlil Benson,RT,Right Tackle,70,Power,62,23,"August 20, 2002",,Indiana,,,,,70,70,83,58,61,75,89,86,86,15,10,6,6,6,6,6,24,12,10,10,5,5,12,26,5,26,55,10,15,10,10,12,38,10,10,28,16,10,12,15,31,10,71,68,79,71,72,68,67,75,11,12,10,1764,,https://www.maddenratings.com/kahlil-benson
Kansas City Chiefs,John Michael Gyllenborg,TE,Tight End,84,Vertical Threat,62,24,"August 7, 2002",,Wyoming,,,,,86,90,76,79,55,85,85,80,82,15,26,36,33,21,28,25,76,76,77,61,56,51,63,73,65,63,78,66,65,60,66,27,45,34,34,35,46,27,27,37,44,16,55,54,58,55,54,55,54,54,29,28,32,2798,,https://www.maddenratings.com/john-michael-gyllenborg
Kansas City Chiefs,Esa Pole,LT,Left Tackle,79,Power,61,25,"July 4, 2001",United States,Wash. St.,2,,,,63,65,83,52,57,72,87,82,84,17,11,6,6,6,6,6,27,19,24,16,5,5,16,24,6,27,57,17,15,12,11,12,25,14,10,25,25,13,11,12,25,10,70,70,78,69,71,71,68,74,12,13,10,1772,,https://www.maddenratings.com/esa-pole
Kansas City Chiefs,Josh Thompson,RG,Right Guard,62,Agile,60,23,"October 9, 2002",,LSU,,,,,62,65,85,54,60,71,88,85,83,21,10,6,6,6,6,6,23,15,13,11,5,5,15,28,9,28,54,17,18,10,10,12,37,24,20,36,34,29,12,14,47,10,67,72,73,67,69,71,70,69,48,13,10,1879,,https://www.maddenratings.com/josh-thompson-10243
Kansas City Chiefs,Pete Nygra,C,Center,51,Power,59,23,"August 29, 2002",,Louisville,,,,,66,74,74,47,62,75,88,82,83,22,10,6,6,6,6,6,30,12,12,13,5,5,14,25,15,32,51,11,14,10,10,11,43,43,37,44,32,26,18,17,43,10,69,72,76,69,72,71,69,78,17,11,10,1910,,https://www.maddenratings.com/pete-nygra
Kansas City Chiefs,Chris Oladokun,QB,Quarterback,19,,55,28,"September 3, 1997",United States,S. Dakota St.,5,,,,81,83,60,80,45,79,90,76,87,85,72,75,72,67,76,73,41,21,21,19,16,13,17,60,52,37,76,68,35,55,58,65,28,10,10,23,32,15,9,10,18,9,21,12,28,18,23,16,12,21,23,23,22,2238,,https://www.maddenratings.com/chris-oladokun
Las Vegas Raiders,Maxx Crosby,LEDG,Left Edge,98,Smaller Speed Rusher,97,28,"August 22, 1997",United States,Eastern Michigan,8,2019,106,Las Vegas Raiders,86,88,89,86,98,85,94,97,86,22,10,6,6,6,6,6,41,31,29,25,20,16,25,41,27,34,73,41,39,30,34,12,95,90,96,92,98,96,40,48,88,25,45,45,86,46,45,44,45,20,17,12,20,2582,"Relentless The most tenacious defenders beat their blocks by sheer force of will. When they enter the zone, their rush move attempts are free. Edge Threat Defenders with this ability are slightly more likely to use faster, more dominant pass rush moves while rushing from the edge of the defense, and have more favorable disengage angles. Swim Club Defenders with this ability will ignore one bar of blocker resistance when attempting swim/club pass rush moves No Outsiders Defenders with this ability have slightly improved run shed moves and disengage angles for a better chance at stopping outside zone plays.",https://www.maddenratings.com/maxx-crosby
Las Vegas Raiders,Brock Bowers,TE,Tight End,89,Vertical Threat,93,23,"December 13, 2002",United States,Georgia,3,2024,13,Las Vegas Raiders,90,91,75,86,95,84,91,92,94,36,15,15,10,6,10,6,97,93,87,86,80,75,83,74,74,74,82,84,74,67,77,12,49,29,31,46,55,18,23,29,51,26,60,57,66,55,60,53,57,58,23,16,35,3012,"Double Me Aggressive receivers overpower defenders and attack the football. When they enter the zone, this ability increases their success rate on aggressive catches against single coverage. Deep Out Elite Receivers with this ability catch more consistently while catching passes 20+ yards from the LoS, outside the numbers Tank Ballcarriers with this ability have an increased chance to break hit-stick tackle attempts made on them. Route Technician Receivers with this ability have a high success rate when creating separation on the last cut of any route.",https://www.maddenratings.com/brock-bowers
Las Vegas Raiders,Kolton Miller,LT,Left Tackle,74,Pass Protector,91,30,"October 9, 1995",United States,UCLA,9,2018,15,Las Vegas Raiders,75,78,88,71,92,77,89,93,86,12,14,6,6,6,6,6,22,15,15,15,12,10,14,30,13,23,57,12,10,10,10,12,31,10,10,31,27,13,12,16,30,10,83,93,88,85,81,93,91,84,10,12,10,2005,,https://www.maddenratings.com/kolton-miller
Las Vegas Raiders,Tyler Linderbaum,C,Center,65,Agile,88,26,"April 7, 2000",United States,Iowa,5,2022,25,Baltimore Ravens,78,81,85,69,94,72,92,92,93,21,10,6,6,6,6,6,28,15,14,15,10,5,15,35,18,25,59,20,28,10,10,14,41,39,36,44,42,36,10,10,33,10,91,83,86,88,93,80,83,95,23,21,10,2192,,https://www.maddenratings.com/tyler-linderbaum
Las Vegas Raiders,Ashton Jeanty,HB,Halfback,2,Elusive Back,85,22,"December 2, 2003",United States,Boise State,2,2025,6,Las Vegas Raiders,90,92,80,91,84,93,91,93,93,31,27,24,21,18,21,26,70,61,60,66,60,56,58,92,89,87,91,86,87,79,85,29,37,27,30,39,41,42,32,35,33,28,41,51,48,32,30,42,35,42,24,25,74,2919,,https://www.maddenratings.com/ashton-jeanty
Las Vegas Raiders,Taron Johnson,CB,Cornerback,3,Zone,83,30,"July 27, 1996",United States,Weber State,9,2018,121,Buffalo Bills,90,92,63,82,91,81,90,95,80,25,11,6,6,6,6,6,73,62,62,38,31,24,28,58,50,22,83,63,31,65,73,10,68,29,36,60,77,92,79,82,48,85,40,10,49,35,35,40,35,15,10,11,38,2577,,https://www.maddenratings.com/taron-johnson
Las Vegas Raiders,Jeremy Chinn,SS,Strong Safety,11,Run Support,82,28,"February 26, 1998",United States,S. Illinois,7,2020,64,Carolina Panthers,91,91,70,86,83,92,89,90,93,23,18,6,6,6,6,6,70,67,58,30,22,10,20,68,43,48,84,62,43,56,70,15,78,46,56,61,85,79,67,78,86,75,35,35,57,35,35,35,35,20,14,11,48,2693,,https://www.maddenratings.com/jeremy-chinn
Las Vegas Raiders,Quay Walker,WILL,Weak Backer,7,Run Stopper,80,26,"May 8, 2000",United States,Georgia,5,2022,22,Green Bay Packers,88,90,75,86,75,78,91,88,85,20,7,6,6,6,6,6,57,50,49,32,30,28,35,55,53,52,73,67,37,50,61,15,89,58,67,74,91,74,56,66,87,45,45,45,71,45,45,45,45,24,19,16,10,2674,,https://www.maddenratings.com/quay-walker
Las Vegas Raiders,AJ Cole,P,Punter,6,Power,79,30,"November 27, 1995",United States,N.C. State,8,,,,71,70,47,62,63,61,90,83,73,29,19,30,28,25,20,20,43,41,37,38,31,24,22,45,10,10,51,22,14,12,15,17,37,10,10,10,26,19,16,24,35,10,20,19,23,19,18,16,16,20,97,86,10,1764,,https://www.maddenratings.com/aj-cole-iii
Las Vegas Raiders,Jackson Powers-Johnson,RG,Right Guard,58,Power,78,23,"January 23, 2003",United States,Oregon,3,2024,44,Las Vegas Raiders,70,75,88,69,77,78,91,83,91,15,9,8,6,6,8,9,31,15,17,15,10,5,15,37,5,25,57,10,10,10,10,12,46,45,37,49,41,42,11,11,55,11,80,78,87,78,82,81,75,88,21,18,10,2113,,https://www.maddenratings.com/jackson-powers-johnson
Las Vegas Raiders,Nakobe Dean,MIKE,Mike Backer,17,Field General,78,25,"December 13, 2000",United States,Georgia,5,2022,83,Philadelphia Eagles,87,90,66,83,78,79,92,89,87,25,11,6,6,6,6,6,66,64,57,20,13,8,15,62,38,35,76,60,33,42,61,15,87,77,67,72,92,79,62,68,88,39,45,45,76,45,45,45,45,20,22,20,10,2631,,https://www.maddenratings.com/nakobe-dean
Las Vegas Raiders,Tre Tucker,WR,Wide Receiver,1,,78,25,"March 8, 2001",United States,Cincinnati,4,2023,100,Las Vegas Raiders,95,93,53,85,82,87,88,88,84,26,17,17,15,11,18,13,86,79,77,79,80,82,69,73,76,36,82,85,39,73,82,22,24,10,10,23,25,19,10,10,16,16,51,26,37,17,24,15,15,15,23,22,80,2480,,https://www.maddenratings.com/tre-tucker
Las Vegas Raiders,Jalen Nailor,WR,Wide Receiver,9,Deep Threat,77,27,"March 2, 1999",United States,Michigan St.,5,2022,191,Minnesota Vikings,90,93,58,86,79,83,84,79,75,26,13,15,10,6,10,6,87,82,83,77,78,79,75,70,69,28,84,79,42,69,75,15,34,10,10,34,42,26,22,31,30,23,46,29,44,30,25,27,24,28,20,15,78,2533,,https://www.maddenratings.com/jalen-nailor
Las Vegas Raiders,Eric Stokes,CB,Cornerback,5,Man to Man,77,27,"March 1, 1999",United States,Georgia,6,2021,29,Green Bay Packers,95,94,58,83,72,91,85,90,78,29,12,18,12,10,14,9,68,62,58,38,36,34,36,58,49,38,82,71,38,69,79,10,57,27,32,44,68,71,77,78,48,80,35,25,38,35,35,35,35,18,15,10,48,2587,,https://www.maddenratings.com/eric-stokes
Las Vegas Raiders,Kwity Paye,REDG,Right Edge,95,,77,27,"November 19, 1998",,Michigan,6,2021,21,Indianapolis Colts,84,84,86,87,72,85,89,84,84,25,10,6,6,6,6,6,46,25,22,29,23,20,28,57,38,53,73,53,48,41,45,12,85,75,61,80,83,72,25,36,82,29,45,45,91,45,45,45,45,26,20,18,10,2496,,https://www.maddenratings.com/kwity-paye
Las Vegas Raiders,Treydan Stukes,FS,Free Safety,31,Zone,76,24,"November 11, 2001",,Arizona,,,,,94,94,62,87,76,90,84,92,87,23,12,6,6,6,6,6,61,62,63,44,41,34,42,54,53,53,87,66,55,57,64,11,65,38,44,51,76,74,70,73,74,66,35,35,56,35,35,35,35,25,24,24,50,2698,,https://www.maddenratings.com/treydan-stukes
Las Vegas Raiders,Keyron Crawford,REDG,Right Edge,42,Smaller Speed Rusher,75,22,"October 17, 2003",,Auburn,,,,,80,86,78,79,81,82,88,79,87,20,25,12,15,10,10,12,45,38,39,17,15,10,19,50,32,35,75,31,35,40,38,20,77,71,77,74,80,80,44,51,79,38,45,45,76,45,45,45,45,24,27,20,29,2500,,https://www.maddenratings.com/keyron-crawford
Las Vegas Raiders,Malcolm Koonce,LEDG,Left Edge,51,Smaller Speed Rusher,75,28,"June 6, 1998",United States,Buffalo,6,2021,79,Las Vegas Raiders,84,87,75,82,75,82,89,72,81,26,13,6,6,6,6,6,47,47,42,27,24,18,29,52,29,29,70,45,35,37,43,12,79,72,78,76,82,73,38,46,78,28,45,45,78,45,45,45,45,28,20,17,15,2460,,https://www.maddenratings.com/malcolm-koonce
Las Vegas Raiders,Matt Gay,K,Kicker,14,Power,75,32,"March 15, 1994",United States,Utah,8,2019,145,Tampa Bay Buccaneers,73,68,41,57,58,68,86,87,60,27,24,35,30,25,20,20,30,15,15,15,15,15,15,40,16,10,51,10,10,10,10,21,13,10,10,13,15,10,12,12,12,10,21,16,21,17,17,16,16,16,96,84,10,1524,,https://www.maddenratings.com/matt-gay
Las Vegas Raiders,Darien Porter,CB,Cornerback,26,Man to Man,74,25,"January 6, 2001",United States,Iowa State,2,2025,68,Las Vegas Raiders,96,94,61,92,68,86,90,82,88,23,8,9,7,6,6,6,71,68,65,28,25,22,28,59,51,35,90,73,42,67,77,25,46,20,25,45,71,69,72,69,48,75,35,35,54,25,35,25,35,26,28,26,77,2589,,https://www.maddenratings.com/darien-porter
Las Vegas Raiders,Fernando Mendoza,,,15,Field General,74,23,"August 1, 2003",United States,Indiana,,2026,1,Las Vegas Raiders,84,84,70,84,75,79,94,94,93,91,82,88,79,78,82,85,35,30,27,20,15,10,22,64,75,67,80,86,57,71,70,79,27,26,34,31,38,24,25,22,31,13,22,12,22,10,10,10,10,18,20,18,25,2598,,https://www.maddenratings.com/fernando-mendoza
Las Vegas Raiders,Jermod McCoy,,,28,Zone,74,20,"August 16, 2005",United States,Tennessee,,,,,92,94,58,91,72,90,80,86,87,23,10,6,6,6,6,6,69,59,67,45,40,39,46,62,53,35,90,68,37,67,68,13,63,35,41,50,73,71,71,74,62,69,35,35,49,35,35,35,35,14,16,14,62,2645,,https://www.maddenratings.com/jermod-mccoy
Las Vegas Raiders,Adam Butler,DT,Defensive Tackle,69,,73,32,"April 12, 1994",United States,Vanderbilt,10,,,,70,62,85,62,85,71,91,80,87,20,10,6,6,6,6,6,36,29,33,18,10,6,15,31,10,26,51,18,27,12,18,12,81,74,60,76,79,84,26,29,80,26,45,45,87,45,45,45,45,34,15,16,10,2152,,https://www.maddenratings.com/adam-butler
Las Vegas Raiders,Kirk Cousins,QB,Quarterback,8,Field General,73,37,"August 19, 1988",United States,Michigan St.,15,2012,102,Washington Commanders,69,67,52,69,76,71,85,89,93,85,83,87,83,78,84,90,22,15,15,15,15,13,15,58,48,28,67,58,31,45,47,41,38,12,10,12,37,10,12,12,27,10,14,13,14,14,14,13,13,10,12,19,10,2120,,https://www.maddenratings.com/kirk-cousins
Las Vegas Raiders,Trey Zuhn III,LG,Left Guard,66,Agile,73,23,"October 12, 2002",,Texas AM,,,,,72,80,89,65,76,78,89,88,86,16,6,6,6,6,6,6,31,15,13,10,5,5,14,24,10,32,59,19,22,10,12,12,40,28,23,42,30,34,12,13,38,10,75,76,78,71,76,73,76,81,16,14,10,1984,,https://www.maddenratings.com/trey-zuhn-iii
Las Vegas Raiders,Delmar Glaze,RT,Right Tackle,71,Power,72,24,"August 4, 2002",United States,Maryland,3,2024,77,Las Vegas Raiders,65,73,88,56,76,65,90,86,85,27,5,9,7,6,5,9,29,21,22,13,12,11,15,31,32,39,51,31,44,23,24,11,33,10,10,32,29,15,10,15,38,10,76,74,83,77,75,76,71,84,12,10,10,2011,,https://www.maddenratings.com/delmar-glaze
Las Vegas Raiders,Jack Bech,WR,Wide Receiver,18,Slot,72,23,"December 18, 2002",United States,TCU,2,2025,58,Las Vegas Raiders,89,92,67,89,69,83,85,82,87,29,27,24,16,21,14,23,83,79,80,77,77,72,79,74,72,55,84,81,62,65,74,21,36,34,36,42,40,25,27,39,44,21,53,24,53,28,27,24,16,37,21,19,78,2756,,https://www.maddenratings.com/jack-bech
Las Vegas Raiders,Jordan Meredith,C,Center,61,Power,72,28,"January 4, 1998",United States,W. Kentucky,6,,,,67,73,83,69,79,78,91,78,82,22,10,6,6,6,6,6,24,19,21,12,5,5,10,26,12,25,56,16,23,12,14,12,37,10,10,26,28,10,12,12,40,10,77,77,83,75,79,78,74,84,11,9,10,1906,,https://www.maddenratings.com/jordan-meredith
Las Vegas Raiders,Michael Mayer,TE,Tight End,87,Possession,72,25,"July 6, 2001",United States,Notre Dame,4,2023,35,Las Vegas Raiders,82,86,79,76,63,85,93,88,93,25,10,15,10,6,10,12,81,81,81,69,63,58,63,72,63,70,71,73,73,61,70,18,54,39,43,52,56,35,23,34,55,29,64,59,73,64,63,60,57,61,15,14,25,2875,,https://www.maddenratings.com/michael-mayer
Las Vegas Raiders,Isaiah Pola-Mao,FS,Free Safety,20,Hybrid,71,27,"June 30, 1999",United States,USC,5,,,,91,91,57,88,68,76,87,91,66,27,11,19,13,12,11,11,70,64,57,21,17,10,25,62,45,35,80,63,52,63,69,13,67,28,35,44,73,70,71,72,64,75,35,35,47,35,35,35,35,24,25,23,35,2528,,https://www.maddenratings.com/isaiah-pola-mao
Las Vegas Raiders,Phillip Dorsett II,WR,Wide Receiver,13,,71,33,"January 5, 1993",United States,Miami,12,,,,91,89,62,87,63,88,82,82,75,34,20,15,10,6,10,6,82,80,78,72,71,72,65,71,75,28,84,81,34,77,84,24,20,10,10,28,34,24,18,25,14,10,52,32,46,36,30,20,15,26,21,15,81,2465,,https://www.maddenratings.com/phillip-dorsett-ii
Las Vegas Raiders,Charles Grant,LT,Left Tackle,60,Agile,70,24,"March 22, 2002",United States,William Mary,,2025,99,Las Vegas Raiders,75,77,85,73,71,68,89,88,88,14,7,6,6,6,6,6,28,25,18,15,6,6,14,25,15,40,62,16,22,15,22,12,33,28,32,27,27,23,11,13,35,10,74,72,86,73,75,74,76,78,11,13,10,1987,,https://www.maddenratings.com/charles-grant
Las Vegas Raiders,Brennan Jackson,LEDG,Left Edge,54,,70,25,"October 14, 2000",United States,Wash. St.,3,2024,154,Los Angeles Rams,83,88,80,70,71,81,81,79,84,25,13,10,8,6,8,7,50,39,37,22,16,11,21,42,30,40,65,45,33,45,50,17,78,70,69,75,78,73,39,45,77,37,40,35,81,40,40,35,35,31,20,17,10,2382,,https://www.maddenratings.com/brennan-jackson
Las Vegas Raiders,Caleb Rogers,RG,Right Guard,76,Power,70,24,"October 3, 2001",United States,Texas Tech,2,2025,98,Las Vegas Raiders,69,72,86,70,65,66,90,87,87,22,10,6,6,6,6,6,24,15,10,10,10,5,12,24,14,29,64,13,15,11,10,12,22,10,10,24,26,25,10,10,28,10,75,74,82,75,73,75,73,80,15,13,10,1852,,https://www.maddenratings.com/caleb-rogers
Las Vegas Raiders,Mike Washington Jr.,HB,Halfback,30,Elusive Back,70,23,"July 3, 2003",,Arkansas,,,,,94,93,72,85,74,91,91,84,92,27,20,20,15,10,23,22,65,50,50,55,47,41,43,82,77,82,77,79,74,72,75,23,23,22,18,26,29,22,20,25,22,23,29,47,32,20,25,25,26,28,26,24,67,2484,,https://www.maddenratings.com/mike-washington-jr
Las Vegas Raiders,Tommy Eichenberg,WILL,Weak Backer,44,Run Stopper,70,25,"January 11, 2001",United States,Ohio State,3,2024,148,Las Vegas Raiders,78,84,75,81,64,79,91,84,93,35,14,25,21,11,14,11,58,52,50,20,10,6,17,55,33,49,77,45,54,55,61,26,80,66,52,74,86,69,60,55,80,45,45,40,79,40,40,35,35,45,21,22,10,2607,,https://www.maddenratings.com/tommy-eichenberg
Las Vegas Raiders,Decamerion Richardson,CB,Cornerback,25,,69,25,"March 16, 2001",United States,Mississippi St.,3,2024,112,Las Vegas Raiders,94,92,52,85,57,84,90,87,88,24,15,23,22,15,16,13,55,50,47,36,31,26,33,52,62,35,86,65,34,69,71,10,77,26,33,52,75,55,66,70,62,75,35,31,51,24,25,23,22,14,11,12,59,2517,,https://www.maddenratings.com/decamerion-richardson
Las Vegas Raiders,Ian Thomas,TE,Tight End,80,Vertical Threat,69,30,"June 6, 1996",United States,Indiana,9,2018,101,Carolina Panthers,82,87,68,76,69,86,92,88,85,31,13,27,22,19,14,6,79,75,76,69,64,56,68,74,65,68,73,68,70,56,76,18,31,20,20,27,31,15,12,14,15,10,60,58,67,60,57,54,57,47,18,12,6,2611,,https://www.maddenratings.com/ian-thomas
Las Vegas Raiders,Jonah Laulu,DT,Defensive Tackle,96,,69,26,"June 30, 2000",United States,Oklahoma,3,2024,234,Indianapolis Colts,74,79,84,65,68,86,88,82,87,19,10,6,6,6,6,6,36,20,25,15,7,3,24,40,19,41,61,38,33,17,24,12,79,72,72,74,79,66,22,31,79,18,45,45,84,45,45,45,45,19,25,21,10,2208,,https://www.maddenratings.com/jonah-laulu
Las Vegas Raiders,Malik Benson,WR,Wide Receiver,19,Deep Threat,69,23,"October 17, 2002",,Oregon,,,,,93,92,58,80,70,83,91,82,87,24,20,18,17,15,18,16,80,78,77,69,70,74,69,71,72,44,79,78,55,72,79,23,38,25,33,29,41,38,31,37,35,31,47,30,37,27,32,27,24,26,27,25,79,2673,,https://www.maddenratings.com/malik-benson
Las Vegas Raiders,Spencer Burford,LG,Left Guard,70,Power,69,26,"July 19, 2000",United States,UTSA,5,2022,134,San Francisco 49ers,65,74,86,65,76,72,89,87,78,24,10,6,6,6,6,6,32,15,15,15,10,5,15,34,12,20,56,15,30,10,15,14,29,10,10,25,30,20,10,11,30,10,73,69,81,71,75,70,68,85,23,20,10,1899,,https://www.maddenratings.com/spencer-burford
Las Vegas Raiders,Benito Jones,DT,Defensive Tackle,94,,68,28,"November 27, 1997",United States,Ole Miss,7,,,,69,67,86,51,74,67,85,77,93,23,10,6,6,6,6,6,37,31,24,13,5,3,12,25,17,47,45,30,36,19,26,12,79,65,72,73,75,71,20,28,78,20,45,45,83,45,45,45,45,36,20,20,10,2134,,https://www.maddenratings.com/benito-jones
Las Vegas Raiders,Dalton Johnson,SS,Strong Safety,43,Zone,68,23,"April 15, 2003",,Arizona,,,,,90,89,56,81,68,86,90,91,88,26,12,6,6,6,6,6,65,61,58,48,45,38,46,58,54,52,79,61,45,51,65,17,65,35,44,52,71,65,65,71,76,63,35,35,57,35,35,35,35,28,20,25,47,2644,,https://www.maddenratings.com/dalton-johnson
Las Vegas Raiders,Dont&#8217;e Thornton Jr.,WR,Wide Receiver,10,Deep Threat,68,23,"November 30, 2002",United States,Tennessee,2,2025,108,Las Vegas Raiders,96,94,70,81,67,82,84,79,80,17,32,19,11,10,23,31,75,73,75,68,69,74,72,72,68,30,78,75,43,69,75,21,51,33,33,39,48,39,49,56,41,28,47,29,43,26,27,27,19,32,28,21,50,2679,,https://www.maddenratings.com/donte-thornton-jr
Las Vegas Raiders,Dylan Laube,HB,Halfback,23,Elusive Back,68,26,"December 14, 1999",United States,New Hampshire,3,2024,208,Las Vegas Raiders,88,89,67,88,62,84,91,91,92,27,17,15,10,10,10,10,75,63,65,70,64,59,63,85,73,75,90,81,71,73,78,20,27,10,10,26,32,13,11,16,22,15,31,50,34,28,25,30,25,28,25,25,82,2521,,https://www.maddenratings.com/dylan-laube
Las Vegas Raiders,Hezekiah Masses,CB,Cornerback,35,Zone,68,22,"June 30, 2004",,California,,,,,90,91,58,83,66,77,84,87,83,28,10,6,6,6,6,6,63,63,61,39,37,35,37,58,54,35,77,66,35,66,72,14,61,29,33,41,70,67,66,73,55,72,35,35,43,35,35,35,35,16,16,14,57,2522,,https://www.maddenratings.com/hezekiah-masses
Las Vegas Raiders,Tonka Hemingway,DT,Defensive Tackle,97,,68,24,"October 31, 2001",United States,South Carolina,2,2025,135,Las Vegas Raiders,72,84,81,72,66,78,93,84,92,21,18,14,10,7,15,12,54,53,55,42,37,32,43,63,44,59,65,47,32,22,25,13,75,74,70,80,74,63,27,37,75,29,45,45,75,45,45,45,45,22,27,22,22,2547,,https://www.maddenratings.com/tonka-hemingway
Las Vegas Raiders,Aidan O&#8217;Connell,QB,Quarterback,12,Field General,67,27,"September 1, 1998",United States,Purdue,4,2023,135,Las Vegas Raiders,75,79,55,73,69,73,81,78,82,86,79,85,79,75,78,78,21,10,10,10,10,10,12,64,35,27,75,59,26,31,39,59,20,10,10,20,23,13,10,13,15,10,15,17,19,11,15,14,19,14,15,13,10,2029,,https://www.maddenratings.com/aidan-oconnell
Las Vegas Raiders,Chase Roberts,WR,Wide Receiver,86,,67,25,"January 21, 2001",,BYU,,,,,84,89,68,86,64,88,91,87,88,64,34,52,47,41,53,38,76,79,79,70,72,71,72,71,75,58,79,80,68,70,77,33,49,36,39,45,46,29,34,39,47,38,53,27,49,20,24,25,20,35,31,28,45,2963,,https://www.maddenratings.com/chase-roberts
Las Vegas Raiders,JJ Pegues,DT,Defensive Tackle,92,,67,24,"November 25, 2001",United States,Ole Miss,2,2025,180,Las Vegas Raiders,67,69,84,62,64,69,92,83,94,46,39,38,34,31,38,35,52,48,56,37,31,24,30,60,47,62,60,51,56,42,46,36,77,67,71,78,77,62,19,20,81,19,45,45,82,45,45,45,45,32,32,29,35,2734,,https://www.maddenratings.com/jj-pegues
Las Vegas Raiders,Connor Heyward,TE,Tight End,34,Possession,66,27,"January 22, 1999",United States,Michigan St.,5,2022,208,Pittsburgh Steelers,85,85,68,72,68,79,91,80,91,37,26,32,20,24,35,26,78,77,79,65,56,49,60,81,68,73,67,79,71,60,63,42,40,25,21,46,50,31,15,15,60,10,58,58,64,55,54,58,57,68,42,37,64,2915,,https://www.maddenratings.com/connor-heyward
Las Vegas Raiders,Chris Collier,HB,Halfback,33,Elusive Back,66,26,"March 24, 2000",United States,Wagner College,3,,,,89,94,70,85,60,86,84,79,82,27,17,24,20,14,10,10,60,52,51,51,44,37,40,85,73,75,85,78,66,69,76,33,39,11,12,35,46,18,30,37,49,32,45,48,37,45,45,35,30,33,14,12,40,2519,,https://www.maddenratings.com/chris-collier
Las Vegas Raiders,Dareke Young,WR,Wide Receiver,81,,66,27,"June 4, 1999",United States,Lenoir-Rhyne University,5,2022,233,Seattle Seahawks,90,92,71,86,66,88,85,80,75,23,11,15,10,8,16,6,78,75,79,69,67,66,62,78,75,69,81,82,68,66,74,19,30,10,10,28,42,15,12,10,36,12,40,30,45,31,26,29,28,27,21,17,85,2514,,https://www.maddenratings.com/dareke-young
Las Vegas Raiders,Segun Olubi,WILL,Weak Backer,50,Run Stopper,66,26,"November 1, 1999",United States,San Diego St.,5,,,,89,91,66,82,61,83,87,80,80,21,14,15,14,12,15,10,63,48,49,15,5,5,15,53,44,48,78,51,42,63,66,22,75,51,62,64,82,63,57,66,84,44,45,45,64,45,45,45,45,27,31,29,35,2591,,https://www.maddenratings.com/segun-olubi
Las Vegas Raiders,Thomas Booker,DT,Defensive Tackle,99,,66,26,"November 11, 1999",United States,Stanford,5,,,,74,81,85,72,62,72,91,76,83,18,10,6,6,6,6,6,39,36,35,29,25,22,25,40,35,33,65,42,40,28,32,12,78,66,53,70,74,64,15,14,79,16,45,45,84,45,45,45,45,34,15,11,10,2245,,https://www.maddenratings.com/thomas-booker
Las Vegas Raiders,Brandon Cleveland,DT,Defensive Tackle,90,,65,21,"August 27, 2004",,N.C. State,,,,,68,72,87,65,60,67,86,77,88,25,10,6,6,6,6,6,35,25,25,17,15,3,25,40,16,38,50,26,41,26,28,12,77,69,58,75,72,58,21,24,79,25,54,53,85,51,52,51,52,26,17,21,10,2187,,https://www.maddenratings.com/brandon-cleveland
Las Vegas Raiders,Chigozie Anusiem,CB,Cornerback,29,Zone,65,25,"November 5, 2000",United States,Colorado St.,3,,,,91,90,60,82,63,89,90,85,87,26,10,6,6,6,6,6,64,57,54,31,24,15,24,57,55,51,77,68,62,65,70,24,62,35,45,53,73,62,61,66,68,75,35,35,56,35,35,35,35,25,15,14,45,2566,,https://www.maddenratings.com/chigozie-anusiem
Las Vegas Raiders,Cameron McGrone,WILL,Weak Backer,57,Run Stopper,64,26,"June 22, 2000",United States,Michigan,6,2021,177,New England Patriots,86,90,69,80,57,82,79,81,75,15,14,6,6,6,6,6,56,47,51,15,5,5,25,60,24,32,66,35,31,33,35,12,78,45,56,64,80,67,53,58,74,47,45,45,68,45,45,45,45,28,14,12,10,2314,,https://www.maddenratings.com/cameron-mcgrone
Las Vegas Raiders,Greedy Vance Jr,CB,Cornerback,22,Man to Man,63,24,"October 8, 2001",United States,USC,2,,,,87,91,55,81,58,82,87,88,84,35,10,6,6,6,6,6,64,65,57,22,12,11,24,54,50,29,89,65,33,60,68,13,52,27,35,42,71,56,67,69,58,67,35,35,42,35,35,35,35,17,14,13,47,2391,,https://www.maddenratings.com/greedy-vance-jr
Las Vegas Raiders,Jahfari Harvey,REDG,Right Edge,91,Power Rusher,63,25,"May 2, 2001",United States,SMU,2,,,,80,84,78,77,53,84,87,79,85,19,10,6,6,6,6,6,33,24,25,13,7,5,15,35,23,29,68,34,31,27,28,12,77,67,66,68,77,52,36,49,77,30,45,45,66,45,45,45,45,20,15,13,10,2168,,https://www.maddenratings.com/jahfari-harvey
Las Vegas Raiders,Justin Pickett,RG,Right Guard,77,Power,63,23,"October 11, 2002",,Duke,,,,,72,78,86,65,60,69,89,82,86,21,10,6,6,6,6,6,22,15,16,15,5,5,15,40,12,30,59,21,15,10,10,12,44,41,28,29,35,21,8,9,35,10,69,71,74,70,72,71,69,71,15,11,10,1913,,https://www.maddenratings.com/justin-pickett
Las Vegas Raiders,Treven Ma&#8217;ae,DT,Defensive Tackle,68,,63,25,"February 26, 2001",United States,Baylor,2,,,,77,86,83,69,56,80,87,85,86,20,10,6,6,6,6,6,34,21,22,15,7,5,15,36,14,31,61,22,28,18,19,12,77,64,61,70,70,54,16,20,76,17,45,45,85,45,45,45,45,27,18,12,10,2076,,https://www.maddenratings.com/treven-maae
Las Vegas Raiders,Atonio Mafi,LG,Left Guard,56,Power,62,25,"October 20, 2000",United States,UCLA,4,2023,144,New England Patriots,55,54,84,53,60,61,92,75,87,22,11,6,6,6,7,6,30,10,10,10,5,5,20,40,15,20,50,20,30,10,10,15,67,66,45,55,60,56,10,14,69,10,72,65,73,71,68,70,62,76,27,22,10,2053,,https://www.maddenratings.com/atonio-mafi
Las Vegas Raiders,Alex Ward,LS,Long Snapper,47,Accurate,62,27,"April 21, 1999",United States,UCF,4,,,,69,77,66,72,52,74,90,74,78,31,10,24,15,9,6,6,48,47,48,44,42,39,25,52,25,48,71,45,42,47,52,16,46,20,25,40,43,25,16,24,49,20,48,45,62,44,49,44,45,46,14,12,25,2186,,https://www.maddenratings.com/alex-ward
Las Vegas Raiders,Cody Lindenberg,MIKE,Mike Backer,55,Field General,62,24,"January 15, 2002",United States,Minnesota,2,2025,222,Las Vegas Raiders,82,81,71,79,64,87,83,86,83,26,17,23,20,17,28,14,57,51,48,27,24,21,24,55,34,40,77,42,37,39,48,30,77,48,50,64,79,63,54,62,78,46,45,45,72,45,45,45,45,23,21,18,10,2550,,https://www.maddenratings.com/cody-lindenberg
Las Vegas Raiders,Gary Smith III,DT,Defensive Tackle,75,,62,24,"November 1, 2001",,UCLA,,,,,57,65,81,53,63,70,86,72,81,25,10,6,6,6,6,6,22,24,24,15,7,4,13,37,44,42,42,24,25,24,24,17,81,65,57,71,76,62,15,17,78,11,45,45,85,45,45,45,45,27,13,18,16,2043,,https://www.maddenratings.com/gary-smith-iii
Las Vegas Raiders,Isaiah Jatta,RT,Right Tackle,72,,62,22,"May 27, 2004",,BYU,,,,,68,68,84,54,58,69,86,89,85,13,10,6,6,6,6,6,28,15,15,15,5,5,15,24,17,25,49,17,18,10,10,15,23,10,10,24,27,15,12,15,28,10,70,69,77,69,72,70,69,76,15,11,10,1779,,https://www.maddenratings.com/isaiah-jatta
Las Vegas Raiders,Tristin McCollum,FS,Free Safety,27,Hybrid,62,27,"May 3, 1999",United States,Sam Houston,5,,,,89,93,57,91,51,89,89,83,76,26,13,15,10,8,21,15,65,63,57,28,24,19,25,61,63,42,89,72,47,65,75,32,60,29,35,47,73,50,65,67,62,62,33,29,50,33,33,29,29,18,15,14,45,2531,,https://www.maddenratings.com/tristin-mccollum
Las Vegas Raiders,Tanner Wall,FS,Free Safety,41,Zone,61,26,"December 12, 1999",,BYU,,,,,88,90,60,87,58,89,88,89,85,32,12,6,6,6,6,6,64,60,24,22,21,20,27,60,49,54,85,63,46,53,68,27,64,32,37,57,72,56,56,63,69,64,35,35,57,35,35,35,35,24,14,12,45,2483,,https://www.maddenratings.com/tanner-wall
Las Vegas Raiders,Justin Shorter,WR,Wide Receiver,88,,60,26,"April 17, 2000",United States,Florida,4,2023,150,Buffalo Bills,87,88,69,77,52,88,84,85,84,34,15,15,10,6,10,6,80,78,76,68,65,66,64,72,70,61,74,75,51,63,71,21,39,10,10,38,37,25,21,27,35,30,51,53,51,48,51,51,54,35,16,11,40,2598,,https://www.maddenratings.com/justin-shorter
Las Vegas Raiders,Carter Runyon,TE,Tight End,84,Vertical Threat,59,25,"July 23, 2001",United States,Towson,2,,,,85,81,74,77,60,87,86,81,80,24,10,15,10,6,10,6,75,71,70,60,54,49,60,71,61,64,77,65,58,52,64,15,35,14,15,38,36,26,12,18,32,14,59,58,60,53,53,59,56,53,17,11,13,2490,,https://www.maddenratings.com/carter-runyon
Los Angeles Chargers,Derwin James Jr,SS,Strong Safety,3,Run Support,93,30,"August 3, 1996",United States,Florida State,9,,,,90,91,80,87,93,93,90,95,91,34,10,18,13,10,22,15,78,67,56,27,22,17,24,72,59,46,85,73,47,67,77,24,78,69,67,68,91,92,86,85,92,83,35,35,73,35,35,35,35,20,19,15,78,2999,"Reinforcement The game's top defenders excel in all situations. When they enter the zone, this ability increases their chance of defeating run blocks, and disrupting catches via tackles. Secure Tackler Defenders with this ability have an increased chance to avoid fakeouts. Flat Zone KO Defenders with this ability have a slightly improved chance to force catch knockouts and react quicker in any flat zone coverage, less than 10 yards from the LoS and outside the hash marks. Lumberjack Defenders with this ability have a slightly increased success rate and cause more fumbles when cut-sticking ballcarriers.",https://www.maddenratings.com/derwin-james-jr
Los Angeles Chargers,Rashawn Slater,LT,Left Tackle,70,Pass Protector,92,27,"March 26, 1999",United States,Northwestern,6,2021,13,Los Angeles Chargers,74,80,93,68,85,80,85,89,88,10,15,6,6,6,6,6,25,15,15,12,10,5,12,24,12,25,59,12,15,10,10,12,35,30,24,25,29,24,12,9,21,10,84,95,94,80,86,96,92,82,11,15,10,2034,Secure Protector Blockers with this ability reduce a rusher's chances of using a quick block shed move. All Day Blockers with this ability will allow less frequent shed attempts by their block target Threat Detector Players with this ability will highlight any user defenders.,https://www.maddenratings.com/rashawn-slater
Los Angeles Chargers,Justin Herbert,QB,Quarterback,10,Field General,90,28,"March 10, 1998",United States,Oregon,7,2020,6,Los Angeles Chargers,89,87,71,80,90,84,92,94,95,96,89,95,89,83,92,91,39,18,12,17,13,10,14,68,64,58,72,80,63,58,67,82,36,10,10,26,41,16,11,18,33,14,24,17,23,19,13,12,17,18,20,16,12,2558,Sideline Deadeye Passers with this ability have elite accuracy on all unpressured throws outside the numbers (except on high throws). High Point Deadeye Passers with this ability have elite accuracy on unpressured high point throws under 20 yards. Roaming Deadeye Passers with this ability have elite accuracy on all unpressured throws while their feet are set outside the pocket (except on high throws).,https://www.maddenratings.com/justin-herbert
Los Angeles Chargers,Khalil Mack,REDG,Right Edge,52,,86,35,"February 22, 1991",United States,Buffalo,13,2014,5,Las Vegas Raiders,84,85,87,84,82,94,92,87,92,32,12,6,6,6,6,6,62,53,54,15,5,5,28,61,31,55,69,55,51,60,54,12,87,85,82,90,86,84,50,59,88,48,45,45,93,45,45,45,45,28,24,22,10,2737,"Edge Threat Defenders with this ability are slightly more likely to use faster, more dominant pass rush moves while rushing from the edge of the defense, and have more favorable disengage angles. No Outsiders Defenders with this ability have slightly improved run shed moves and disengage angles for a better chance at stopping outside zone plays. Secure Tackler Defenders with this ability have an increased chance to avoid fakeouts.",https://www.maddenratings.com/khalil-mack
Los Angeles Chargers,Joe Alt,RT,Right Tackle,76,Power,85,23,"February 28, 2003",United States,Notre Dame,3,2024,5,Los Angeles Chargers,71,77,89,72,88,70,94,88,95,54,31,45,43,38,35,31,57,56,54,42,35,25,47,59,36,48,63,45,57,40,39,49,44,34,36,35,24,32,15,13,45,14,85,88,87,85,85,89,85,87,15,14,15,2800,,https://www.maddenratings.com/joe-alt
Los Angeles Chargers,Ladd McConkey,WR,Wide Receiver,15,Slot,83,24,"November 11, 2001",United States,Georgia,3,2024,34,Los Angeles Chargers,92,94,57,91,85,87,90,89,82,25,16,15,10,6,16,6,89,83,81,87,86,81,69,71,72,39,93,87,48,71,85,25,34,10,10,33,39,14,12,17,31,16,42,31,43,22,29,20,16,20,18,12,78,2575,"Slot-O-Matic When lined up in the slot, receivers with this ability make faster cuts and have better hands when catching passes less than 8 yards from the LoS Short In Elite Receivers with this ability catch more consistently while catching passes less than 10 yards from the LoS, inside the numbers",https://www.maddenratings.com/ladd-mcconkey
Los Angeles Chargers,Cameron Dicker,K,Kicker,11,Accurate,82,26,"May 6, 2000",United States,Texas,5,,,,75,82,51,63,66,62,92,85,70,41,12,28,23,19,18,15,28,14,13,10,10,10,10,29,10,15,57,20,10,10,10,15,34,10,10,10,33,14,10,10,18,10,20,20,15,15,12,12,14,10,95,93,10,1548,,https://www.maddenratings.com/cameron-dicker
Los Angeles Chargers,Daiyan Henley,,,,Pass Coverage,82,26,"November 18, 1999",United States,Wash. St.,4,2023,85,Los Angeles Chargers,88,91,65,82,85,89,90,91,85,24,10,6,6,6,6,6,72,71,68,53,51,45,62,64,62,60,78,75,61,64,71,12,91,49,59,71,89,86,68,71,79,72,45,40,68,45,45,40,40,26,51,44,60,3038,,https://www.maddenratings.com/daiyan-henley
Los Angeles Chargers,Donte Jackson,CB,Cornerback,26,Man to Man,82,30,"November 8, 1995",United States,LSU,9,2018,55,Carolina Panthers,93,93,49,91,85,97,86,91,67,20,18,6,6,6,6,6,79,73,60,15,12,10,12,63,45,17,90,69,27,75,79,17,51,23,34,44,67,83,82,79,59,66,35,35,42,35,35,35,35,13,17,13,77,2523,,https://www.maddenratings.com/donte-jackson
Los Angeles Chargers,Josh Harris,LS,Long Snapper,47,Accurate,81,37,"April 27, 1989",United States,Auburn,15,,,,76,74,68,73,71,76,95,75,85,25,10,10,10,10,10,10,55,56,62,48,43,38,23,71,25,53,69,55,55,45,40,15,56,10,10,42,38,40,22,21,55,15,56,56,71,55,50,51,40,55,23,13,10,2320,,https://www.maddenratings.com/josh-harris
Los Angeles Chargers,Omarion Hampton,HB,Halfback,8,Power Back,81,23,"March 16, 2003",United States,North Carolina,2,2025,22,Los Angeles Chargers,90,93,78,82,75,90,90,89,94,25,21,15,24,12,24,23,73,58,61,61,54,51,54,93,91,91,77,85,82,77,82,19,43,30,31,38,44,44,28,36,37,30,43,52,47,29,28,39,42,45,31,18,76,2845,,https://www.maddenratings.com/omarion-hampton
Los Angeles Chargers,David Njoku,TE,Tight End,83,Vertical Threat,80,30,"July 10, 1996",United States,Miami,10,2017,29,Cleveland Browns,86,88,72,82,76,95,87,88,78,13,10,15,10,6,10,6,86,86,88,71,67,62,76,76,77,72,72,85,80,74,77,12,36,10,10,42,37,13,26,23,15,10,59,62,65,54,59,61,56,50,15,19,40,2745,,https://www.maddenratings.com/david-njoku
Los Angeles Chargers,J.K. Scott,P,Punter,16,Power,80,30,"October 30, 1995",United States,Alabama,9,,,,75,77,51,68,70,75,91,89,67,41,24,32,27,22,25,21,21,15,15,15,15,15,15,36,9,11,61,13,10,10,17,20,30,10,10,20,29,18,12,15,16,10,17,18,18,17,17,18,18,16,95,81,10,1648,,https://www.maddenratings.com/jk-scott
Los Angeles Chargers,Tarheeb Still,CB,Cornerback,4,Zone,80,24,"June 9, 2002",United States,Maryland,3,2024,137,Los Angeles Chargers,89,93,56,85,79,90,91,85,76,27,11,11,10,6,11,6,79,66,64,26,16,11,27,60,66,26,88,61,32,66,72,10,60,26,31,43,71,79,77,84,55,80,15,10,57,14,13,9,8,15,18,17,80,2458,,https://www.maddenratings.com/tarheeb-still
Los Angeles Chargers,Tony Jefferson II,SS,Strong Safety,23,Run Support,80,34,"January 27, 1992",United States,Oklahoma,12,,,,87,85,74,79,85,81,82,87,80,24,18,6,6,6,6,6,67,63,46,20,10,10,25,58,43,45,78,72,50,66,70,15,74,53,58,55,83,84,75,81,88,70,35,35,63,35,35,35,35,18,26,19,40,2647,,https://www.maddenratings.com/tony-jefferson-ii
Los Angeles Chargers,Tyler Biadasz,C,Center,63,Agile,80,28,"November 20, 1997",United States,Wisconsin,7,2020,146,Dallas Cowboys,74,65,85,64,87,72,88,95,93,21,11,6,6,6,6,6,23,15,13,16,6,5,15,28,9,28,55,17,18,10,14,12,37,24,20,36,34,29,12,14,47,10,83,81,82,79,85,78,84,85,48,43,8,2088,,https://www.maddenratings.com/tyler-biadasz
Los Angeles Chargers,Quentin Johnston,WR,Wide Receiver,1,Deep Threat,80,24,"September 6, 2001",United States,TCU,4,2023,21,Los Angeles Chargers,93,91,70,83,87,94,89,85,87,30,18,20,15,10,13,12,86,85,83,80,81,80,80,76,84,66,85,88,81,76,82,28,31,10,10,30,36,16,13,19,25,19,49,35,47,26,31,30,27,24,22,18,40,2696,,https://www.maddenratings.com/quentin-johnston
Los Angeles Chargers,Akheem Mesidor,,,90,Smaller Speed Rusher,79,25,"April 5, 2001",United States,Miami,,2026,22,Los Angeles Chargers,86,89,81,84,74,83,78,82,81,23,16,12,18,10,17,16,31,31,31,17,15,10,17,48,43,42,75,44,43,31,28,20,82,76,81,81,83,74,39,45,87,27,45,45,84,45,45,45,45,45,25,20,29,2524,,https://www.maddenratings.com/akheem-mesidor
Los Angeles Chargers,Elijah Molden,FS,Free Safety,2,Zone,79,27,"January 30, 1999",United States,Washington,6,2021,100,Tennessee Titans,89,91,57,83,81,87,88,88,87,25,15,6,6,6,6,6,65,58,54,43,32,24,36,63,57,49,81,77,47,70,80,10,71,29,31,45,81,83,75,78,72,69,40,35,43,35,35,40,35,17,17,13,60,2671,,https://www.maddenratings.com/elijah-molden
Los Angeles Chargers,Tuli Tuipulotu,LEDG,Left Edge,45,,78,23,"September 3, 2002",United States,USC,4,2023,54,Los Angeles Chargers,77,83,88,71,86,72,92,81,90,20,17,9,7,6,6,9,35,32,27,15,8,6,15,33,24,40,65,36,39,21,31,12,78,75,82,79,85,83,41,53,83,38,45,40,82,45,45,40,40,32,31,28,10,2388,,https://www.maddenratings.com/tuli-tuipulotu
Los Angeles Chargers,Kimani Vidal,HB,Halfback,28,Elusive Back,77,24,"August 28, 2001",United States,Troy,3,2024,181,Los Angeles Chargers,90,90,70,86,81,87,90,91,85,28,12,20,15,10,15,15,68,55,51,66,60,56,57,88,80,77,85,83,73,77,83,20,33,10,10,29,35,17,12,18,31,15,27,53,29,16,22,38,34,27,20,16,72,2528,,https://www.maddenratings.com/kimani-vidal
Los Angeles Chargers,Teair Tart,DT,Defensive Tackle,93,,77,29,"February 28, 1997",United States,FIU,7,,,,70,76,88,64,81,72,86,76,88,29,16,6,6,6,6,6,34,17,15,12,7,5,12,40,10,34,50,10,27,10,10,12,84,77,71,78,78,82,12,23,80,10,45,45,84,45,45,45,45,29,17,13,15,2104,,https://www.maddenratings.com/teair-tart
Los Angeles Chargers,Denzel Perryman,MIKE,Mike Backer,6,,76,33,"December 5, 1992",United States,Miami,12,2015,48,Los Angeles Chargers,81,81,84,75,81,81,85,90,88,25,17,6,6,6,6,6,60,30,15,15,5,5,12,65,10,45,67,35,52,25,30,12,83,58,51,75,86,82,59,56,90,48,45,45,95,45,45,45,45,22,20,20,10,2426,,https://www.maddenratings.com/denzel-perryman
Los Angeles Chargers,Dalvin Tomlinson,DT,Defensive Tackle,94,,75,32,"February 28, 1994",United States,Alabama,10,2017,55,New York Giants,69,65,89,59,82,68,96,80,91,23,16,6,6,6,6,6,34,24,22,13,5,3,15,27,19,37,48,33,39,16,28,12,83,76,65,77,80,81,22,29,82,15,45,45,84,46,45,44,45,32,17,17,14,2187,,https://www.maddenratings.com/dalvin-tomlinson
Los Angeles Chargers,Keaton Mitchell,HB,Halfback,34,Elusive Back,75,24,"January 17, 2002",United States,East Carolina,4,,,,94,95,60,82,73,90,85,86,79,27,11,25,24,20,25,15,71,61,64,62,53,54,42,86,78,48,83,79,56,79,84,26,27,15,22,23,33,20,25,32,26,22,40,47,35,40,40,37,41,29,10,10,73,2564,,https://www.maddenratings.com/keaton-mitchell
Los Angeles Chargers,Oronde Gadsden II,TE,Tight End,86,Vertical Threat,75,23,"June 25, 2003",United States,Syracuse,2,2025,165,Los Angeles Chargers,86,88,73,80,79,84,82,87,84,37,24,24,23,18,31,28,82,81,82,73,66,64,73,73,66,63,75,73,64,66,68,32,29,28,31,33,33,35,22,26,25,19,55,55,59,52,55,54,56,47,28,16,33,2820,,https://www.maddenratings.com/oronde-gadsden-ii
Los Angeles Chargers,Alec Ingold,FB,Fullback,30,Utility,74,30,"July 9, 1996",United States,Wisconsin,8,,,,82,79,78,72,70,86,85,87,87,60,40,52,47,43,51,38,71,54,62,63,50,42,51,80,49,77,74,71,73,61,71,33,50,30,35,35,49,33,15,20,41,20,67,67,70,55,59,47,43,81,56,37,32,2981,,https://www.maddenratings.com/alec-ingold
Los Angeles Chargers,Jake Slaughter,LG,Left Guard,66,Agile,74,23,"December 19, 2002",,Florida,,,,,69,76,86,62,79,79,92,86,87,16,6,6,6,6,6,6,32,15,15,10,5,5,13,25,10,35,57,15,22,10,14,12,36,23,22,42,40,36,13,14,35,10,78,77,80,76,78,78,76,84,15,15,10,2001,,https://www.maddenratings.com/jake-slaughter
Los Angeles Chargers,Cam Hart,CB,Cornerback,20,Man to Man,73,25,"December 5, 2000",United States,Notre Dame,3,2024,140,Los Angeles Chargers,91,92,59,80,69,93,86,85,86,32,10,33,31,25,31,26,70,68,65,56,51,48,60,66,67,53,81,75,48,71,75,32,67,23,32,61,73,68,74,77,72,76,35,35,61,35,35,31,32,25,21,22,65,2935,,https://www.maddenratings.com/cam-hart
Los Angeles Chargers,Justin Eboigbe,DT,Defensive Tackle,92,,73,25,"April 9, 2001",United States,Alabama,3,2024,105,Los Angeles Chargers,66,71,83,67,72,70,80,77,85,19,15,16,13,11,8,14,44,37,34,7,7,7,17,52,19,40,50,11,17,24,29,19,86,75,69,77,79,75,41,45,80,18,45,24,86,45,45,25,18,16,20,17,21,2188,,https://www.maddenratings.com/justin-eboigbe
Los Angeles Chargers,Tre Harris,WR,Wide Receiver,9,Deep Threat,73,24,"February 28, 2002",United States,Ole Miss,2,2025,55,Los Angeles Chargers,88,91,68,82,76,91,87,87,89,64,33,51,44,40,43,32,82,85,83,75,73,76,75,71,74,46,82,80,54,75,81,36,21,31,33,38,37,36,24,27,30,25,49,21,45,27,30,21,14,31,33,25,69,2881,,https://www.maddenratings.com/tre-harris
Los Angeles Chargers,Bud Dupree,LEDG,Left Edge,48,Power Rusher,72,33,"February 12, 1993",United States,Kentucky,12,2015,22,Pittsburgh Steelers,83,84,76,75,75,93,81,80,84,33,14,6,6,6,6,6,62,36,26,15,5,5,30,50,15,40,65,39,43,45,46,12,79,75,65,75,84,76,43,56,88,56,45,45,82,45,45,45,45,19,25,20,10,2465,,https://www.maddenratings.com/bud-dupree
Los Angeles Chargers,Brenen Thompson,WR,Wide Receiver,89,,72,23,"July 25, 2003",,Mississippi St.,,,,,97,93,55,91,60,86,81,82,80,58,32,38,34,30,37,28,77,77,76,70,71,74,67,73,72,40,88,83,51,75,84,33,33,21,23,33,47,40,37,43,28,37,46,28,39,22,25,20,18,24,47,33,92,2829,,https://www.maddenratings.com/brenen-thompson
Los Angeles Chargers,Cole Strange,RG,Right Guard,69,Agile,72,28,"July 31, 1998",United States,Tenn-Chat,5,2022,29,New England Patriots,71,78,87,68,77,70,89,84,90,21,11,6,6,6,6,6,43,39,42,36,34,30,44,47,32,36,58,35,42,26,30,16,42,38,37,34,43,39,10,10,45,10,74,71,81,77,78,70,74,84,20,20,10,2333,,https://www.maddenratings.com/cole-strange
Los Angeles Chargers,Genesis Smith,SS,Strong Safety,22,Hybrid,72,21,"November 5, 2004",,Arizona,,,,,89,93,62,83,72,93,87,88,87,26,12,6,6,6,6,6,65,61,57,46,43,36,48,64,54,55,85,62,59,57,68,15,65,35,45,56,72,70,72,69,72,63,35,35,56,35,35,35,35,28,22,26,56,2714,,https://www.maddenratings.com/genesis-smith
Los Angeles Chargers,Jamaree Caldwell,DT,Defensive Tackle,99,,71,25,"August 30, 2000",United States,Oregon,2,2025,86,Los Angeles Chargers,67,72,87,67,74,68,89,75,90,25,18,14,8,6,16,15,19,18,18,16,13,10,16,36,25,34,61,24,33,18,19,17,78,74,58,76,78,73,12,14,80,16,45,45,89,45,45,45,45,26,24,26,29,2191,,https://www.maddenratings.com/jamaree-caldwell
Los Angeles Chargers,Junior Colson,MIKE,Mike Backer,25,Field General,71,23,"December 6, 2002",,Michigan,3,2024,69,Los Angeles Chargers,86,90,75,77,65,81,87,84,94,25,15,24,21,11,14,15,55,55,52,15,9,5,15,57,41,51,75,55,48,57,63,22,83,54,45,76,83,60,65,69,83,69,45,40,83,45,45,37,39,48,20,15,35,2678,,https://www.maddenratings.com/junior-colson
Los Angeles Chargers,Trevor Penning,LG,Left Guard,75,Power,71,27,"May 15, 1999",United States,Northern Iowa,5,2022,19,New Orleans Saints,75,81,89,74,59,70,87,82,90,23,7,11,10,7,5,5,41,35,35,31,23,17,28,38,28,35,59,34,37,15,20,19,27,26,31,33,41,21,10,11,40,12,76,68,88,78,72,73,64,77,17,15,10,2160,,https://www.maddenratings.com/trevor-penning
Los Angeles Chargers,Troy Dye,WILL,Weak Backer,43,Run Stopper,71,29,"September 18, 1996",United States,Oregon,7,2020,132,Minnesota Vikings,86,86,71,81,75,84,87,81,89,30,13,15,10,10,15,15,61,52,50,37,31,25,26,55,46,40,74,54,41,55,62,12,81,48,57,68,81,74,61,66,80,59,45,45,72,45,45,45,45,16,15,19,35,2671,,https://www.maddenratings.com/troy-dye
Los Angeles Chargers,Derius Davis,WR,Wide Receiver,12,,70,25,"September 11, 2000",United States,TCU,4,2023,125,Los Angeles Chargers,94,94,63,82,60,77,84,80,82,23,14,15,10,6,10,6,82,80,79,71,72,73,59,72,70,34,83,83,36,74,80,18,34,10,10,25,33,26,20,26,24,23,41,26,32,16,21,10,17,17,17,16,81,2391,,https://www.maddenratings.com/derius-davis
Los Angeles Chargers,KeAndre Lambert-Smith,WR,Wide Receiver,84,Slot,70,24,"October 16, 2001",United States,Auburn,2,2025,158,Los Angeles Chargers,93,94,60,92,65,83,91,85,84,21,35,13,19,25,16,20,80,77,78,73,71,70,68,75,71,44,95,78,49,70,72,33,44,28,28,33,41,46,57,66,33,30,40,20,32,23,23,30,21,26,22,30,74,2747,,https://www.maddenratings.com/keandre-lambert-smith
Los Angeles Chargers,Nick Barrett,DT,Defensive Tackle,91,,70,23,"July 28, 2003",,South Carolina,,,,,69,81,89,53,67,77,88,76,87,28,10,6,6,6,6,6,22,24,24,18,12,2,28,40,14,47,50,24,46,24,24,12,81,73,64,75,75,65,27,20,80,21,45,45,83,45,45,45,45,28,18,25,10,2181,,https://www.maddenratings.com/nick-barrett
Los Angeles Chargers,R.J. Mickens,FS,Free Safety,27,Zone,70,25,"July 10, 2001",United States,Clemson,2,2025,214,Los Angeles Chargers,89,91,63,81,67,95,90,88,90,24,12,6,6,6,6,6,66,60,56,33,28,24,31,60,51,43,80,63,41,55,61,14,65,36,35,53,76,63,68,74,76,69,35,35,50,35,35,35,35,25,19,15,42,2562,,https://www.maddenratings.com/rj-mickens
Los Angeles Chargers,Travis Burke,RT,Right Tackle,77,Power,70,23,"January 6, 2003",,Memphis,,,,,67,71,86,60,70,68,83,88,82,16,12,6,6,6,6,6,21,19,17,16,5,5,17,28,17,28,53,13,11,10,10,12,38,35,37,42,43,19,14,11,42,10,77,75,82,75,78,77,72,81,10,12,10,1955,,https://www.maddenratings.com/travis-burke
Los Angeles Chargers,Kyle Kennard,REDG,Right Edge,54,,69,24,"December 12, 2001",United States,South Carolina,2,2025,125,Los Angeles Chargers,81,86,78,75,68,81,91,82,87,23,14,18,10,7,12,10,48,41,35,19,19,19,14,45,22,31,68,42,28,28,35,12,78,62,70,76,80,68,45,54,80,34,45,45,78,45,45,45,45,24,21,25,27,2421,,https://www.maddenratings.com/kyle-kennard
Los Angeles Chargers,Trey Pipkins III,LT,Left Tackle,79,Power,69,29,"September 5, 1996",United States,Sioux Falls,8,,,,69,73,83,63,82,81,88,84,85,16,13,6,6,6,6,6,47,32,34,26,20,15,37,42,5,21,53,10,10,10,10,12,40,40,30,40,35,24,12,12,35,10,73,72,82,72,75,74,70,78,21,11,10,2067,,https://www.maddenratings.com/trey-pipkins-iii
Los Angeles Chargers,Charlie Kolar,TE,Tight End,88,Vertical Threat,68,27,"February 10, 1999",United States,Iowa State,5,2022,128,Baltimore Ravens,84,85,68,81,67,85,91,84,92,29,10,15,10,6,10,6,80,82,76,66,62,58,65,72,55,63,74,74,60,66,64,16,33,17,15,36,38,22,12,15,32,10,61,58,58,57,60,55,57,55,15,14,15,2591,,https://www.maddenratings.com/charlie-kolar
Los Angeles Chargers,Logan Taylor,LG,Left Guard,65,Agile,68,24,"February 7, 2002",,Boston College,,,,,66,68,88,60,64,76,86,87,85,14,11,6,6,6,6,6,27,27,17,16,5,5,15,21,10,28,53,12,11,10,10,13,32,29,30,24,37,24,17,17,34,10,73,72,80,72,74,72,74,80,37,36,10,1949,,https://www.maddenratings.com/logan-taylor
Los Angeles Chargers,Scott Matlock,DT,Defensive Tackle,44,Power Rusher,68,26,"June 28, 2000",United States,Boise State,4,2023,200,Los Angeles Chargers,74,81,85,73,74,73,90,74,79,22,9,13,10,7,7,8,68,56,55,58,48,39,48,70,30,40,61,26,35,35,41,13,76,70,64,67,79,73,15,19,77,20,70,66,78,61,58,55,51,87,18,16,10,2632,,https://www.maddenratings.com/scott-matlock
Los Angeles Chargers,Alex Harkey,RT,Right Tackle,73,Power,67,25,"July 22, 2001",,Oregon,,,,,66,71,84,61,70,76,85,84,89,15,12,6,6,6,6,6,26,23,27,28,24,18,28,26,18,24,51,12,15,10,10,12,39,29,30,31,24,18,12,13,44,10,74,73,81,72,72,74,72,80,10,12,10,1975,,https://www.maddenratings.com/alex-harkey
Los Angeles Chargers,Ben Cleveland,RG,Right Guard,72,Power,67,27,"August 25, 1998",United States,Georgia,6,2021,94,Baltimore Ravens,69,71,90,64,68,70,85,83,85,23,10,5,5,5,5,5,12,15,13,12,5,5,13,14,12,32,48,10,26,10,11,12,31,21,12,35,17,17,11,11,30,10,71,68,76,72,70,72,66,78,13,12,10,1796,,https://www.maddenratings.com/ben-cleveland
Los Angeles Chargers,Deane Leonard,CB,Cornerback,33,Man to Man,67,26,"November 20, 1999",United States,Ole Miss,5,2022,236,Los Angeles Chargers,92,94,60,81,60,80,89,87,79,23,11,15,10,10,15,15,57,51,50,26,16,11,20,55,48,38,85,54,35,61,70,10,62,32,41,51,73,60,67,65,65,72,35,35,49,35,35,35,35,19,11,15,35,2435,,https://www.maddenratings.com/deane-leonard
Los Angeles Chargers,Jaret Patterson,HB,Halfback,32,Elusive Back,67,26,"December 23, 1999",United States,Buffalo,6,,,,85,89,61,81,71,74,90,84,84,24,16,19,15,14,26,15,66,58,62,60,49,39,39,83,75,48,81,78,53,77,83,22,37,17,24,26,52,28,28,33,41,31,35,46,26,34,36,31,34,27,19,12,55,2493,,https://www.maddenratings.com/jaret-patterson
Los Angeles Chargers,Nadame Tucker,LEDG,Left Edge,56,Smaller Speed Rusher,66,26,"June 21, 2000",,W. Michigan,,,,,81,87,74,69,58,81,89,83,87,21,15,6,6,6,6,6,49,46,34,10,10,10,13,45,34,35,62,36,35,35,37,18,77,72,71,74,80,57,32,45,78,39,45,45,84,45,45,45,45,37,17,43,10,2370,,https://www.maddenratings.com/nadame-tucker
Los Angeles Chargers,Sincere Brown,WR,Wide Receiver,38,,66,24,"December 8, 2001",,Colorado,,,,,93,90,65,79,56,81,88,84,85,27,19,26,22,19,29,17,77,78,77,69,71,72,71,74,76,55,78,80,66,70,77,24,28,10,12,26,28,27,21,25,27,26,50,30,44,23,28,10,11,31,23,19,43,2537,,https://www.maddenratings.com/sincere-brown
Los Angeles Chargers,Branson Taylor,LG,Left Guard,71,Agile,65,24,"February 13, 2002",United States,Pittsburgh,2,2025,199,Los Angeles Chargers,63,68,85,60,67,53,86,85,86,14,13,6,6,6,6,6,18,18,18,16,5,5,13,24,11,30,55,17,19,10,10,11,30,42,38,42,28,23,12,15,36,10,70,71,81,69,71,70,71,79,18,16,10,1892,,https://www.maddenratings.com/branson-taylor
Los Angeles Chargers,Dalevon Campbell,WR,Wide Receiver,81,Deep Threat,65,24,"December 5, 2001",United States,South Carolina,2,,,,92,94,67,76,58,84,87,81,84,28,19,19,16,13,19,18,79,79,76,70,71,72,70,70,72,55,72,77,50,66,73,21,25,15,10,26,30,16,14,20,27,20,44,23,41,20,24,25,15,27,22,15,35,2422,,https://www.maddenratings.com/dalevon-campbell
Los Angeles Chargers,Del&#8217;Shawn Phillips,SAM,Sam Backer,53,Run Stopper,65,29,"October 9, 1996",United States,Illinois,8,,,,87,82,72,75,68,86,88,82,83,25,13,6,6,6,6,6,65,60,42,15,10,6,19,58,43,46,70,44,41,54,62,15,76,46,52,66,77,69,54,63,84,46,45,45,75,45,45,45,45,20,15,14,10,2478,,https://www.maddenratings.com/delshawn-phillips
Los Angeles Chargers,Terry Webb,DT,Defensive Tackle,64,,65,23,"January 8, 2003",,SMU,,,,,69,66,83,58,63,68,90,71,82,15,10,6,6,6,6,6,22,23,23,14,5,3,12,24,14,35,61,16,26,13,16,12,81,66,56,73,76,62,13,15,79,14,45,45,82,45,45,45,45,23,15,15,30,1994,,https://www.maddenratings.com/terry-webb
Los Angeles Chargers,Kendall Williamson,FS,Free Safety,40,Hybrid,64,25,"August 24, 2000",United States,Stanford,4,2023,258,Chicago Bears,91,90,63,84,67,91,92,86,83,30,12,15,10,10,15,15,62,64,56,20,15,10,20,57,59,51,81,63,50,62,69,20,47,35,42,53,75,64,69,62,70,64,35,34,58,35,35,34,34,20,21,15,44,2559,,https://www.maddenratings.com/kendall-williamson
Los Angeles Chargers,Marlowe Wax,MIKE,Mike Backer,58,Pass Coverage,64,23,"December 13, 2002",United States,Syracuse,2,,,,85,91,71,84,57,72,87,85,86,24,10,6,6,6,6,6,55,46,43,24,22,20,18,56,34,44,78,45,43,42,50,12,82,52,53,61,80,55,55,63,77,45,45,45,69,45,45,45,45,19,19,22,10,2446,,https://www.maddenratings.com/marlowe-wax
Los Angeles Chargers,Nikko Reed,CB,Cornerback,46,Man to Man,64,23,"March 3, 2003",United States,Oregon,2,,,,90,91,62,85,56,78,86,89,81,26,10,6,6,6,6,6,65,64,62,28,18,11,24,57,50,28,80,66,33,63,72,11,53,23,34,42,71,55,67,70,57,71,35,30,48,35,35,30,30,15,17,15,50,2399,,https://www.maddenratings.com/nikko-reed
Los Angeles Chargers,Trey Lance,QB,Quarterback,5,,64,26,"May 9, 2000",United States,North Dakota St.,6,2021,3,San Francisco 49ers,87,90,71,89,33,82,86,84,89,91,73,80,77,75,78,83,51,36,31,27,18,14,21,68,77,70,85,85,59,74,77,76,52,20,22,38,54,34,32,40,50,32,27,18,37,18,15,15,17,26,29,18,43,2774,,https://www.maddenratings.com/trey-lance
Los Angeles Chargers,Garmon Randolph,REDG,Right Edge,97,Smaller Speed Rusher,63,25,"October 5, 2000",United States,Baylor,2,,,,80,88,78,78,51,80,86,77,83,19,10,6,6,6,6,6,34,21,19,16,7,5,15,33,23,31,67,34,31,29,31,12,76,63,67,68,78,50,33,44,75,32,45,45,86,45,45,45,45,20,15,13,10,2168,,https://www.maddenratings.com/garmon-randolph
Los Angeles Chargers,Kayode Awosika,RG,Right Guard,74,Power,63,27,"October 27, 1998",United States,Buffalo,6,,,,65,63,86,48,64,74,89,78,84,15,5,7,6,5,6,6,26,15,12,13,6,5,10,24,10,22,49,14,18,10,10,10,35,10,10,28,29,21,10,10,42,10,72,66,82,74,70,68,63,62,33,27,10,1787,,https://www.maddenratings.com/kayode-awosika
Los Angeles Chargers,Myles Purchase,CB,Cornerback,41,Man to Man,63,23,"November 26, 2002",United States,Iowa State,2,,,,89,92,61,71,57,84,87,85,76,25,10,6,6,6,6,6,64,62,58,22,19,17,24,55,49,30,77,63,33,60,70,14,50,29,35,43,72,56,69,68,57,69,35,30,48,35,35,30,30,15,14,13,52,2369,,https://www.maddenratings.com/myles-purchase
Los Angeles Chargers,Eric Rogers,CB,Cornerback,39,Man to Man,62,24,"April 2, 2002",United States,Rutgers,2,,,,86,90,59,84,58,83,81,88,83,25,10,6,6,6,6,6,63,62,59,26,16,14,25,54,51,28,81,60,32,64,72,12,55,27,31,43,70,56,66,68,58,68,35,30,45,35,35,30,30,16,15,13,50,2372,,https://www.maddenratings.com/eric-rogers
Los Angeles Chargers,Jacobian Guillory,DT,Defensive Tackle,95,,62,25,"October 12, 2000",,LSU,,,,,60,62,82,54,62,69,90,75,82,15,10,6,6,6,6,6,22,13,23,15,5,3,12,34,14,35,45,16,26,13,16,12,80,66,58,72,74,61,13,15,77,14,45,45,82,45,45,45,45,23,15,15,15,1945,,https://www.maddenratings.com/jacobian-guillory
Los Angeles Chargers,Jacob Spomer,C,Center,60,Power,62,23,"October 10, 2002",,Fresno State,,,,,68,70,86,69,61,70,87,83,85,19,10,6,6,6,6,6,26,13,14,12,5,5,13,31,6,25,61,10,10,10,10,15,30,31,27,29,27,10,12,12,37,10,71,72,76,71,73,71,70,73,15,21,10,1852,,https://www.maddenratings.com/jacob-spomer
Los Angeles Chargers,TeRah Edwards,DT,Defensive Tackle,96,,62,25,"June 3, 2001",United States,Illinois,2,,,,65,70,87,61,58,65,87,87,88,20,10,6,6,6,6,6,36,19,23,15,7,5,15,37,15,32,58,23,29,17,19,12,76,69,61,72,68,56,17,23,79,16,45,45,84,45,45,45,45,26,18,12,10,2047,,https://www.maddenratings.com/terah-edwards
Los Angeles Chargers,Isaiah World,LT,Left Tackle,67,Power,61,22,"September 16, 2003",,Oregon,,,,,63,71,83,53,62,72,84,88,84,10,10,6,6,6,6,6,29,16,15,14,5,5,17,54,18,22,51,19,12,10,27,13,42,54,29,34,28,23,11,18,55,10,69,69,73,70,72,68,68,70,42,13,10,1965,,https://www.maddenratings.com/isaiah-world
Los Angeles Chargers,Jerand Bradley,TE,Tight End,36,Vertical Threat,61,23,"October 10, 2002",,Kansas State,,,,,85,84,69,77,48,79,87,84,84,25,10,20,15,10,10,20,79,80,77,65,59,52,66,72,68,58,73,70,62,66,72,17,37,10,10,35,33,17,16,20,41,23,54,53,54,52,54,52,53,50,21,19,59,2606,,https://www.maddenratings.com/jerand-bradley
Los Angeles Chargers,Noah Avinger,FS,Free Safety,31,Zone,60,24,"September 28, 2001",,Utah State,,,,,87,89,61,79,56,91,89,88,84,25,13,6,6,6,6,6,67,60,24,23,29,24,25,61,46,45,81,63,43,59,61,14,59,32,34,47,75,53,61,66,64,67,35,35,59,35,35,35,35,22,18,14,65,2463,,https://www.maddenratings.com/noah-avinger
Los Angeles Chargers,Evan Svoboda,TE,Tight End,49,Vertical Threat,58,23,"March 31, 2003",,Wyoming,,,,,86,90,75,87,45,83,90,90,89,83,70,76,70,70,73,71,74,72,72,57,51,47,58,71,66,64,78,68,62,59,64,73,31,10,10,28,31,14,13,16,21,13,60,53,60,60,57,54,53,57,14,12,35,2986,,https://www.maddenratings.com/evan-svoboda
Los Angeles Rams,Myles Garrett,REDG,Right Edge,95,Power Rusher,99,30,"December 29, 1995",United States,Texas AM,10,2017,1,Cleveland Browns,86,90,96,86,97,94,93,93,87,55,16,31,30,27,23,10,52,25,21,15,8,4,31,55,34,36,71,39,48,40,36,12,92,99,93,96,97,94,51,51,84,44,45,45,90,45,45,45,45,17,20,20,10,2769,"Unstoppable Force Elite pass rushers are a mix of strength, speed, and tenacity. When they enter the zone, this ability increases their win rate and block shed speed against one-on-one pass blocks. Edge Threat Defenders with this ability are slightly more likely to use faster, more dominant pass rush moves while rushing from the edge of the defense, and have more favorable disengage angles. Demoralizer Defenders with this ability will cause increased fatigue penalties when tackling a ballcarrier with a hit-stick tackle. El Toro Defenders with this ability have a slightly improved chance to receive dominant bull rush wins when their stamina is full. This consumes a large amount of additional stamina. Enforcer Defenders with this ability allow fewer broken tackles when hit-sticking ballcarriers - regardless of the runner's size or power. Quick Jump Players with this ability have a slightly reduced stamina cost and slightly longer perfect window for jumping snaps.",https://www.maddenratings.com/myles-garrett
Los Angeles Rams,Matthew Stafford,QB,Quarterback,9,Field General,99,38,"February 7, 1988",United States,Georgia,18,2009,1,Detroit Lions,79,73,66,70,99,75,88,90,98,95,84,99,97,94,90,90,26,15,15,15,14,12,15,62,52,47,66,71,36,39,55,73,28,10,10,26,29,17,10,22,12,10,22,25,27,17,19,24,22,17,28,25,10,2410,"Dots Accurate passers know that ball placement is the difference between a touchdown and a turnover. When they enter the zone, all passes are thrown with elite accuracy and result in more completions Long Range Deadeye Passers with this ability have elite accuracy on all unpressured deep throws while their feet are set (except on high throws). No-Look Deadeye Passers with this ability have elite accuracy on all unpressured cross-body throws up to 20 yards (except on high throws). Lofting Deadeye Passers with this ability have elite accuracy on all unpressured lob and touch throws while their feet are set (except on high throws).",https://www.maddenratings.com/matthew-stafford
Los Angeles Rams,Puka Nacua,WR,Wide Receiver,12,Slot,98,25,"May 29, 2001",United States,BYU,4,2023,177,Los Angeles Rams,93,92,69,92,97,93,83,98,95,25,29,15,10,6,33,29,98,99,98,98,96,92,92,76,86,53,94,96,72,84,89,21,28,10,10,20,29,15,10,16,21,15,62,30,55,36,33,25,20,35,29,25,35,2862,"Double Me Aggressive receivers overpower defenders and attack the football. When they enter the zone, this ability increases their success rate on aggressive catches against single coverage. Short In Elite Receivers with this ability catch more consistently while catching passes less than 10 yards from the LoS, inside the numbers Mid In Elite Receivers with this ability catch more consistently while catching passes less than 10-20 yards from the LoS, inside the numbers Route Technician Receivers with this ability have a high success rate when creating separation on the last cut of any route. Quick Jump Players with this ability have a slightly reduced stamina cost and slightly longer perfect window for jumping snaps.",https://www.maddenratings.com/puka-nacua
Los Angeles Rams,Trent McDuffie,CB,Cornerback,22,,94,25,"September 13, 2000",United States,Washington,5,2022,21,Kansas City Chiefs,93,94,61,94,95,91,91,91,86,27,10,6,6,6,6,6,69,61,52,26,16,11,17,59,53,26,91,63,23,66,73,15,74,29,38,57,83,97,94,92,67,88,34,33,46,33,34,33,34,15,22,21,68,2676,Deep Route KO Defenders with this ability have a slightly improved chance to succeed at catch tackle knockouts in man-to-man versus deep routes 20+ yards from the LoS Inside Shade Defenders with this ability have a slightly increased chance to react much faster to receiver cut moves when in man coverage and inside the numbers,https://www.maddenratings.com/trent-mcduffie
Los Angeles Rams,Davante Adams,WR,Wide Receiver,17,Deep Threat,90,33,"December 24, 1992",United States,Fresno State,13,2014,53,Green Bay Packers,89,88,63,93,95,95,94,90,88,45,20,15,10,6,10,6,88,94,91,91,91,89,96,76,84,63,93,90,75,81,90,22,42,10,10,52,43,26,18,24,15,25,45,38,45,17,9,13,17,25,25,30,45,2795,Route Technician Receivers with this ability have a high success rate when creating separation on the last cut of any route. Acrobat Players with this ability are more likely to succeed at catching tipped passes Quick Jump Players with this ability have a slightly reduced stamina cost and slightly longer perfect window for jumping snaps.,https://www.maddenratings.com/davante-adams
Los Angeles Rams,Kevin Dotson,RG,Right Guard,69,Power,90,29,"September 18, 1996",United States,UL Lafayette,7,2020,135,Pittsburgh Steelers,69,68,92,59,95,78,87,88,92,25,11,6,6,6,6,6,30,15,15,15,5,5,15,28,9,25,50,15,10,10,10,12,34,10,10,30,28,22,12,12,25,10,94,79,88,96,92,82,76,92,11,11,10,1987,,https://www.maddenratings.com/kevin-dotson
Los Angeles Rams,Kyren Williams,HB,Halfback,23,Power Back,89,25,"August 26, 2000",United States,Notre Dame,5,2022,164,Los Angeles Rams,88,90,79,83,97,78,86,95,85,44,29,38,33,27,34,26,72,63,63,69,63,55,60,91,91,93,85,88,90,77,88,28,42,10,10,36,45,27,22,30,36,22,47,59,47,32,38,37,41,45,19,15,79,2927,Reach For It Ballcarriers with this ability will have a slightly reduced fumble chance while reaching for extra yards during tackles Arm Bar Ballcarriers with this ability have more powerful stiff arm animations and have a larger timing window for landing perfect stiff arms,https://www.maddenratings.com/kyren-williams
Los Angeles Rams,Nate Landman,MIKE,Mike Backer,53,,86,27,"November 19, 1998",Zimbabwe,Colorado,5,,,,82,86,76,80,92,87,86,89,92,42,21,42,40,35,33,25,55,47,47,45,42,39,44,58,45,49,74,53,45,46,50,34,91,45,40,78,89,94,67,72,88,54,45,45,88,45,45,45,45,35,12,13,10,2927,,https://www.maddenratings.com/nate-landman
Los Angeles Rams,Alaric Jackson,LT,Left Tackle,77,Power,85,28,"July 14, 1998",United States,Iowa,6,,,,63,66,88,60,93,64,92,90,86,26,16,6,6,6,6,6,22,27,25,20,15,10,21,34,29,33,50,30,24,14,21,12,42,46,34,47,45,21,10,12,43,10,90,84,86,88,92,85,82,87,13,11,10,2199,,https://www.maddenratings.com/alaric-jackson
Los Angeles Rams,Kobie Turner,DT,Defensive Tackle,91,,85,27,"April 26, 1999",United States,Wake Forest,4,2023,89,Los Angeles Rams,74,82,89,80,90,72,90,84,91,24,10,8,7,6,7,7,43,31,24,17,9,5,15,34,35,44,64,46,35,33,37,12,81,86,78,87,82,92,27,34,87,15,55,49,77,50,50,52,45,55,15,15,10,2447,,https://www.maddenratings.com/kobie-turner
Los Angeles Rams,Byron Young,,,,Smaller Speed Rusher,84,28,"March 13, 1998",United States,Tennessee,4,2023,77,Los Angeles Rams,92,93,74,77,86,90,90,86,80,25,9,6,6,6,6,6,53,47,46,41,34,29,25,61,54,55,65,60,53,49,56,14,87,85,80,78,87,88,47,54,83,47,45,40,71,45,45,40,40,35,13,11,45,2740,Quick Jump Players with this ability have a slightly reduced stamina cost and slightly longer perfect window for jumping snaps.,https://www.maddenratings.com/byron-young
Los Angeles Rams,Kamren Curl,SS,Strong Safety,3,Run Support,83,27,"March 31, 1999",United States,Arkansas,7,2020,216,Washington Commanders,89,89,70,83,84,83,93,97,91,20,10,10,10,10,10,10,65,62,54,38,31,27,30,55,51,34,80,63,36,58,69,10,83,44,53,61,86,83,72,77,79,73,35,35,57,35,35,35,35,12,22,17,59,2710,,https://www.maddenratings.com/kamren-curl
Los Angeles Rams,Poona Ford,DT,Defensive Tackle,97,,83,30,"November 19, 1995",United States,Texas,9,,,,71,67,88,63,90,73,92,82,90,26,18,6,6,6,6,6,37,15,15,15,7,3,15,31,10,20,53,15,35,10,10,12,86,67,79,86,82,92,25,30,79,15,45,45,84,45,45,45,45,37,17,12,10,2164,,https://www.maddenratings.com/poona-ford
Los Angeles Rams,Quentin Lake,SS,Strong Safety,37,Zone,82,27,"January 29, 1999",United States,UCLA,5,2022,211,Los Angeles Rams,89,91,57,80,87,85,86,90,75,30,11,21,17,13,16,8,70,67,57,21,16,12,22,60,50,41,79,60,39,57,64,20,75,30,35,55,78,87,74,82,65,67,35,35,51,35,35,35,35,18,21,18,45,2602,,https://www.maddenratings.com/quentin-lake
Los Angeles Rams,Kamren Kinchens,FS,Free Safety,5,Run Support,81,23,"September 29, 2002",United States,Miami,3,2024,99,Los Angeles Rams,86,88,59,84,84,84,90,80,83,31,11,21,17,14,23,10,80,67,68,24,15,11,22,63,45,49,80,55,43,64,66,25,75,38,43,59,78,85,74,83,88,72,45,40,56,40,39,35,34,42,20,15,10,2713,,https://www.maddenratings.com/kamren-kinchens
Los Angeles Rams,Braden Fiske,DT,Defensive Tackle,55,Power Rusher,80,26,"January 18, 2000",United States,Florida State,3,2024,39,Los Angeles Rams,80,82,93,67,86,81,89,83,89,22,14,6,6,6,6,6,45,17,17,14,7,3,17,33,40,49,69,50,41,39,51,12,81,79,76,77,81,84,39,51,80,22,45,45,83,44,45,45,45,12,20,19,9,2402,,https://www.maddenratings.com/braden-fiske
Los Angeles Rams,Ethan Evans,P,Punter,42,Power,80,25,"July 19, 2001",United States,Wingate,4,2023,223,Los Angeles Rams,68,71,55,57,65,62,91,82,75,39,17,30,28,25,21,20,29,12,10,10,10,10,12,35,10,10,51,10,10,10,10,30,24,11,11,14,30,19,10,10,29,10,15,14,20,15,15,14,14,14,95,88,10,1557,,https://www.maddenratings.com/ethan-evans
Los Angeles Rams,Jaylen Watson,CB,Cornerback,35,Zone,79,27,"September 17, 1998",United States,Wash. St.,5,2022,243,Kansas City Chiefs,92,92,66,81,78,90,91,89,80,25,14,17,14,12,19,6,64,55,57,39,36,32,41,59,52,40,85,64,35,66,73,20,65,33,41,55,73,77,79,82,64,77,34,29,53,34,34,29,29,24,16,17,45,2674,,https://www.maddenratings.com/jaylen-watson
Los Angeles Rams,Steve Avila,LG,Left Guard,73,Power,79,26,"October 16, 1999",United States,TCU,4,2023,36,Los Angeles Rams,65,71,88,56,82,73,91,87,90,17,10,5,5,5,5,5,23,21,20,20,10,6,15,35,10,20,56,11,10,10,10,11,30,10,10,16,18,18,9,10,35,10,82,79,90,85,81,82,76,75,27,25,9,1920,,https://www.maddenratings.com/steve-avila
Los Angeles Rams,Blake Corum,HB,Halfback,24,Elusive Back,78,25,"November 25, 2000",United States,Michigan,3,2024,83,Los Angeles Rams,93,91,75,89,75,85,89,87,88,27,11,25,18,10,18,15,66,54,54,68,62,57,57,88,80,82,87,84,77,78,82,26,32,10,10,24,33,20,10,20,26,16,40,49,42,32,37,37,41,37,10,10,75,2609,,https://www.maddenratings.com/blake-corum
Los Angeles Rams,Coleman Shelton,C,Center,65,Agile,78,31,"July 28, 1995",United States,Washington,8,,,,72,69,83,63,88,69,88,91,84,26,10,6,6,6,6,6,31,12,15,10,5,5,12,39,5,25,56,15,10,10,10,12,33,10,10,10,15,10,12,12,20,10,87,74,82,86,87,72,76,80,22,22,10,1885,,https://www.maddenratings.com/coleman-shelton
Los Angeles Rams,Omar Speights,WILL,Weak Backer,48,Run Stopper,78,25,"March 2, 2001",United States,LSU,3,,,,84,91,78,81,76,77,88,86,78,29,11,15,10,5,20,15,50,41,46,15,5,5,21,50,63,60,78,68,61,60,63,34,85,48,50,71,86,79,69,73,83,57,35,35,72,21,20,21,23,35,24,12,11,2574,,https://www.maddenratings.com/omar-speights
Los Angeles Rams,Harrison Mevis,K,Kicker,92,Power,76,24,"March 27, 2002",United States,Missouri,3,,,,70,77,44,67,60,62,90,82,73,28,20,30,28,22,28,25,31,10,10,10,10,10,11,29,19,28,51,21,29,19,27,41,25,10,10,15,26,10,10,9,20,10,20,15,10,10,10,10,10,10,96,84,10,1592,,https://www.maddenratings.com/harrison-mevis
Los Angeles Rams,Emmanuel Forbes,CB,Cornerback,1,Man to Man,75,25,"January 13, 2001",United States,Mississippi St.,4,2023,16,Washington Commanders,94,95,44,89,76,89,88,89,79,24,10,15,12,10,6,6,78,75,72,50,44,40,28,65,77,30,85,83,35,70,80,15,47,20,31,41,68,73,76,72,52,58,35,35,35,35,35,35,35,14,11,12,75,2648,,https://www.maddenratings.com/emmanuel-forbes
Los Angeles Rams,Josaiah Stewart,LEDG,Left Edge,10,Power Rusher,74,23,"April 26, 2003",United States,Michigan,2,2025,90,Los Angeles Rams,82,88,79,77,75,83,92,76,89,22,20,20,10,8,18,15,31,15,15,20,15,10,13,41,34,36,69,39,35,27,36,23,79,78,74,73,79,71,32,41,81,31,45,45,82,45,45,45,45,22,24,22,32,2404,,https://www.maddenratings.com/josaiah-stewart
Los Angeles Rams,Tyler Higbee,TE,Tight End,89,Possession,74,33,"January 1, 1993",United States,W. Kentucky,11,2016,110,Los Angeles Rams,82,79,79,80,74,83,89,91,90,26,16,22,18,16,21,10,85,82,81,68,62,60,71,78,68,73,69,78,72,58,68,12,34,17,17,32,33,22,14,21,27,17,64,60,65,59,63,59,56,50,21,19,18,2729,,https://www.maddenratings.com/tyler-higbee
Los Angeles Rams,Tyler Davis,DT,Defensive Tackle,90,,74,25,"November 1, 2000",United States,Clemson,3,2024,196,Los Angeles Rams,72,78,89,60,65,71,88,85,87,12,15,13,16,17,11,15,22,15,15,4,4,4,13,40,35,25,51,31,24,23,37,23,87,72,67,77,78,70,17,19,83,10,45,23,86,45,45,25,18,11,23,17,8,2086,,https://www.maddenratings.com/tyler-davis-clemson
Los Angeles Rams,Colby Parkinson,TE,Tight End,84,Possession,73,27,"January 8, 1999",United States,Stanford,7,2020,133,Seattle Seahawks,85,84,73,78,78,84,86,81,84,23,13,15,10,6,10,6,87,83,77,71,66,58,68,78,52,61,68,71,62,52,58,12,48,20,20,47,47,46,16,22,46,19,63,62,64,59,62,58,61,47,21,16,41,2725,,https://www.maddenratings.com/colby-parkinson
Los Angeles Rams,Warren McClendon,RT,Right Tackle,71,Power,73,25,"April 11, 2001",United States,Georgia,4,2023,174,Los Angeles Rams,69,77,88,53,72,65,89,83,89,10,7,5,5,5,5,5,25,22,21,20,15,10,17,24,13,10,50,13,10,10,10,12,40,41,33,35,42,23,10,10,39,10,80,75,84,77,83,78,72,72,12,12,10,1947,,https://www.maddenratings.com/warren-mcclendon
Los Angeles Rams,Jarquez Hunter,HB,Halfback,27,Power Back,72,23,"December 29, 2002",United States,Auburn,2,2025,117,Los Angeles Rams,91,91,73,78,74,86,93,86,87,54,33,33,29,22,30,26,65,49,49,57,52,40,47,88,82,85,77,77,82,70,76,31,42,29,31,42,49,46,40,47,41,44,39,48,37,32,29,38,36,36,21,21,82,2843,,https://www.maddenratings.com/jarquez-hunter
Los Angeles Rams,Jordan Whittington,WR,Wide Receiver,88,,72,25,"October 1, 2000",United States,Texas,3,2024,213,Los Angeles Rams,89,90,64,90,73,86,81,82,77,22,20,20,15,15,15,6,86,78,76,74,74,71,71,73,77,54,87,79,57,69,79,24,28,10,10,28,34,17,13,18,16,15,51,34,53,31,26,28,22,34,19,15,70,2546,,https://www.maddenratings.com/jordan-whittington
Los Angeles Rams,Beaux Limmer,LG,Left Guard,50,Agile,71,25,"June 10, 2001",United States,Arkansas,3,2024,217,Los Angeles Rams,65,75,85,67,75,86,90,82,92,21,14,7,6,6,6,7,24,15,15,15,5,5,15,20,5,25,59,16,27,10,13,9,30,10,10,35,22,17,8,7,29,8,77,71,81,75,79,70,72,83,20,21,10,1897,,https://www.maddenratings.com/beaux-limmer
Los Angeles Rams,Keagen Trost,RT,Right Tackle,79,Power,71,25,"April 15, 2001",,Missouri,,,,,66,72,86,62,71,76,86,85,89,14,12,6,6,6,6,6,23,14,16,17,5,5,17,24,18,28,52,18,15,10,10,12,28,10,10,23,21,21,14,17,43,10,78,78,85,76,79,76,74,81,10,12,10,1889,,https://www.maddenratings.com/keagen-trost
Los Angeles Rams,Konata Mumpfield,WR,Wide Receiver,4,Deep Threat,71,23,"October 24, 2002",United States,Pittsburgh,2,2025,242,Los Angeles Rams,86,88,63,90,72,85,90,89,88,22,20,19,19,15,9,16,83,79,78,75,75,74,74,70,68,40,88,77,41,71,74,30,39,23,26,33,39,37,50,41,31,25,41,22,33,18,16,22,16,27,22,28,74,2631,,https://www.maddenratings.com/konata-mumpfield
Los Angeles Rams,Tyler Scott,WR,Wide Receiver,82,,71,24,"October 12, 2001",United States,Cincinnati,4,2023,133,Chicago Bears,92,93,53,84,71,91,88,81,85,26,13,15,10,6,10,6,80,81,81,73,74,75,66,73,73,41,87,80,45,71,76,15,40,14,18,34,43,34,31,40,37,32,38,25,40,15,21,10,16,18,20,15,71,2527,,https://www.maddenratings.com/tyler-scott
Los Angeles Rams,Ty Simpson,,,15,Field General,71,23,"December 21, 2002",United States,Alabama,,2026,13,Los Angeles Rams,78,83,62,81,67,76,89,87,88,90,84,86,81,77,82,86,29,15,15,18,15,13,16,61,65,49,83,70,39,70,72,75,22,22,29,28,32,21,20,24,26,15,15,15,16,15,10,15,15,17,19,16,25,2419,,https://www.maddenratings.com/ty-simpson
Los Angeles Rams,Ty Hamilton,DT,Defensive Tackle,57,,71,24,"April 15, 2002",United States,Ohio State,2,2025,148,Los Angeles Rams,75,80,89,61,69,79,91,82,89,17,14,13,8,7,11,11,25,16,15,16,13,10,15,36,26,28,57,23,28,21,21,11,78,71,64,76,73,69,11,17,79,14,45,45,84,45,45,45,45,25,20,17,26,2151,,https://www.maddenratings.com/ty-hamilton
Los Angeles Rams,Max Klare,TE,Tight End,86,Possession,70,23,"July 8, 2003",,Ohio State,,,,,84,85,74,84,66,83,90,86,86,29,23,21,15,12,25,24,78,77,78,72,65,59,70,67,68,64,82,70,64,65,70,25,40,35,29,47,49,34,32,36,45,28,59,58,66,57,59,57,56,57,33,28,31,2897,,https://www.maddenratings.com/max-klare
Los Angeles Rams,Terrance Ferguson,TE,Tight End,18,Vertical Threat,70,23,"March 7, 2003",United States,Oregon,2,2025,46,Los Angeles Rams,85,87,73,78,73,92,90,87,89,29,21,10,11,18,25,28,79,80,76,68,62,56,70,76,70,69,68,76,71,53,61,32,39,41,45,46,48,37,39,46,33,22,57,55,65,54,59,55,53,55,36,21,27,2896,,https://www.maddenratings.com/terrance-ferguson
Los Angeles Rams,Jaylen McCollough,SS,Strong Safety,2,Zone,69,25,"October 12, 2000",United States,Tennessee,3,,,,85,88,63,77,73,80,92,86,88,28,12,15,10,10,18,13,75,64,60,35,32,29,42,66,50,38,75,69,52,66,73,16,67,39,45,56,73,72,68,74,73,67,35,30,60,35,35,30,30,20,14,11,47,2661,,https://www.maddenratings.com/jaylen-mccollough
Los Angeles Rams,Shaun Dolac,MIKE,Mike Backer,56,Field General,69,24,"September 14, 2001",United States,Buffalo,2,,,,85,93,73,86,67,85,86,87,86,24,12,6,6,6,6,6,46,48,46,32,25,20,25,59,37,45,82,43,45,44,41,22,81,49,53,65,81,68,56,62,80,46,45,45,72,45,45,45,45,25,23,17,10,2532,,https://www.maddenratings.com/shaun-dolac
Los Angeles Rams,David Quessenberry,RT,Right Tackle,68,Power,68,35,"August 24, 1990",United States,San Jose St.,10,2013,176,Houston Texans,67,67,85,61,83,73,92,89,80,30,10,6,6,6,6,6,62,54,57,39,29,21,45,64,9,20,53,10,19,10,10,12,41,25,15,39,29,20,13,15,20,10,73,68,79,71,75,72,66,83,22,21,10,2148,,https://www.maddenratings.com/david-quessenberry
Los Angeles Rams,CJ Daniels,WR,Wide Receiver,6,,68,24,"January 4, 2002",,Miami,,,,,87,90,61,83,71,84,84,85,83,38,33,36,33,25,30,23,82,79,78,68,69,71,70,74,74,51,82,79,60,73,79,35,36,24,25,40,44,37,30,36,40,29,49,34,40,30,32,25,24,28,28,26,62,2789,,https://www.maddenratings.com/cj-daniels
Los Angeles Rams,Xavier Smith,WR,Wide Receiver,19,Deep Threat,68,28,"September 21, 1997",United States,Florida AM,4,,,,90,93,60,78,68,82,84,81,79,47,28,38,32,27,34,27,84,77,75,72,71,72,69,76,74,50,79,81,60,67,76,29,27,10,10,26,32,16,13,17,30,13,38,23,34,17,24,10,14,20,21,18,80,2553,,https://www.maddenratings.com/xavier-smith
Los Angeles Rams,Davis Allen,TE,Tight End,87,Vertical Threat,67,25,"February 3, 2001",United States,Clemson,4,2023,175,Los Angeles Rams,82,88,69,78,72,89,90,86,87,44,24,20,15,10,25,16,82,79,80,62,55,49,59,71,57,64,71,70,58,51,56,20,63,45,50,55,61,49,37,45,57,30,61,57,63,57,61,53,56,54,18,15,30,2896,,https://www.maddenratings.com/davis-allen
Los Angeles Rams,Josh Wallace,CB,Cornerback,30,Man to Man,67,26,"July 5, 2000",United States,Michigan,3,,,,86,91,60,83,65,83,86,84,83,25,22,25,22,20,24,14,67,65,59,26,16,11,27,61,58,41,83,65,57,63,69,36,63,28,37,52,72,63,70,71,69,69,15,25,53,33,34,25,25,21,18,17,55,2592,,https://www.maddenratings.com/josh-wallace
Los Angeles Rams,Justin Dedich,RG,Right Guard,67,Power,67,26,"April 21, 2000",United States,USC,3,,,,60,62,89,56,70,73,88,79,86,15,15,6,6,6,6,6,27,12,10,10,5,5,12,36,10,30,57,10,10,10,10,12,33,10,10,31,34,22,14,14,12,10,71,68,84,69,73,70,64,82,24,20,10,1814,,https://www.maddenratings.com/justin-dedich
Los Angeles Rams,Larrell Murchison,DT,Defensive Tackle,52,,67,29,"April 24, 1997",United States,N.C. State,7,2020,174,Tennessee Titans,70,67,87,57,70,72,86,74,85,23,10,6,6,6,6,6,39,16,14,13,5,5,15,58,34,52,55,51,45,37,41,12,76,65,70,72,76,71,18,20,78,13,45,48,85,50,45,45,45,50,17,17,9,2238,,https://www.maddenratings.com/larrell-murchison
Los Angeles Rams,Dean Connors,HB,Halfback,33,Elusive Back,66,22,"August 29, 2003",,Houston,,,,,91,91,71,85,53,90,92,88,91,45,30,32,25,20,31,26,70,64,64,68,61,54,55,83,76,62,82,81,61,76,81,31,32,15,18,33,26,32,22,26,29,28,34,47,39,25,32,30,27,35,38,30,71,2699,,https://www.maddenratings.com/dean-connors
Los Angeles Rams,Ronnie Rivers,HB,Halfback,20,Elusive Back,66,27,"January 31, 1999",United States,Fresno State,5,,,,87,91,63,86,63,87,87,82,87,30,11,25,22,20,22,10,69,57,66,65,60,52,46,81,76,48,81,76,50,76,84,25,29,20,16,25,27,21,15,20,25,14,39,46,30,30,29,23,24,32,20,18,76,2464,,https://www.maddenratings.com/ronnie-rivers
Los Angeles Rams,Desjuan Johnson,REDG,Right Edge,94,Power Rusher,65,26,"September 3, 1999",United States,Toledo,4,2023,259,Los Angeles Rams,72,80,79,62,68,72,92,74,88,10,9,6,7,6,6,7,46,41,45,18,8,6,15,46,13,34,64,32,34,35,43,8,74,73,69,70,78,67,22,29,80,25,45,40,84,45,45,40,40,24,11,8,10,2205,,https://www.maddenratings.com/desjuan-johnson
Los Angeles Rams,Payton Zdroik,DT,Defensive Tackle,62,,65,24,"January 9, 2002",,Air Force,,,,,72,74,85,71,59,76,85,75,84,13,10,6,6,6,6,6,30,28,24,13,7,4,12,32,14,44,61,24,34,26,26,12,77,71,64,74,74,56,12,14,76,13,45,45,81,45,45,45,45,25,13,14,10,2069,,https://www.maddenratings.com/payton-zdroik
Los Angeles Rams,Wesley Bailey,WILL,Weak Backer,47,Run Stopper,65,25,"April 26, 2001",,Louisville,,,,,83,87,77,83,55,84,74,85,84,25,10,6,6,6,6,6,60,27,30,15,5,5,18,52,17,25,66,20,24,27,29,12,81,64,55,67,79,51,61,65,80,48,45,45,72,45,45,45,45,20,19,14,10,2265,,https://www.maddenratings.com/wesley-bailey
Los Angeles Rams,Al&#8217;Zillion Hamilton,CB,Cornerback,6,Zone,64,24,"March 22, 2002",,Fresno State,,,,,90,90,48,84,60,80,87,87,85,25,13,6,6,6,6,6,68,70,67,21,18,15,39,64,58,35,86,51,34,63,78,11,51,30,34,47,70,60,66,68,56,66,35,35,46,35,35,35,35,14,15,17,45,2452,,https://www.maddenratings.com/alzillion-hamilton
Los Angeles Rams,Cam Lampkin,CB,Cornerback,21,Zone,64,25,"July 31, 2001",United States,Wash. St.,3,,,,87,90,53,81,67,83,87,85,82,21,12,16,11,7,19,12,60,57,53,22,10,10,13,56,50,33,83,61,34,62,68,14,52,32,38,46,66,65,63,68,51,62,27,23,49,27,27,23,23,19,15,12,35,2322,,https://www.maddenratings.com/cam-lampkin
Los Angeles Rams,Darryl Peterson III,REDG,Right Edge,59,Smaller Speed Rusher,64,22,"September 13, 2003",,Wisconsin,,,,,77,85,72,72,60,84,83,78,83,19,10,6,6,6,6,6,45,42,21,10,10,10,12,44,13,26,71,24,34,36,31,14,77,69,68,71,79,58,42,49,78,42,45,45,82,45,45,45,45,20,17,21,10,2249,,https://www.maddenratings.com/darryl-peterson-iii
Los Angeles Rams,Dylan McMahon,C,Center,63,Agile,64,25,"January 22, 2001",United States,N.C. State,3,2024,190,Philadelphia Eagles,69,75,80,75,72,80,92,85,78,25,11,21,19,13,12,6,25,15,15,15,9,5,12,35,5,25,66,10,10,10,10,12,36,10,10,29,46,34,9,9,33,10,72,71,79,69,72,69,68,80,19,22,10,1949,,https://www.maddenratings.com/dylan-mcmahon
Los Angeles Rams,Grant Stuard,WILL,Weak Backer,44,Run Stopper,64,27,"October 15, 1998",United States,Houston,6,2021,259,Tampa Bay Buccaneers,84,87,76,68,67,74,91,85,90,26,17,6,6,6,6,6,47,25,29,15,5,5,20,46,10,35,66,26,25,21,21,12,78,42,46,60,83,59,58,55,85,32,45,45,68,45,45,45,45,20,26,26,70,2281,,https://www.maddenratings.com/grant-stuard
Los Angeles Rams,Nick Andersen,FS,Free Safety,45,Hybrid,63,24,"January 28, 2002",,Wake Forest,,,,,87,89,63,86,55,84,89,88,84,28,10,6,6,6,6,6,64,54,26,25,23,18,24,60,51,49,77,62,33,61,75,14,71,30,36,45,76,55,62,67,76,68,35,35,53,35,35,35,35,25,15,16,51,2465,,https://www.maddenratings.com/nick-andersen
Los Angeles Rams,Nate Valcarcel,SS,Strong Safety,43,Hybrid,63,24,"May 23, 2002",United States,N. Illinois,2,,,,88,92,58,87,59,83,87,87,86,24,12,6,6,6,6,6,65,57,57,26,21,16,23,62,53,50,89,63,45,59,63,14,64,33,33,50,73,57,62,64,76,59,35,35,59,35,35,35,35,25,18,14,42,2495,,https://www.maddenratings.com/nate-valcarcel
Los Angeles Rams,Nikhai Hill-Green,WILL,Weak Backer,54,Pass Coverage,63,25,"December 30, 2000",,Alabama,,,,,84,88,71,81,54,83,93,87,85,24,10,6,6,6,6,6,64,50,56,15,5,5,15,50,37,41,74,54,38,55,65,12,73,52,47,61,81,56,68,73,82,49,45,45,70,45,45,45,45,16,26,19,35,2504,,https://www.maddenratings.com/nikhai-hill-green
Los Angeles Rams,Stetson Bennett IV,QB,Quarterback,13,,63,28,"October 28, 1997",United States,Georgia,4,,,,84,90,55,84,61,80,86,81,85,87,75,81,74,73,78,79,27,13,10,10,10,10,13,55,49,36,84,79,39,44,62,66,20,10,9,11,26,13,9,13,16,10,24,14,25,17,20,12,14,22,28,22,10,2205,,https://www.maddenratings.com/stetson-bennett-iv
Los Angeles Rams,Tomon Fox,REDG,Right Edge,51,Smaller Speed Rusher,63,28,"March 16, 1998",United States,North Carolina,5,,,,81,84,77,77,55,79,90,74,76,28,12,6,6,6,6,6,36,29,25,15,8,4,30,40,23,34,69,32,35,35,42,12,71,63,69,67,83,58,38,46,72,39,45,45,73,45,45,45,45,21,15,16,20,2253,,https://www.maddenratings.com/tomon-fox
Los Angeles Rams,Tim Keenan III,DT,Defensive Tackle,96,,63,23,"December 9, 2002",,Alabama,,,,,62,67,83,61,60,74,86,74,85,14,10,6,6,6,6,6,26,24,24,14,12,3,28,40,15,42,51,24,41,24,24,12,76,71,65,75,76,58,24,15,78,15,45,45,87,45,45,45,45,22,15,19,10,2086,,https://www.maddenratings.com/tim-keenan-iii
Los Angeles Rams,Tanner Ingle,FS,Free Safety,34,Zone,63,26,"October 29, 1999",,N.C. State,2,,,,86,92,59,85,60,88,89,87,87,27,11,6,6,6,6,6,63,65,59,20,15,10,25,55,55,31,81,64,35,58,70,15,60,31,33,43,73,58,67,68,72,64,35,35,49,35,35,35,35,11,15,11,73,2460,,https://www.maddenratings.com/tanner-ingle
Los Angeles Rams,Dan Villari,TE,Tight End,38,Vertical Threat,62,24,"June 29, 2002",,Syracuse,,,,,80,84,74,82,58,85,90,85,88,76,57,66,64,59,64,63,82,74,73,60,54,50,61,74,69,67,77,67,63,65,70,59,35,36,37,40,36,38,22,39,43,17,57,55,59,56,58,56,55,56,33,33,35,3136,,https://www.maddenratings.com/dan-villari
Los Angeles Rams,Elias Neal,MIKE,Mike Backer,58,,62,24,"September 11, 2001",United States,Marshall,3,,,,84,88,70,75,63,84,87,83,85,31,22,27,22,17,21,37,68,57,60,22,12,6,12,64,42,50,76,55,45,56,64,23,77,46,41,65,80,65,47,56,79,48,45,45,76,45,45,45,45,15,20,15,15,2623,,https://www.maddenratings.com/elias-neal
Los Angeles Rams,Drey Norwood,CB,Cornerback,26,Zone,62,23,"January 27, 2003",,Missouri,,,,,89,90,63,80,61,79,85,86,82,24,10,6,6,6,6,6,64,65,60,22,19,15,32,59,52,32,80,58,39,62,69,14,59,35,38,46,69,55,64,65,57,67,35,35,43,35,35,35,35,14,14,12,48,2417,,https://www.maddenratings.com/drey-norwood
Los Angeles Rams,Jaxson Moi,DT,Defensive Tackle,98,,62,22,"January 11, 2004",,Tennessee,,,,,66,68,81,59,63,69,88,73,80,17,10,6,6,6,6,6,24,15,25,15,7,4,10,32,25,36,55,14,15,10,10,12,77,65,57,71,74,62,14,16,75,12,45,45,82,45,45,45,45,29,13,12,10,1952,,https://www.maddenratings.com/jaxson-moi
Los Angeles Rams,Keir Thomas,LEDG,Left Edge,11,Power Rusher,62,28,"January 25, 1998",United States,Florida State,5,,,,77,84,75,69,52,75,88,72,84,25,7,6,6,7,8,7,44,34,31,15,5,5,14,45,32,48,67,35,40,25,30,12,74,72,52,66,81,51,16,24,85,27,45,40,80,45,45,40,40,29,13,12,10,2171,,https://www.maddenratings.com/keir-thomas
Los Angeles Rams,Rohan Jones,TE,Tight End,46,Possession,62,23,"October 7, 2002",,Arkansas,,,,,81,78,75,79,64,81,88,86,86,25,14,20,15,10,10,20,77,75,74,62,56,52,62,69,64,60,70,65,64,59,65,18,33,10,10,19,25,21,15,13,12,10,58,56,60,58,57,56,55,55,19,14,30,2510,,https://www.maddenratings.com/rohan-jones
Los Angeles Rams,A. J. Arcuri,LT,Left Tackle,61,,61,28,"August 13, 1997",United States,Michigan St.,5,,,,56,60,87,57,66,81,91,81,85,12,14,6,6,6,6,6,22,15,15,15,12,10,13,30,13,20,52,12,10,10,10,12,27,10,10,22,25,15,10,11,35,10,70,63,82,69,71,61,65,84,10,12,10,1763,,https://www.maddenratings.com/aj-arcuri
Los Angeles Rams,Joe Cardona,LS,Long Snapper,49,Accurate,60,34,"April 16, 1992",United States,Navy,12,2015,166,New England Patriots,74,72,80,68,48,80,94,69,88,35,10,10,10,10,10,10,56,45,44,35,30,25,42,70,15,29,60,35,45,25,25,10,44,10,10,40,35,24,15,25,61,25,45,57,69,40,35,50,40,53,11,14,10,2072,,https://www.maddenratings.com/joe-cardona
Los Angeles Rams,Austin Blaske,C,Center,64,Agile,57,24,"November 29, 2001",,North Carolina,,,,,66,77,77,63,58,72,86,85,85,13,10,6,6,6,6,6,26,15,15,10,5,5,15,25,8,33,56,15,15,10,10,12,39,21,16,34,25,15,12,13,33,10,68,69,74,68,72,69,67,71,17,13,10,1813,,https://www.maddenratings.com/austin-blaske
Miami Dolphins,Aaron Brewer,C,Center,55,Agile,90,28,"October 28, 1997",United States,Texas State,7,,,,74,63,88,64,95,72,86,87,84,12,13,6,6,6,6,6,31,20,15,27,15,15,25,22,12,27,55,25,31,30,25,12,31,22,15,18,24,15,15,17,15,10,95,84,88,91,97,81,84,94,14,12,10,2087,,https://www.maddenratings.com/aaron-brewer
Miami Dolphins,De&#8217;Von Achane,HB,Halfback,28,Elusive Back,88,24,"October 13, 2001",United States,Texas AM,4,,,,96,96,68,91,81,82,90,85,87,44,27,40,35,30,34,28,76,54,54,69,61,57,56,93,85,69,91,86,69,76,92,33,30,10,10,28,39,20,13,19,23,14,32,48,37,23,29,30,24,33,18,13,81,2709,Backfield Mismatch Running backs with this ability have slightly improved catch in traffic and route running when coming out of the backfield against linebackers and linemen.,https://www.maddenratings.com/devon-achane
Miami Dolphins,Zach Sieler,DT,Defensive Tackle,92,,83,30,"September 7, 1995",United States,Ferris State,9,2018,238,Baltimore Ravens,78,73,89,73,86,72,90,84,88,22,16,6,6,6,6,6,36,26,20,15,8,4,15,29,23,39,57,25,38,27,33,12,84,66,76,86,83,88,18,29,83,20,45,45,86,45,45,45,45,18,15,12,10,2252,,https://www.maddenratings.com/zach-sieler
Miami Dolphins,Jordyn Brooks,MIKE,Mike Backer,20,,82,28,"October 21, 1997",United States,Texas Tech,7,2020,27,Seattle Seahawks,87,85,74,85,82,82,90,92,89,25,10,6,6,6,6,6,56,45,38,15,5,5,12,56,10,30,75,35,52,25,30,12,92,55,62,78,93,80,55,64,88,46,45,45,83,45,45,45,45,17,20,20,10,2465,,https://www.maddenratings.com/jordyn-brooks
Miami Dolphins,Patrick Paul,LT,Left Tackle,52,Pass Protector,80,24,"November 1, 2001",United States,Houston,3,2024,55,Miami Dolphins,68,73,90,63,84,72,93,88,85,32,5,14,11,11,5,5,33,38,31,23,21,11,25,35,20,40,57,30,39,21,22,11,44,33,35,41,32,20,14,11,44,11,78,84,85,76,78,86,82,81,25,21,10,2247,,https://www.maddenratings.com/patrick-paul
Miami Dolphins,Bradley Pinion,P,Punter,48,Power,77,32,"June 1, 1994",United States,Clemson,12,2015,165,San Francisco 49ers,70,63,53,56,67,70,92,85,55,52,30,51,42,32,24,25,39,15,15,15,15,15,15,40,9,15,47,15,10,10,10,16,29,10,10,19,35,20,15,15,15,10,29,25,22,16,16,15,13,16,90,80,10,1678,,https://www.maddenratings.com/bradley-pinion
Miami Dolphins,Kadyn Proctor,,,74,Power,77,21,"June 4, 2005",United States,Alabama,,2026,12,Miami Dolphins,65,66,90,59,76,79,85,83,89,15,12,6,6,6,6,6,23,14,14,15,5,5,15,24,15,25,53,15,13,10,10,12,26,10,10,24,22,23,15,12,45,10,78,77,83,81,75,82,74,84,10,12,10,1880,,https://www.maddenratings.com/kadyn-proctor
Miami Dolphins,Tyrel Dodson,WILL,Weak Backer,25,Run Stopper,77,28,"June 25, 1998",United States,Texas AM,8,,,,88,86,74,72,77,84,87,85,88,34,10,6,6,6,6,6,60,50,24,10,5,5,12,45,20,33,68,31,25,30,32,12,87,51,58,72,86,76,65,72,85,31,45,45,82,45,45,45,45,17,18,13,10,2370,,https://www.maddenratings.com/tyrel-dodson
Miami Dolphins,Chris Johnson,,,3,Zone,76,21,"November 9, 2004",United States,San Diego St.,,2026,27,Miami Dolphins,91,92,63,92,74,90,88,89,81,27,10,6,6,6,6,6,76,66,67,40,39,34,42,64,56,36,90,68,34,66,68,17,64,31,35,45,75,76,73,78,60,71,35,35,47,35,35,35,35,15,19,17,53,2659,,https://www.maddenratings.com/chris-johnson
Miami Dolphins,Jacob Rodriguez,MIKE,Mike Backer,10,Field General,76,23,"September 6, 2002",,Texas Tech,,,,,87,90,76,87,78,87,85,87,86,74,46,46,44,42,48,41,64,49,50,28,23,18,18,56,34,42,76,43,42,42,38,56,82,52,53,64,85,78,62,70,86,48,41,69,77,66,56,47,43,28,12,18,14,2934,,https://www.maddenratings.com/jacob-rodriguez
Miami Dolphins,Chop Robinson,LEDG,Left Edge,44,Smaller Speed Rusher,75,23,"January 2, 2003",United States,Penn State,3,2024,21,Miami Dolphins,88,91,73,81,74,83,89,82,81,23,14,6,6,6,6,6,28,20,20,10,8,6,16,30,26,33,75,33,26,24,35,12,77,70,77,70,81,71,47,49,76,35,45,45,78,45,45,45,45,14,14,12,10,2262,,https://www.maddenratings.com/chop-robinson
Miami Dolphins,Josh Uche,REDG,Right Edge,9,Smaller Speed Rusher,75,27,"September 18, 1998",United States,Michigan,7,2020,60,New England Patriots,86,90,73,83,66,84,84,81,79,21,16,5,5,5,5,5,48,29,26,18,10,5,16,44,27,28,73,44,32,26,43,16,80,69,80,72,79,64,47,55,79,43,45,45,79,45,45,45,45,14,18,12,10,2344,,https://www.maddenratings.com/josh-uche
Miami Dolphins,Kenneth Grant,DT,Defensive Tackle,78,,75,22,"October 27, 2003",United States,Michigan,2,2025,13,Miami Dolphins,68,78,92,66,75,76,91,74,93,18,17,15,10,8,12,15,45,38,37,18,12,10,17,44,29,44,60,35,36,19,23,21,83,73,67,75,78,74,15,21,84,18,45,45,88,45,45,45,45,27,36,25,28,2358,,https://www.maddenratings.com/kenneth-grant
Miami Dolphins,Tutu Atwell,WR,Wide Receiver,4,,75,26,"October 7, 1999",United States,Louisville,6,2021,57,Los Angeles Rams,93,93,40,88,78,80,80,82,74,66,49,60,55,52,64,54,83,81,79,76,77,79,59,63,67,22,89,84,40,74,79,57,18,10,10,21,28,18,10,17,12,10,33,22,30,10,17,10,14,16,20,17,69,2629,,https://www.maddenratings.com/tutu-atwell
Miami Dolphins,Austin Jackson,RT,Right Tackle,73,,74,26,"August 11, 1999",United States,USC,7,2020,18,Miami Dolphins,71,75,84,64,81,76,84,85,91,22,10,6,6,6,6,6,31,16,20,18,7,5,13,24,13,32,53,27,34,22,26,12,54,54,41,55,53,42,22,31,52,18,79,75,80,77,81,73,77,87,20,20,10,2227,,https://www.maddenratings.com/austin-jackson
Miami Dolphins,Darrell Baker Jr,CB,Cornerback,22,Zone,74,28,"March 27, 1998",Panama,Ga. Southern,5,,,,91,93,57,81,74,95,89,87,78,30,17,18,12,8,21,6,58,59,57,44,39,36,35,60,57,38,85,70,47,65,71,17,66,30,35,54,75,75,71,74,64,78,35,30,52,26,25,24,23,21,13,14,50,2630,,https://www.maddenratings.com/darrell-baker-jr
Miami Dolphins,Jalen Tolbert,WR,Wide Receiver,1,Deep Threat,74,27,"February 27, 1999",United States,South Alabama,5,2022,88,Dallas Cowboys,91,94,61,85,75,87,92,88,87,27,20,25,20,15,23,20,84,83,81,73,75,77,72,75,74,39,86,82,49,71,77,26,23,10,10,23,28,15,13,16,23,12,42,28,41,19,25,23,26,22,20,14,71,2538,,https://www.maddenratings.com/jalen-tolbert
Miami Dolphins,Malik Willis,QB,Quarterback,2,,74,27,"May 25, 1999",United States,Liberty,5,2022,86,Tennessee Titans,90,93,72,92,70,83,92,84,94,93,79,84,76,75,79,84,58,43,39,33,26,17,22,67,77,69,89,88,73,80,84,81,35,10,10,29,41,16,22,28,30,16,26,20,35,19,15,16,18,24,23,20,48,2787,,https://www.maddenratings.com/malik-willis
Miami Dolphins,Zane Gonzalez,K,Kicker,45,Power,74,31,"May 7, 1995",United States,Arizona St.,10,,,,71,75,45,55,57,50,81,83,62,29,11,33,28,24,26,18,28,14,17,16,16,16,13,23,18,24,49,25,15,23,31,18,24,10,10,17,19,12,12,12,17,10,24,16,10,10,10,10,10,10,94,86,10,1527,,https://www.maddenratings.com/zane-gonzalez
Miami Dolphins,Jaylen Wright,HB,Halfback,5,Elusive Back,73,23,"April 1, 2003",United States,Tennessee,3,2024,120,Miami Dolphins,93,93,76,84,67,89,90,84,89,26,17,22,16,12,17,16,66,48,48,60,54,53,47,86,78,80,86,80,74,77,83,22,34,10,10,33,38,16,10,17,37,14,42,57,43,26,30,34,31,40,18,12,58,2543,,https://www.maddenratings.com/jaylen-wright
Miami Dolphins,Lonnie Johnson Jr,FS,Free Safety,32,Hybrid,73,30,"November 4, 1995",United States,Kentucky,8,,,,91,91,65,85,72,90,88,89,85,29,14,18,14,8,22,6,66,60,51,39,34,27,31,64,43,25,86,60,10,64,70,25,56,28,42,49,70,72,76,73,71,77,35,35,51,35,35,35,35,17,15,13,35,2577,,https://www.maddenratings.com/lonnie-johnson-jr
Miami Dolphins,Malik Washington,WR,Wide Receiver,6,,73,25,"October 20, 2000",United States,Virginia,3,2024,184,Miami Dolphins,90,92,59,88,74,87,88,87,83,42,29,30,27,19,25,18,87,77,79,75,73,72,67,68,72,44,86,80,54,74,81,27,29,10,10,20,28,16,18,16,26,15,39,24,35,16,24,38,33,22,19,15,85,2592,,https://www.maddenratings.com/malik-washington
Miami Dolphins,Ollie Gordon II,,,,Power Back,73,22,"January 15, 2004",United States,Oklahoma St.,2,2025,179,Miami Dolphins,86,88,76,83,77,87,92,89,87,51,35,38,32,31,39,29,69,48,48,62,56,50,56,90,82,82,82,82,83,73,78,33,38,29,30,36,42,28,27,20,37,22,37,54,35,29,28,40,36,34,25,25,69,2815,,https://www.maddenratings.com/ollie-gordon-ii
Miami Dolphins,David Ojabo,LEDG,Left Edge,50,Smaller Speed Rusher,72,26,"May 17, 2000",,Michigan,5,2022,45,Baltimore Ravens,87,90,78,84,64,85,83,73,85,20,11,6,6,6,6,6,32,17,16,10,3,2,13,32,17,27,70,27,26,29,35,12,80,61,72,68,77,61,34,42,82,32,45,45,78,45,45,45,45,15,17,17,10,2174,,https://www.maddenratings.com/david-ojabo
Miami Dolphins,Julius Brents,CB,Cornerback,8,Zone,72,26,"January 18, 2000",United States,Kansas State,4,2023,44,Indianapolis Colts,88,95,52,94,66,96,92,88,86,22,16,24,18,15,14,15,67,67,60,20,10,10,15,61,61,48,89,65,70,65,73,15,63,41,47,49,74,65,68,72,66,82,35,35,51,35,35,35,35,22,21,15,49,2672,,https://www.maddenratings.com/julius-brents
Miami Dolphins,Riley Patterson,K,Kicker,47,Power,72,26,"September 7, 1999",United States,Memphis,6,,,,76,77,40,62,55,71,91,83,76,31,16,31,24,20,22,20,38,15,10,10,10,10,10,41,16,15,55,26,12,17,21,14,32,10,10,14,34,17,15,15,22,10,15,10,16,16,16,16,14,15,92,84,10,1598,,https://www.maddenratings.com/riley-patterson
Miami Dolphins,Trey Moore,REDG,Right Edge,17,,72,23,"May 5, 2003",,Texas,,,,,87,85,79,81,76,88,89,83,90,26,16,30,18,14,17,27,39,44,44,18,15,10,19,48,38,35,72,33,36,34,35,20,79,70,63,76,79,74,55,61,80,40,45,45,77,45,45,45,45,43,27,20,29,2589,,https://www.maddenratings.com/trey-moore
Miami Dolphins,Willie Gay,SAM,Sam Backer,40,Run Stopper,72,28,"February 15, 1998",United States,Mississippi St.,7,,,,86,90,73,79,67,90,85,84,84,25,16,6,6,6,6,6,68,64,46,35,30,24,31,56,54,43,74,58,45,57,64,12,84,50,58,70,85,66,58,62,86,56,45,45,79,45,45,45,45,24,28,18,14,2678,,https://www.maddenratings.com/willie-gay
Miami Dolphins,Caleb Douglas,WR,Wide Receiver,7,Deep Threat,71,22,"September 9, 2003",,Texas Tech,,,,,93,90,68,86,61,83,85,88,85,67,41,52,46,41,46,44,79,81,77,73,76,79,75,72,73,52,86,78,62,70,77,38,30,15,16,21,26,27,18,26,30,28,50,34,45,32,35,33,25,32,33,32,56,2868,,https://www.maddenratings.com/caleb-douglas
Miami Dolphins,Chris Bell,WR,Wide Receiver,18,Deep Threat,71,22,"June 7, 2004",,Louisville,,,,,90,92,74,86,67,89,89,84,88,26,24,20,15,13,21,23,80,80,82,71,74,75,76,76,80,62,84,81,71,71,77,31,48,44,38,47,49,43,36,38,52,32,56,35,50,33,34,34,33,36,33,29,69,2941,,https://www.maddenratings.com/chris-bell
Miami Dolphins,Jordan Phillips,DT,Defensive Tackle,94,,71,22,"June 30, 2004",United States,Maryland,2,2025,143,Miami Dolphins,72,81,89,59,66,76,88,75,88,15,12,27,17,14,8,16,23,18,18,17,14,11,16,38,22,29,56,21,30,16,22,14,84,71,66,75,75,65,9,11,75,12,45,45,87,45,45,45,45,24,21,18,26,2157,,https://www.maddenratings.com/jordan-phillips
Miami Dolphins,Max Llewellyn,LEDG,Left Edge,57,Power Rusher,71,23,"August 16, 2002",,Iowa,,,,,79,86,85,76,71,79,89,77,85,34,15,14,18,10,17,16,37,35,35,17,15,10,17,50,39,38,67,39,32,46,40,20,76,73,65,71,77,71,23,29,77,29,45,45,75,45,45,45,45,43,27,20,28,2442,,https://www.maddenratings.com/max-llewellyn
Miami Dolphins,Ronnie Harrison Jr,WILL,Weak Backer,56,Pass Coverage,71,29,"April 18, 1997",United States,Alabama,9,,,,85,87,72,80,70,82,87,89,91,23,18,6,6,6,6,6,74,63,55,20,15,10,20,69,44,52,78,63,43,56,67,15,78,45,53,60,79,69,69,74,87,74,35,35,63,35,35,35,35,20,14,11,55,2619,,https://www.maddenratings.com/ronnie-harrison-jr
Miami Dolphins,Alex Austin,CB,Cornerback,26,Man to Man,70,25,"May 22, 2001",United States,Oregon State,4,2023,252,Buffalo Bills,88,90,49,85,76,80,90,88,90,27,11,8,8,8,12,8,72,61,59,24,16,12,19,59,49,29,83,65,48,64,69,14,52,30,35,40,73,74,71,73,63,68,35,30,38,35,35,30,30,15,21,19,55,2483,,https://www.maddenratings.com/alex-austin
Miami Dolphins,Greg Dulcich,TE,Tight End,85,Vertical Threat,70,26,"March 26, 2000",United States,UCLA,5,2022,80,Denver Broncos,84,87,67,82,68,82,79,85,83,29,10,15,10,6,10,6,81,81,78,67,63,62,68,77,65,63,75,78,67,73,74,24,32,10,10,34,41,21,15,23,25,33,54,53,60,52,55,50,55,56,24,22,35,2659,,https://www.maddenratings.com/greg-dulcich
Miami Dolphins,Jalen Reagor,WR,Wide Receiver,17,,70,27,"January 2, 1999",United States,TCU,7,2020,21,Philadelphia Eagles,91,90,62,89,60,94,88,86,86,31,19,20,15,10,20,10,78,82,78,71,69,71,68,69,73,56,87,82,65,76,81,28,28,10,10,26,32,18,13,23,25,14,40,32,42,29,26,10,17,25,18,16,82,2541,,https://www.maddenratings.com/jalen-reagor
Miami Dolphins,Michael Taaffe,FS,Free Safety,31,Zone,70,23,"February 18, 2003",,Texas,,,,,89,91,61,88,68,83,89,90,91,27,12,6,6,6,6,6,66,61,64,45,42,35,39,54,52,58,87,64,40,56,68,18,64,38,47,57,75,65,68,73,72,63,35,35,59,35,35,35,35,22,27,25,65,2698,,https://www.maddenratings.com/michael-taaffe
Miami Dolphins,Terrace Marshall Jr,WR,Wide Receiver,86,,70,26,"June 9, 2000",United States,LSU,6,,,,89,87,67,83,70,91,87,84,82,26,17,20,15,10,15,6,83,82,81,76,74,73,73,74,78,57,82,79,58,73,78,21,27,10,10,28,32,15,12,17,25,17,55,32,46,26,20,20,17,25,19,15,45,2504,,https://www.maddenratings.com/terrace-marshall-jr
Miami Dolphins,Jamaree Salyer,LT,Left Tackle,69,Power,69,26,"July 13, 2000",United States,Georgia,5,2022,195,Los Angeles Chargers,62,67,88,59,75,62,90,84,84,14,10,6,6,6,6,6,23,15,15,15,5,5,8,30,15,25,55,17,22,10,10,12,33,30,24,35,34,17,10,10,30,10,71,74,84,73,70,75,73,79,13,14,10,1876,,https://www.maddenratings.com/jamaree-salyer
Miami Dolphins,Jason Marshall Jr.,CB,Cornerback,33,Man to Man,69,23,"September 6, 2002",United States,Florida,2,2025,150,Miami Dolphins,89,93,60,88,69,88,86,89,86,23,18,16,10,19,12,27,69,64,55,27,26,25,34,55,51,32,84,72,43,65,73,32,52,24,36,43,69,71,71,66,55,60,35,35,41,25,35,25,35,24,25,17,80,2604,,https://www.maddenratings.com/jason-marshall-jr
Miami Dolphins,Kevin Coleman Jr.,WR,Wide Receiver,83,,69,22,"September 10, 2003",,Missouri,,,,,89,89,59,90,60,90,93,90,92,27,22,20,18,15,20,21,84,80,80,70,69,67,68,77,74,45,89,83,57,74,80,23,25,17,18,23,25,24,20,23,24,24,48,31,43,29,33,26,28,25,29,28,81,2639,,https://www.maddenratings.com/kevin-coleman-jr
Miami Dolphins,Kyle Louis,WILL,Weak Backer,19,Run Stopper,69,22,"March 9, 2004",,Pittsburgh,,,,,88,91,68,84,68,89,83,88,87,31,10,6,6,6,6,6,64,63,52,41,38,35,35,60,35,45,81,52,41,31,56,14,79,53,59,68,82,68,52,66,78,45,43,50,73,56,50,49,51,21,15,19,11,2648,,https://www.maddenratings.com/kyle-louis
Miami Dolphins,Marco Wilson,CB,Cornerback,21,Man to Man,69,27,"March 3, 1999",United States,Florida,6,2021,136,Arizona Cardinals,91,91,66,87,70,94,84,89,85,34,15,6,6,6,6,6,67,66,52,34,24,22,36,53,44,31,87,53,32,61,68,15,48,45,53,45,65,67,68,68,46,66,35,35,46,35,35,35,35,15,21,15,58,2517,,https://www.maddenratings.com/marco-wilson
Miami Dolphins,Donovan Edwards,HB,Halfback,36,Elusive Back,68,23,"February 25, 2003",United States,Michigan,2,,,,91,93,71,82,70,88,87,84,88,65,46,53,51,55,57,40,68,54,53,63,54,45,49,87,75,74,81,77,68,71,77,45,36,26,30,36,40,45,21,26,33,23,38,47,36,28,26,40,37,35,27,21,65,2878,,https://www.maddenratings.com/donovan-edwards
Miami Dolphins,Jonah Savaiinaea,RG,Right Guard,71,Agile,68,22,"January 13, 2004",United States,Arizona,2,2025,37,Miami Dolphins,74,78,84,65,72,59,89,88,90,22,13,6,6,6,6,6,21,18,15,10,5,5,16,30,5,30,57,10,14,13,11,10,20,10,10,23,23,22,10,10,26,10,73,66,84,71,75,64,68,82,15,15,10,1821,,https://www.maddenratings.com/jonah-savaiinaea
Miami Dolphins,Tahj Washington,WR,Wide Receiver,84,,68,25,"May 16, 2001",United States,USC,3,2024,241,Miami Dolphins,88,87,53,89,48,83,86,84,87,22,16,15,10,6,10,6,82,77,78,72,73,74,68,76,75,40,88,81,40,75,81,22,20,10,10,25,25,15,10,17,21,10,36,25,37,16,23,18,20,23,11,11,76,2351,,https://www.maddenratings.com/tahj-washington
Miami Dolphins,A.J. Green III,CB,Cornerback,24,Zone,67,28,"June 9, 1998",United States,Oklahoma St.,7,,,,85,89,59,79,72,82,90,87,78,27,11,6,6,6,6,6,66,56,57,26,16,11,27,54,39,26,80,50,32,62,70,10,57,26,27,42,71,68,67,72,52,75,15,10,48,33,34,33,34,15,18,17,40,2325,,https://www.maddenratings.com/a-j-green-iii
Miami Dolphins,Dante Trader Jr.,SS,Strong Safety,11,Zone,67,23,"February 13, 2003",United States,Maryland,2,2025,155,Miami Dolphins,84,91,62,81,66,81,88,90,87,34,19,22,18,14,22,17,69,60,58,35,30,26,33,61,53,45,82,65,43,57,63,26,67,37,35,52,76,63,62,72,76,69,35,35,49,35,35,35,35,25,20,15,70,2680,,https://www.maddenratings.com/dante-trader-jr
Miami Dolphins,DJ Campbell,RG,Right Guard,63,Power,67,22,"September 24, 2003",,Texas,,,,,72,75,78,64,64,67,88,88,85,15,13,6,6,6,6,6,27,26,18,18,5,5,11,26,10,24,55,13,16,10,10,11,46,37,33,39,44,22,13,15,49,10,73,74,81,74,74,75,72,81,24,24,10,1994,,https://www.maddenratings.com/dj-campbell
Miami Dolphins,Ethan Bonner,CB,Cornerback,27,Man to Man,67,26,"October 23, 1999",United States,Stanford,4,,,,92,91,53,90,63,85,86,81,78,25,16,15,10,6,13,15,63,57,53,25,23,21,25,55,61,34,88,65,42,66,70,17,50,30,34,47,68,60,69,64,57,66,35,33,41,31,32,24,25,10,21,22,55,2458,,https://www.maddenratings.com/ethan-bonner
Miami Dolphins,Matthew Butler,DT,Defensive Tackle,91,,67,27,"June 10, 1999",United States,Tennessee,5,,,,72,81,80,54,71,82,91,73,80,23,12,6,6,6,6,6,36,31,30,29,25,20,26,37,28,32,50,33,34,26,32,12,80,67,59,72,77,70,14,17,77,12,45,44,81,45,45,44,44,30,17,17,10,2197,,https://www.maddenratings.com/matthew-butler
Miami Dolphins,Cameron Goode,REDG,Right Edge,53,Smaller Speed Rusher,66,28,"April 15, 1998",United States,California,5,2022,224,Miami Dolphins,84,92,67,84,63,92,91,78,65,25,11,6,6,6,6,6,50,40,33,15,5,5,16,45,32,34,77,35,33,39,44,15,73,56,65,65,73,65,35,43,83,40,45,45,72,45,45,45,45,18,16,15,10,2299,,https://www.maddenratings.com/cameron-goode
Miami Dolphins,Zayne Anderson,SS,Strong Safety,23,Zone,66,29,"January 3, 1997",United States,BYU,6,,,,90,88,59,89,60,82,80,86,74,31,12,16,10,10,10,10,65,53,50,28,20,15,25,60,35,40,83,53,38,58,60,18,67,43,52,45,76,61,64,70,63,58,35,35,47,35,35,35,35,20,23,24,45,2476,,https://www.maddenratings.com/zayne-anderson
Miami Dolphins,Will Kacmarek,TE,Tight End,82,Possession,65,23,"February 12, 2003",,Ohio State,,,,,81,81,77,72,57,86,91,88,91,28,21,20,15,10,22,18,80,76,79,63,57,52,62,72,61,66,67,65,67,59,65,24,51,45,40,48,49,46,20,24,49,18,62,59,66,62,60,59,57,58,39,35,42,2862,,https://www.maddenratings.com/will-kacmarek
Miami Dolphins,Zeek Biggers,DT,Defensive Tackle,93,,65,22,"October 4, 2003",United States,Georgia Tech,2,2025,253,Miami Dolphins,69,76,84,56,67,81,87,80,84,32,10,6,6,6,6,6,18,19,18,16,14,12,16,36,20,32,56,21,35,17,18,11,76,70,66,73,71,64,19,15,83,14,45,45,81,45,45,45,45,27,23,18,25,2110,,https://www.maddenratings.com/zeek-biggers
Miami Dolphins,Charlie Heck,LT,Left Tackle,67,,64,29,"November 20, 1996",United States,North Carolina,7,2020,126,Houston Texans,66,68,84,53,77,70,87,86,93,12,14,6,6,6,6,6,35,25,20,25,22,21,19,30,26,30,51,25,22,24,34,12,36,33,22,35,38,13,12,16,40,10,69,67,78,66,72,65,69,82,10,12,10,2016,,https://www.maddenratings.com/charlie-heck
Miami Dolphins,Cole Turner,TE,Tight End,87,Vertical Threat,64,26,"March 16, 2000",United States,Nevada,5,2022,149,Washington Commanders,81,87,68,81,60,77,88,80,68,30,10,15,10,6,10,6,79,81,76,63,58,53,65,73,60,65,74,71,56,63,69,18,29,15,15,29,33,22,14,16,30,15,59,56,59,54,58,53,57,51,21,19,18,2524,,https://www.maddenratings.com/cole-turner
Miami Dolphins,Louis Moore,FS,Free Safety,41,Run Support,64,25,"January 29, 2001",,Indiana,,,,,87,90,63,84,63,82,87,87,87,20,11,6,6,6,6,6,62,57,29,28,24,24,29,56,45,40,82,58,44,55,48,13,68,30,34,78,74,61,59,63,73,64,35,35,58,35,35,35,35,44,18,25,49,2493,,https://www.maddenratings.com/louis-moore
Miami Dolphins,Miles Battle,CB,Cornerback,35,Man to Man,64,26,"January 4, 2000",United States,Utah,2,,,,92,90,60,88,56,88,88,88,87,26,10,6,6,6,6,6,69,61,60,35,30,25,31,63,45,31,87,63,42,61,70,14,56,25,33,42,72,54,65,67,59,69,35,35,47,35,35,35,35,15,15,14,45,2478,,https://www.maddenratings.com/miles-battle
Miami Dolphins,Carlos Washington Jr,HB,Halfback,37,Elusive Back,63,27,"December 26, 1998",United States,SE Louisiana,4,,,,86,92,73,84,56,82,90,84,87,25,15,24,21,17,23,24,69,53,51,62,52,44,48,90,76,80,77,79,74,71,75,23,38,13,15,32,36,26,15,21,44,15,44,55,43,42,38,45,38,38,10,9,55,2579,,https://www.maddenratings.com/carlos-washington-jr
Miami Dolphins,Jackson Woodard,MIKE,Mike Backer,42,Field General,63,24,"July 2, 2002",United States,UNLV,2,,,,84,87,73,77,62,86,88,86,87,21,10,6,6,6,6,6,52,48,50,21,20,19,27,52,37,43,76,46,40,41,47,12,79,51,52,62,79,60,56,62,77,43,45,45,73,45,45,45,45,24,20,20,10,2460,,https://www.maddenratings.com/jackson-woodard
Miami Dolphins,Kevin Cline,RT,Right Tackle,79,Power,63,25,"May 29, 2001",,Boston College,,,,,55,71,89,49,55,71,85,84,89,15,10,6,6,6,6,6,26,13,17,13,5,5,13,26,18,24,53,12,15,10,10,12,39,29,30,31,24,18,12,13,44,10,71,70,77,71,73,70,69,76,10,12,10,1834,,https://www.maddenratings.com/kevin-cline
Miami Dolphins,Major Burns,SS,Strong Safety,43,Hybrid,63,24,"May 22, 2002",United States,LSU,2,,,,89,92,61,79,60,89,85,89,86,32,18,21,17,13,21,16,64,57,53,27,20,17,25,60,52,49,77,67,45,58,67,25,68,33,34,52,73,57,63,65,77,61,35,35,56,33,34,33,34,25,19,15,42,2575,,https://www.maddenratings.com/major-burns
Miami Dolphins,Quinn Ewers,QB,Quarterback,14,Field General,63,23,"March 15, 2003",United States,Texas,2,2025,231,Miami Dolphins,78,77,66,74,65,70,86,89,85,86,77,81,78,72,78,86,41,33,27,25,18,23,28,54,54,30,74,60,29,37,49,57,23,27,27,30,46,46,38,19,23,30,19,27,26,20,17,21,23,25,33,32,18,2457,,https://www.maddenratings.com/quinn-ewers
Miami Dolphins,Robert Beal Jr.,LEDG,Left Edge,51,Power Rusher,63,26,"August 18, 1999",United States,Georgia,4,2023,173,San Francisco 49ers,90,92,68,75,66,77,88,69,75,21,11,6,6,6,6,6,44,41,35,33,31,22,38,45,37,40,71,47,50,44,48,15,70,67,57,67,77,61,34,50,79,48,45,45,81,45,45,45,45,43,14,14,10,2445,,https://www.maddenratings.com/robert-beal-jr
Miami Dolphins,Storm Duck,CB,Cornerback,29,Zone,63,25,"December 15, 2000",United States,Louisville,3,,,,91,92,63,80,62,92,85,83,79,17,9,11,7,6,6,5,71,64,62,30,26,20,27,62,55,35,86,63,32,66,71,14,52,35,42,47,69,60,60,64,59,63,25,25,46,25,25,25,25,15,20,15,69,2438,,https://www.maddenratings.com/storm-duck
Miami Dolphins,Seydou Traore,TE,Tight End,49,Vertical Threat,63,23,"August 12, 2002",,Mississippi St.,,,,,85,85,72,80,53,91,82,87,92,25,27,33,34,21,25,37,82,73,72,65,59,55,64,71,67,58,78,68,61,64,69,28,29,20,20,26,28,47,18,21,22,20,55,54,56,54,55,53,54,52,34,32,54,2767,,https://www.maddenratings.com/seydou-traore
Miami Dolphins,Ben Sims,TE,Tight End,89,Vertical Threat,62,26,"May 16, 2000",United States,Baylor,4,,,,85,88,69,69,57,86,92,78,79,27,12,15,10,7,11,7,77,79,75,65,62,54,57,76,58,57,71,75,62,63,65,19,28,10,10,25,34,22,12,14,33,10,55,53,56,53,57,52,51,61,18,13,10,2484,,https://www.maddenratings.com/ben-sims
Miami Dolphins,Andrew Meyer,C,Center,60,Power,62,26,"January 14, 2000",United States,UTEP,3,,,,70,73,86,52,58,74,92,82,85,17,10,6,6,6,6,6,22,13,11,12,7,5,10,21,8,25,60,17,25,10,10,10,25,10,10,29,33,10,10,10,30,10,69,72,79,71,68,73,70,78,10,10,10,1782,,https://www.maddenratings.com/andrew-meyer
Miami Dolphins,Josh Priebe,LG,Left Guard,68,Power,61,25,"July 30, 2001",United States,Michigan,2,,,,65,70,86,60,59,71,86,80,85,14,11,6,6,6,6,6,25,15,14,10,5,5,10,23,9,30,56,12,14,10,10,14,26,17,10,28,29,15,10,12,28,10,69,67,78,68,66,67,65,76,15,11,10,1756,,https://www.maddenratings.com/josh-priebe
Miami Dolphins,Mark Gronowski,QB,Quarterback,16,,61,24,"October 5, 2001",,Iowa,,,,,82,86,68,83,41,89,92,90,91,85,75,80,77,75,77,77,57,38,35,38,28,31,31,66,72,68,78,79,60,62,68,76,40,33,35,42,48,41,37,42,38,41,35,15,40,32,39,15,15,42,33,29,46,2893,,https://www.maddenratings.com/mark-gronowski
Miami Dolphins,Cam Miller,QB,Quarterback,15,Field General,60,25,"June 18, 2001",United States,North Dakota St.,2,2025,215,Las Vegas Raiders,78,78,64,83,53,78,95,93,95,85,75,82,79,76,79,78,30,25,22,19,19,15,15,60,62,43,80,77,43,53,61,53,32,10,10,28,33,15,10,12,25,10,29,16,32,15,10,12,10,26,30,26,10,2349,,https://www.maddenratings.com/cam-miller
Miami Dolphins,Jim Bonifas,C,Center,62,Power,60,23,"June 27, 2003",,Iowa State,,,,,68,72,84,52,59,78,85,84,82,10,10,6,6,6,6,6,32,14,16,11,5,5,12,30,14,28,49,19,16,10,10,11,40,28,21,33,28,28,9,12,37,10,69,71,77,69,71,71,70,70,14,12,10,1846,,https://www.maddenratings.com/jim-bonifas
Minnesota Vikings,Justin Jefferson,WR,Wide Receiver,18,Deep Threat,94,27,"June 16, 1999",United States,LSU,7,2020,22,Minnesota Vikings,91,92,64,95,89,97,94,97,87,43,29,35,30,24,33,24,91,97,96,94,95,96,94,73,81,65,97,94,75,81,95,23,36,18,24,24,41,19,18,26,43,18,48,25,52,26,24,18,13,34,18,12,61,2969,"Double Me Aggressive receivers overpower defenders and attack the football. When they enter the zone, this ability increases their success rate on aggressive catches against single coverage. Short In Elite Receivers with this ability catch more consistently while catching passes less than 10 yards from the LoS, inside the numbers Route Technician Receivers with this ability have a high success rate when creating separation on the last cut of any route. Deep Out Elite Receivers with this ability catch more consistently while catching passes 20+ yards from the LoS, outside the numbers Quick Jump Players with this ability have a slightly reduced stamina cost and slightly longer perfect window for jumping snaps.",https://www.maddenratings.com/justin-jefferson
Minnesota Vikings,Christian Darrisaw,LT,Left Tackle,71,Pass Protector,90,27,"June 2, 1999",United States,Virginia Tech,6,2021,23,Minnesota Vikings,73,72,92,67,93,70,86,90,85,13,10,6,6,6,6,6,26,15,25,15,5,5,15,25,8,33,54,15,20,10,10,12,29,21,16,34,25,15,12,13,33,10,86,91,97,84,88,93,88,88,17,13,10,2037,Edge Protector Blockers with this ability reduce an edge pass rusher's chances of using a quick block shed move. Post Up Blockers with this ability have a slightly increased chance to win any double team block they are engaged in.,https://www.maddenratings.com/christian-darrisaw
Minnesota Vikings,Brian O&#8217;Neill,RT,Right Tackle,75,Pass Protector,87,30,"September 15, 1995",United States,Pittsburgh,9,,,,76,75,86,75,96,73,91,92,93,18,16,6,6,6,6,6,37,15,18,18,14,10,16,51,18,36,57,26,32,24,31,12,29,10,10,27,28,10,12,13,28,10,87,88,85,85,88,88,87,86,19,13,11,2150,,https://www.maddenratings.com/brian-oneill
Minnesota Vikings,Byron Murphy Jr,CB,Cornerback,7,Zone,84,28,"January 18, 1998",United States,Washington,8,,,,92,92,60,88,86,87,91,92,81,25,10,6,6,6,6,6,78,66,63,43,33,26,39,61,56,30,91,67,34,65,75,10,59,26,32,48,79,87,79,85,76,81,18,10,54,35,35,35,35,15,10,11,70,2651,,https://www.maddenratings.com/byron-murphy-jr
Minnesota Vikings,Jordan Addison,WR,Wide Receiver,3,Slot,84,24,"January 27, 2002",United States,USC,4,2023,23,Minnesota Vikings,90,92,52,88,88,84,90,88,84,58,38,47,39,32,47,40,89,88,86,84,87,88,74,78,74,30,91,89,46,79,89,42,37,14,22,30,47,27,28,34,31,29,39,27,36,16,23,13,15,18,23,17,76,2873,,https://www.maddenratings.com/jordan-addison
Minnesota Vikings,Andrew Van Ginkel,REDG,Right Edge,43,Smaller Speed Rusher,83,31,"July 1, 1995",United States,Wisconsin,8,2019,151,Miami Dolphins,86,87,76,81,94,90,89,85,93,25,10,6,6,6,6,6,70,43,37,15,5,5,33,58,12,51,72,46,51,37,30,12,82,70,81,77,86,92,62,70,79,46,45,45,77,45,45,45,45,18,15,19,13,2580,,https://www.maddenratings.com/andrew-van-ginkel
Minnesota Vikings,T.J. Hockenson,TE,Tight End,87,Vertical Threat,83,29,"July 3, 1997",United States,Iowa,8,2019,8,Detroit Lions,83,85,80,81,88,89,87,90,89,28,15,20,15,10,10,10,85,88,83,75,73,67,76,79,71,68,79,80,77,69,70,17,46,37,46,47,56,34,27,36,51,26,63,59,66,61,63,57,55,57,38,34,10,3006,,https://www.maddenratings.com/tj-hockenson
Minnesota Vikings,Josh Metellus,SS,Strong Safety,44,Run Support,82,28,"January 21, 1998",United States,Michigan,7,2020,205,Minnesota Vikings,88,87,66,82,83,87,91,91,87,20,17,15,10,10,15,15,68,58,52,15,13,10,12,62,44,25,79,53,40,59,72,10,83,40,47,64,87,82,70,74,85,64,35,35,62,35,35,35,35,15,25,15,50,2609,,https://www.maddenratings.com/josh-metellus
Minnesota Vikings,Will Reichard,K,Kicker,16,Accurate,82,25,"January 19, 2001",United States,Alabama,3,2024,203,Minnesota Vikings,78,79,42,64,68,66,91,84,75,32,12,31,29,20,20,16,22,14,10,10,8,7,9,30,15,20,54,25,10,26,28,13,29,10,10,13,25,15,10,10,12,10,15,12,12,10,10,8,7,8,96,92,10,1532,,https://www.maddenratings.com/will-reichard
Minnesota Vikings,Blake Cashman,MIKE,Mike Backer,51,Field General,81,30,"May 10, 1996",United States,Minnesota,8,2019,157,New York Jets,87,89,70,83,80,89,74,85,84,25,10,6,6,6,6,6,50,27,30,15,5,5,18,52,12,25,76,20,24,27,29,12,89,58,63,75,89,79,67,72,83,48,45,45,82,45,45,45,45,20,19,14,10,2371,,https://www.maddenratings.com/blake-cashman
Minnesota Vikings,Andrew DePaola,LS,Long Snapper,42,Power,81,39,"July 28, 1987",United States,Rutgers,15,,,,74,71,75,79,70,80,90,68,72,38,10,9,9,9,9,9,66,61,66,49,45,40,48,63,19,31,71,25,39,35,40,10,62,44,40,55,62,39,15,20,59,15,69,58,67,61,55,51,44,55,11,11,10,2383,,https://www.maddenratings.com/andrew-depaola
Minnesota Vikings,Isaiah Rodgers,CB,Cornerback,2,Zone,81,28,"January 7, 1998",United States,Massachusetts,7,2020,211,Indianapolis Colts,96,94,50,88,80,92,87,89,80,26,15,15,10,10,15,15,70,68,54,38,33,27,22,56,49,34,88,75,42,73,82,10,64,36,42,55,76,79,74,80,54,71,25,25,48,35,35,35,35,17,44,34,87,2734,,https://www.maddenratings.com/isaiah-rodgers
Minnesota Vikings,Jordan Mason,HB,Halfback,27,Power Back,81,27,"May 24, 1999",United States,Georgia Tech,5,,,,89,92,78,77,83,80,89,77,88,36,11,28,21,14,24,13,60,55,54,50,42,35,56,91,86,87,75,90,85,73,84,35,42,17,20,37,45,24,30,35,48,33,48,47,43,35,39,35,37,40,12,11,65,2701,,https://www.maddenratings.com/jordan-mason
Minnesota Vikings,Jauan Jennings,WR,Wide Receiver,14,,81,29,"July 10, 1997",United States,Tennessee,7,2020,217,San Francisco 49ers,88,86,78,78,91,95,88,87,78,68,48,56,51,45,51,42,87,88,88,82,79,75,81,72,84,66,76,86,77,69,78,51,30,10,10,30,33,14,11,17,31,21,67,34,59,40,40,25,20,45,18,17,33,2974,,https://www.maddenratings.com/jauan-jennings
Minnesota Vikings,Aaron Jones,HB,Halfback,33,Elusive Back,80,31,"December 2, 1994",United States,UTEP,10,2017,182,Green Bay Packers,88,91,71,90,81,89,84,88,91,30,12,35,30,20,15,15,73,63,61,70,65,61,64,86,80,83,88,88,83,78,85,18,27,10,10,23,35,18,15,20,24,20,25,59,42,15,15,36,32,44,21,20,55,2642,,https://www.maddenratings.com/aaron-jones
Minnesota Vikings,Jalen Redmond,DT,Defensive Tackle,61,,79,27,"March 12, 1999",United States,Oklahoma,4,,,,79,85,85,74,80,83,84,85,81,22,5,6,6,6,6,5,37,35,30,10,6,5,15,42,10,35,64,22,35,25,27,10,85,74,80,80,82,81,18,24,80,25,45,40,85,45,45,40,40,34,14,12,10,2239,,https://www.maddenratings.com/jalen-redmond
Minnesota Vikings,Will Fries,RG,Right Guard,76,Power,78,28,"April 4, 1998",United States,Penn State,6,2021,248,Indianapolis Colts,58,67,87,58,82,76,91,84,86,25,5,6,6,6,6,6,23,12,10,10,5,5,12,29,5,15,64,10,10,10,10,12,38,36,21,29,42,28,12,11,41,10,82,78,86,80,84,80,76,85,21,22,10,1963,,https://www.maddenratings.com/will-fries
Minnesota Vikings,Dallas Turner,LEDG,Left Edge,15,Smaller Speed Rusher,77,23,"February 2, 2003",United States,Alabama,3,2024,17,Minnesota Vikings,90,92,76,84,67,94,91,84,85,18,13,6,6,6,6,6,45,15,10,15,8,4,18,35,29,35,69,32,25,30,36,12,83,77,77,75,83,66,49,54,78,29,45,45,81,45,45,45,45,21,14,15,10,2324,Quick Jump Players with this ability have a slightly reduced stamina cost and slightly longer perfect window for jumping snaps.,https://www.maddenratings.com/dallas-turner
Minnesota Vikings,Eric Wilson,WILL,Weak Backer,55,Run Stopper,77,31,"September 26, 1994",United States,Cincinnati,10,,,,88,89,77,82,80,91,93,87,85,24,10,6,6,6,6,6,64,50,56,23,13,7,15,50,37,41,74,54,38,55,65,12,85,62,68,72,83,81,59,66,78,49,45,45,70,45,45,45,45,16,26,19,35,2629,,https://www.maddenratings.com/eric-wilson
Minnesota Vikings,James Pierre,CB,Cornerback,23,Zone,77,29,"September 16, 1996",United States,FAU,7,,,,94,90,60,83,73,81,92,87,80,27,10,6,6,6,6,6,71,65,57,52,42,35,49,56,53,25,82,65,32,63,75,13,64,29,37,47,73,73,80,83,68,71,34,26,43,35,35,35,35,13,11,15,76,2625,,https://www.maddenratings.com/james-pierre
Minnesota Vikings,Johnny Hekker,P,Punter,5,Power,77,36,"February 8, 1990",United States,Oregon State,15,,,,74,67,55,60,63,72,94,84,68,67,38,63,53,43,41,29,39,43,18,15,15,15,15,40,15,15,50,15,10,10,10,27,25,10,10,17,35,20,15,15,21,10,29,25,22,16,16,15,13,16,92,84,10,1839,,https://www.maddenratings.com/johnny-hekker
Minnesota Vikings,Caleb Banks,,,95,,76,23,"March 12, 2003",United States,Florida,,2026,18,Minnesota Vikings,71,74,87,70,79,78,82,73,87,25,17,16,14,12,18,16,26,24,24,19,17,15,33,59,15,52,60,34,47,24,24,19,82,76,71,79,80,78,29,21,81,19,51,53,84,52,51,51,52,22,13,22,10,2388,,https://www.maddenratings.com/caleb-banks
Minnesota Vikings,Ivan Pace Jr.,,,,Run Stopper,76,25,"December 16, 2000",United States,Cincinnati,4,,,,85,83,72,78,75,84,93,86,88,22,7,6,6,6,6,6,63,45,47,10,6,5,20,53,31,44,73,48,36,48,52,14,84,61,73,71,92,79,62,67,85,42,40,35,74,40,40,35,35,25,21,19,10,2488,,https://www.maddenratings.com/ivan-pace-jr
Minnesota Vikings,Donovan Jackson,LG,Left Guard,74,Agile,75,23,"December 4, 2002",United States,Ohio State,2,2025,24,Minnesota Vikings,67,72,90,62,76,71,89,86,90,13,13,6,6,6,6,6,23,12,13,10,5,5,10,25,8,12,53,12,16,12,14,11,31,16,20,35,22,25,10,10,40,10,76,77,86,76,78,77,79,82,14,12,10,1886,,https://www.maddenratings.com/donovan-jackson
Minnesota Vikings,Kyler Murray,QB,Quarterback,1,,75,29,"August 7, 1997",United States,Oklahoma,8,2019,1,Arizona Cardinals,89,90,59,89,53,64,80,89,85,90,83,87,82,79,85,84,50,21,19,17,15,13,11,69,73,25,88,94,49,77,86,85,34,10,10,14,29,17,17,23,12,10,13,12,10,13,13,12,12,10,19,15,10,2395,,https://www.maddenratings.com/kyler-murray
Minnesota Vikings,Jake Golday,MIKE,Mike Backer,41,Field General,74,23,"May 23, 2003",,Cincinnati,,,,,88,90,76,83,75,88,88,86,87,24,10,6,6,6,6,6,53,56,57,43,33,28,35,63,31,48,76,28,45,47,52,14,81,61,63,72,83,74,60,67,80,44,43,54,75,57,51,45,44,27,15,13,15,2658,,https://www.maddenratings.com/jake-golday
Minnesota Vikings,Domonique Orange,DT,Defensive Tackle,97,,73,22,"March 11, 2004",,Iowa State,,,,,67,74,86,60,74,73,89,75,85,25,10,6,6,6,6,6,25,25,24,12,10,2,27,49,16,41,56,23,42,21,23,12,81,73,66,79,78,74,17,19,81,19,45,45,86,45,45,45,45,29,14,29,10,2181,,https://www.maddenratings.com/domonique-orange
Minnesota Vikings,Jakobe Thomas,SS,Strong Safety,8,Zone,73,23,"June 30, 2003",,Miami,,,,,87,87,66,84,75,80,90,89,91,24,12,6,6,6,6,6,70,61,63,41,39,35,38,53,55,57,81,60,48,55,68,14,73,46,49,66,76,74,71,73,76,69,35,35,50,35,35,35,35,23,25,23,48,2705,,https://www.maddenratings.com/jakobe-thomas
Minnesota Vikings,Josh Oliver,TE,Tight End,84,Possession,73,29,"March 21, 1997",United States,San Jose St.,8,2019,69,Jacksonville Jaguars,85,83,75,77,68,82,87,83,81,24,10,15,10,6,10,6,84,79,77,67,61,56,65,76,59,69,67,67,64,54,60,18,47,26,32,48,49,33,17,26,46,23,71,61,73,69,62,59,60,78,20,15,39,2779,,https://www.maddenratings.com/josh-oliver
Minnesota Vikings,Caleb Tiernan,LT,Left Tackle,78,Power,72,23,"January 23, 2003",,Northwestern,,,,,65,72,87,54,75,80,89,82,86,18,12,6,6,6,6,6,26,15,15,15,5,5,15,23,17,23,57,18,17,10,10,12,28,34,35,33,32,22,12,16,42,10,77,79,83,76,77,78,76,81,10,12,10,1956,,https://www.maddenratings.com/caleb-tiernan
Minnesota Vikings,Blake Brandel,C,Center,64,Power,71,29,"January 23, 1997",United States,Oregon State,7,2020,203,Minnesota Vikings,68,62,87,52,81,76,89,79,92,25,5,6,6,6,6,6,23,12,10,10,5,5,12,29,5,15,47,10,10,10,10,12,29,15,10,15,22,15,12,15,35,10,74,75,83,71,77,79,71,81,37,27,10,1834,,https://www.maddenratings.com/blake-brandel
Minnesota Vikings,J.J. McCarthy,QB,Quarterback,9,,71,23,"January 20, 2003",United States,Michigan,3,2024,10,Minnesota Vikings,85,88,68,88,59,81,79,91,80,91,78,85,82,80,80,77,36,12,10,15,14,12,15,63,67,56,83,81,51,66,69,78,29,10,10,24,33,15,12,14,23,10,23,15,27,22,16,18,14,16,31,29,14,2425,,https://www.maddenratings.com/jj-mccarthy
Minnesota Vikings,Jay Ward,FS,Free Safety,24,Run Support,71,26,"July 13, 2000",United States,LSU,4,2023,134,Minnesota Vikings,87,93,58,79,72,86,90,87,75,23,11,15,10,10,15,15,70,69,63,33,30,27,34,64,63,40,83,72,55,64,73,10,66,27,32,60,77,75,69,71,77,73,35,35,49,35,35,35,35,22,19,16,63,2682,,https://www.maddenratings.com/jay-ward
Minnesota Vikings,Max Bredeson,FB,Fullback,45,Blocking,71,23,"October 4, 2002",,Michigan,,,,,78,82,79,76,58,81,82,78,83,52,38,42,37,30,42,36,71,64,58,62,56,50,58,72,60,74,73,65,67,55,61,36,35,18,15,32,35,32,15,22,34,18,65,65,71,58,56,47,48,83,32,30,45,2812,,https://www.maddenratings.com/max-bredeson
Minnesota Vikings,Tai Felton,WR,Wide Receiver,13,,71,23,"March 15, 2003",United States,Maryland,2,2025,102,Minnesota Vikings,93,93,59,84,62,89,86,91,89,22,33,24,15,22,23,27,81,79,77,72,71,76,70,70,73,52,85,83,59,77,82,18,49,23,25,28,30,36,33,46,24,25,37,26,35,19,17,24,17,21,18,27,71,2668,,https://www.maddenratings.com/tai-felton
Minnesota Vikings,Demond Claiborne,HB,Halfback,21,Elusive Back,70,22,"October 9, 2003",,Wake Forest,,,,,93,90,73,89,58,85,86,87,86,30,24,25,20,15,21,22,65,61,61,66,58,52,56,79,79,72,91,82,65,76,82,25,25,18,19,25,28,22,19,21,24,22,42,49,43,33,30,30,33,39,28,23,82,2629,,https://www.maddenratings.com/demond-claiborne
Minnesota Vikings,Luke Wysong,WR,Wide Receiver,17,,70,23,"May 29, 2003",,Arizona,,,,,93,93,56,90,54,89,87,82,86,38,29,28,24,20,27,28,78,76,77,72,74,71,72,76,73,42,88,79,52,74,80,27,31,21,23,29,31,28,22,26,28,25,45,28,38,22,25,20,18,25,34,29,80,2663,,https://www.maddenratings.com/luke-wysong
Minnesota Vikings,Theo Jackson,FS,Free Safety,26,Zone,70,27,"October 2, 1998",United States,Tennessee,5,2022,204,Tennessee Titans,90,91,58,76,73,88,90,87,83,25,10,6,6,6,6,6,65,57,43,10,10,10,24,55,45,44,80,53,44,60,65,15,67,44,48,58,74,70,63,69,74,67,35,35,63,35,35,35,35,20,15,15,40,2478,,https://www.maddenratings.com/theo-jackson
Minnesota Vikings,Zavier Scott,HB,Halfback,36,Elusive Back,70,27,"July 17, 1999",United States,Maine,3,,,,89,92,74,84,69,85,89,86,85,30,11,20,17,12,22,21,72,60,60,67,62,59,60,87,76,67,86,78,68,72,79,24,31,19,25,28,33,14,16,23,30,25,35,55,34,30,25,30,25,29,17,15,76,2578,,https://www.maddenratings.com/zavier-scott
Minnesota Vikings,Bo Richter,REDG,Right Edge,98,Smaller Speed Rusher,69,25,"August 13, 2000",United States,Air Force,3,,,,87,92,72,81,57,88,86,81,84,27,13,6,6,6,6,6,44,20,20,15,5,5,25,32,15,27,72,26,28,28,33,12,78,58,71,69,79,56,42,49,78,34,45,45,77,45,45,45,45,11,25,24,10,2236,,https://www.maddenratings.com/bo-richter
Minnesota Vikings,Will Putnam,CB,Cornerback,20,Man to Man,69,23,"April 5, 2003",United States,Stephen F. Austin,,,,,92,92,59,82,63,94,87,87,81,24,10,6,6,6,6,6,64,62,65,47,42,37,41,59,55,35,86,68,34,65,74,17,56,34,37,47,70,66,69,64,54,69,35,35,42,35,35,35,35,19,15,13,60,2577,,https://www.maddenratings.com/will-putnam
Minnesota Vikings,Levi Drake Rodriguez,DT,Defensive Tackle,50,,69,26,"August 4, 2000",United States,Texas AM-Commerce,3,2024,232,Minnesota Vikings,72,64,84,63,69,66,90,84,85,20,17,9,9,9,9,9,42,15,18,15,8,4,15,26,24,32,58,33,34,21,31,12,81,68,70,76,76,69,21,28,81,25,45,45,82,45,45,45,45,18,16,12,10,2150,,https://www.maddenratings.com/levi-drake-rodriguez
Minnesota Vikings,Tavierre Thomas,FS,Free Safety,37,Hybrid,69,30,"March 11, 1996",United States,Ferris State,9,,,,90,90,55,78,73,81,92,90,84,25,13,6,6,6,6,6,64,60,37,23,13,10,14,58,56,32,78,59,31,63,71,16,59,35,43,50,74,73,72,68,46,73,35,35,47,35,35,35,35,12,18,14,74,2454,,https://www.maddenratings.com/tavierre-thomas
Minnesota Vikings,Carson Wentz,QB,Quarterback,11,Strong Arm,68,33,"December 30, 1992",United States,North Dakota St.,11,2016,2,Philadelphia Eagles,82,83,72,77,72,70,80,77,92,89,74,80,79,76,76,79,38,20,20,18,17,15,19,52,64,62,76,78,55,47,62,76,30,9,9,21,28,21,12,18,11,9,27,17,46,10,10,14,18,42,24,18,14,2385,,https://www.maddenratings.com/carson-wentz
Minnesota Vikings,Dillon Bell,WR,Wide Receiver,89,,68,22,"November 6, 2003",,Georgia,,,,,89,91,66,86,47,92,90,85,90,59,42,55,50,50,56,38,79,79,78,71,73,70,72,73,78,59,85,82,67,75,81,46,41,33,36,41,43,36,32,39,48,37,52,23,46,21,24,32,28,34,32,34,77,3043,,https://www.maddenratings.com/dillon-bell
Minnesota Vikings,Tyrion Ingram-Dawkins,LEDG,Left Edge,90,Power Rusher,67,23,"June 26, 2003",United States,Georgia,2,2025,139,Minnesota Vikings,77,86,83,75,65,85,86,74,85,28,10,14,12,10,10,9,47,47,48,40,35,30,40,64,41,57,70,54,53,48,57,11,74,72,67,74,72,65,12,13,77,12,45,45,74,45,45,45,45,23,26,22,21,2525,,https://www.maddenratings.com/tyrion-ingram-dawkins
Minnesota Vikings,Dwight McGlothern,CB,Cornerback,6,Zone,66,24,"February 6, 2002",United States,Arkansas,3,,,,90,92,59,75,63,78,89,88,84,33,23,30,25,18,31,12,62,64,61,20,18,16,24,55,66,44,83,72,43,67,75,24,54,35,41,36,60,86,62,66,48,60,22,20,47,22,20,20,20,23,25,21,65,2537,,https://www.maddenratings.com/dwight-mcglothern
Minnesota Vikings,Myles Price,WR,Wide Receiver,4,,66,24,"December 16, 2001",United States,Indiana,2,,,,92,92,53,81,67,84,84,80,84,36,29,25,20,18,35,22,80,76,74,69,68,69,64,70,72,39,82,77,38,72,74,28,26,10,10,20,34,14,12,19,20,15,37,29,34,23,31,20,22,22,18,14,82,2466,,https://www.maddenratings.com/myles-price
Minnesota Vikings,Chaz Chambliss,REDG,Right Edge,32,Smaller Speed Rusher,65,23,"October 25, 2002",United States,Georgia,2,,,,81,84,79,82,61,78,86,87,86,25,12,6,6,6,6,6,51,45,47,27,24,21,25,58,38,42,74,40,41,43,41,22,77,63,66,61,76,58,54,60,78,43,45,45,76,45,45,45,45,24,20,16,10,2482,,https://www.maddenratings.com/chaz-chambliss
Minnesota Vikings,Eric Johnson,DT,Defensive Tackle,93,,65,28,"July 16, 1998",United States,Missouri State,5,2022,159,Indianapolis Colts,76,79,79,64,69,69,92,73,82,23,12,6,6,6,6,6,32,16,14,13,5,3,15,30,15,30,58,18,32,24,25,12,77,67,57,70,79,66,15,16,76,10,45,45,82,45,45,45,45,28,17,14,10,2044,,https://www.maddenratings.com/eric-johnson
Minnesota Vikings,Isaiahh Loudermilk,DT,Defensive Tackle,69,,65,28,"October 10, 1997",United States,Wisconsin,6,2021,156,Pittsburgh Steelers,69,77,79,66,61,71,87,74,84,28,13,6,6,6,6,6,51,42,40,28,23,18,28,49,29,43,62,44,43,34,39,12,79,64,67,72,76,64,14,24,81,15,45,45,80,45,45,45,45,29,15,15,10,2299,,https://www.maddenratings.com/isaiahh-loudermilk
Minnesota Vikings,Taki Taimani,DT,Defensive Tackle,94,,65,26,"October 6, 1999",United States,Oregon,3,,,,62,66,80,52,69,64,93,73,85,17,15,6,6,6,6,6,24,15,14,12,7,4,10,32,25,36,46,14,15,10,10,12,76,65,52,76,75,69,10,11,79,12,45,45,87,45,45,45,45,39,13,12,10,1948,,https://www.maddenratings.com/taki-taimani
Minnesota Vikings,Zemaiah Vaughn,CB,Cornerback,34,Man to Man,65,24,"April 2, 2002",United States,Utah,2,,,,91,92,66,73,57,93,93,86,85,25,10,6,6,6,6,6,68,66,62,24,16,12,23,57,51,29,82,66,35,61,70,14,53,30,33,43,69,56,67,67,56,75,35,30,54,35,35,30,30,15,15,15,48,2428,,https://www.maddenratings.com/zemaiah-vaughn
Minnesota Vikings,Gavin Bartholomew,TE,Tight End,86,Vertical Threat,64,23,"April 30, 2003",United States,Pittsburgh,2,2025,202,Minnesota Vikings,82,87,70,82,66,87,90,88,89,39,26,26,24,19,29,26,76,76,75,63,55,52,62,71,64,64,76,70,68,62,64,28,36,39,35,43,46,26,27,33,32,14,59,58,65,53,53,59,56,53,27,26,28,2824,,https://www.maddenratings.com/gavin-bartholomew
Minnesota Vikings,Ryan Van Demark,RT,Right Tackle,72,,64,28,"March 22, 1998",United States,Connecticut,4,,,,63,74,83,66,69,75,92,80,85,16,13,6,6,6,6,6,35,25,22,22,15,10,22,36,5,21,57,10,10,10,10,12,40,40,30,40,35,21,12,12,35,10,69,69,73,64,73,67,71,82,21,11,10,1953,,https://www.maddenratings.com/ryan-van-demark
Minnesota Vikings,Jacob Thomas,SS,Strong Safety,39,Zone,63,22,"May 30, 2004",,J. Madison,,,,,91,87,63,86,61,87,87,86,84,24,9,6,6,6,6,6,63,55,26,24,21,29,21,57,49,39,82,64,45,54,72,17,63,32,37,55,74,59,58,64,68,65,35,35,50,35,35,35,35,20,13,14,45,2440,,https://www.maddenratings.com/jacob-thomas
Minnesota Vikings,Kejon Owens,HB,Halfback,35,Power Back,63,24,"December 5, 2001",,FIU,,,,,85,91,74,75,64,80,91,85,89,31,22,21,17,15,22,25,67,49,49,59,51,43,48,89,78,77,76,80,72,70,77,24,31,31,28,35,32,28,25,33,37,24,42,50,46,35,33,33,30,43,35,27,74,2648,,https://www.maddenratings.com/kejon-owens
Minnesota Vikings,Smith Vilbert,DT,Defensive Tackle,91,,63,25,"May 11, 2001",,North Carolina,,,,,69,79,79,60,62,73,80,77,80,19,10,6,6,6,6,6,34,27,24,15,7,7,12,32,19,40,58,11,17,24,29,19,77,65,57,72,74,61,16,18,79,18,45,45,81,45,45,45,45,21,15,17,16,2050,,https://www.maddenratings.com/smith-vilbert
Minnesota Vikings,Tyler Batty,LEDG,Left Edge,92,Power Rusher,63,27,"May 2, 1999",United States,BYU,2,,,,80,81,83,77,52,82,84,76,83,20,10,6,6,6,6,6,36,21,20,13,7,5,15,35,21,29,65,30,32,29,31,12,77,66,67,69,77,54,35,44,77,31,45,45,62,45,45,45,45,20,15,13,10,2146,,https://www.maddenratings.com/tyler-batty
Minnesota Vikings,Walter Rouse,RT,Right Tackle,73,Power,63,25,"March 9, 2001",United States,Oklahoma,3,2024,177,Minnesota Vikings,64,66,83,55,64,80,90,81,86,22,8,10,7,6,7,6,38,15,15,10,5,5,20,25,10,35,53,15,15,22,20,12,37,15,15,22,21,10,8,8,38,9,71,72,81,70,71,71,70,80,25,21,10,1875,,https://www.maddenratings.com/walter-rouse
Minnesota Vikings,Benjamin Yurosek,TE,Tight End,85,Vertical Threat,62,24,"March 17, 2002",United States,Georgia,2,,,,84,91,72,78,55,77,85,80,80,25,10,15,10,6,10,6,76,74,72,64,58,54,66,68,62,67,74,66,59,53,62,15,37,12,12,31,35,20,14,16,35,15,56,58,61,52,54,59,57,54,17,14,13,2496,,https://www.maddenratings.com/benjamin-yurosek
Minnesota Vikings,Delby Lemieux,RG,Right Guard,62,Agile,62,22,"November 6, 2003",,Dartmouth,,,,,72,79,85,67,59,66,88,85,88,15,10,6,6,6,6,6,36,15,15,11,5,5,12,29,17,37,54,18,16,10,10,12,38,33,27,34,29,26,12,15,42,10,72,71,74,68,69,70,68,70,12,15,10,1911,,https://www.maddenratings.com/delby-lemieux
Minnesota Vikings,Elijah Williams,DT,Defensive Tackle,99,,62,23,"September 9, 2002",United States,Morgan St.,2,,,,65,72,84,71,58,76,86,83,86,20,10,6,6,6,6,6,37,20,15,15,7,5,15,35,15,25,59,20,25,15,15,12,77,67,59,71,71,56,18,22,76,15,45,45,87,45,45,45,45,27,16,13,10,2031,,https://www.maddenratings.com/elijah-williams
Minnesota Vikings,Gavin Gerhardt,C,Center,58,Agile,62,24,"March 21, 2002",,Cincinnati,,,,,65,66,84,63,64,65,93,87,89,17,6,6,6,6,6,6,31,14,18,10,5,5,14,32,10,35,58,17,26,10,18,12,36,24,26,46,36,39,13,13,34,10,72,71,77,69,72,70,71,77,14,14,10,1938,,https://www.maddenratings.com/gavin-gerhardt
Minnesota Vikings,Joe Huber,RG,Right Guard,60,Power,62,24,"May 2, 2002",United States,Wisconsin,2,,,,66,70,86,61,55,70,83,75,81,14,12,6,6,6,6,6,22,14,15,14,5,5,12,23,9,30,55,13,16,10,10,12,27,17,10,25,24,13,11,12,28,10,68,69,79,68,67,70,68,78,11,12,10,1745,,https://www.maddenratings.com/joe-huber
Minnesota Vikings,Michael Jurgens,C,Center,65,Agile,62,26,"January 1, 2000",United States,Wake Forest,3,2024,230,Minnesota Vikings,58,70,80,67,69,78,90,80,85,23,8,6,6,6,8,5,26,15,15,13,11,7,15,20,9,28,54,19,24,10,13,8,30,10,10,20,26,17,12,15,29,10,71,70,71,71,74,68,68,79,23,22,10,1832,,https://www.maddenratings.com/michael-jurgens
Minnesota Vikings,Marcus Allen,CB,Cornerback,29,Man to Man,62,22,"April 27, 2004",,North Carolina,,,,,89,88,57,83,61,92,88,90,82,26,13,6,6,6,6,6,68,64,52,20,17,14,39,60,39,39,89,55,37,61,73,18,52,33,34,45,69,60,63,65,57,62,35,35,51,35,35,35,35,16,19,16,42,2438,,https://www.maddenratings.com/marcus-allen
Minnesota Vikings,Tomas Rimac,RG,Right Guard,67,Power,62,23,"January 20, 2003",,Virginia Tech,,,,,71,77,89,61,61,75,86,82,82,13,10,6,6,6,6,6,25,15,15,15,5,5,15,26,9,25,61,15,15,10,10,12,24,16,10,23,25,11,12,13,23,10,67,69,74,67,68,70,69,72,11,11,10,1770,,https://www.maddenratings.com/tomas-rimac
Minnesota Vikings,Vershon Lee,LG,Left Guard,66,Power,62,24,"December 7, 2001",,South Carolina,2,,,,67,77,85,52,59,76,87,81,82,13,10,6,6,6,6,6,21,14,15,10,5,5,12,21,9,28,51,15,10,10,10,12,24,15,10,27,27,13,12,13,22,10,70,68,78,70,67,67,65,79,11,11,10,1736,,https://www.maddenratings.com/vershon-lee
Minnesota Vikings,Bangally Kamara,WILL,Weak Backer,59,Run Stopper,61,24,"October 13, 2001",,Kansas,,,,,83,87,69,79,58,75,87,85,86,24,10,6,6,6,6,6,60,46,43,15,5,5,18,56,34,44,75,45,43,42,50,12,70,59,54,66,79,54,60,65,81,45,45,45,69,45,45,45,45,19,19,22,10,2408,,https://www.maddenratings.com/bangally-kamara
Minnesota Vikings,Kahlef Hailassie,SS,Strong Safety,25,Hybrid,61,25,"November 9, 2000",United States,W. Kentucky,4,,,,88,90,53,92,56,79,91,85,87,25,11,15,10,10,15,15,70,63,61,28,21,14,27,53,51,44,88,66,52,67,73,21,55,35,43,47,72,55,62,67,66,73,35,30,47,35,35,30,30,26,11,11,55,2541,,https://www.maddenratings.com/kahlef-hailassie
Minnesota Vikings,Bryson Nesbit,TE,Tight End,83,Possession,60,23,"September 25, 2002",United States,North Carolina,2,,,,76,82,71,74,60,79,85,80,78,23,10,15,10,6,10,6,77,77,74,63,57,52,62,72,62,65,71,64,58,56,63,15,36,12,13,32,35,26,16,18,33,15,58,59,61,55,55,58,54,54,17,15,17,2492,,https://www.maddenratings.com/bryson-nesbit
Minnesota Vikings,Max Brosmer,QB,Quarterback,12,Strong Arm,59,25,"March 28, 2001",United States,Minnesota,2,,,,79,80,70,77,51,71,87,84,86,87,73,77,80,70,75,76,31,16,18,18,15,13,25,55,67,49,75,60,45,57,63,68,32,34,33,36,42,33,18,14,29,15,20,39,28,22,20,27,27,30,25,33,20,2475,,https://www.maddenratings.com/max-brosmer
Minnesota Vikings,Josh Ross,MIKE,Mike Backer,52,Field General,57,26,"October 31, 1999",United States,Michigan,5,,,,79,85,65,71,60,81,88,82,83,25,8,6,6,6,6,6,59,52,54,15,5,5,15,55,37,41,68,43,35,46,52,10,77,50,60,58,82,56,55,56,82,37,45,44,69,45,45,45,45,24,12,13,40,2389,,https://www.maddenratings.com/josh-ross
New England Patriots,Christian Gonzalez,,,,Man to Man,98,24,"June 28, 2002",United States,Oregon,4,2023,17,New England Patriots,96,93,59,94,98,95,90,90,78,35,10,15,10,6,10,6,74,73,62,37,27,20,40,60,67,42,95,75,57,66,74,10,76,28,37,53,77,98,98,90,49,86,32,30,48,32,27,25,24,15,46,42,55,2832,"Universal Coverage The most physical coverage defenders prevent catches from happening even when their target has hands on the ball. When they enter the zone, they are nearly guaranteed knockouts. Lurker Defenders with this ability can make spectacular interceptions while lurking in zones, and are more likely to attempt and succeed at diving swats/catches. Short Route KO Defenders with this ability have a slightly improved chance to succeed at catch tackle knockouts in man-to-man versus short routes less than 10 yards from the LoS One Step Ahead Defenders with this ability have a slightly increased chance to react much faster to receiver cut moves when in man coverage",https://www.maddenratings.com/christian-gonzalez
New England Patriots,Drake Maye,QB,Quarterback,10,Field General,92,23,"August 30, 2002",United States,North Carolina,3,2024,3,New England Patriots,89,89,62,82,93,72,92,87,90,94,93,94,92,92,85,83,34,15,15,15,14,12,15,65,67,43,78,85,55,62,73,80,20,10,10,18,32,17,12,15,16,10,31,15,12,12,12,15,15,30,55,46,10,2530,"Pro Reads For great quarterbacks, vision and anticipation are paramount. When they enter the zone, their first open receiver is highlighted and they ignore defensive pressure. Long Range Deadeye Passers with this ability have elite accuracy on all unpressured deep throws while their feet are set (except on high throws). Fearless Passers with this ability have a reduced chance to be impacted by throw penalties caused by defensive pressure while on the run Sideline Deadeye Passers with this ability have elite accuracy on all unpressured throws outside the numbers (except on high throws).",https://www.maddenratings.com/drake-maye
New England Patriots,A.J. Brown,WR,Wide Receiver,1,,89,29,"June 30, 1997",United States,Ole Miss,8,2019,51,Tennessee Titans,91,92,79,85,92,95,86,92,90,41,30,34,29,25,40,16,94,94,90,85,84,87,89,73,87,77,87,90,87,82,90,40,23,10,10,26,33,15,18,27,17,16,54,41,53,34,28,24,19,33,17,16,72,2939,"Short In Elite Receivers with this ability catch more consistently while catching passes less than 10 yards from the LoS, inside the numbers Runoff Elite Players with this ability will distract defenders for longer with their runoffs Quick Jump Players with this ability have a slightly reduced stamina cost and slightly longer perfect window for jumping snaps.",https://www.maddenratings.com/aj-brown
New England Patriots,Hunter Henry,TE,Tight End,85,Possession,86,31,"December 7, 1994",United States,Arkansas,11,2016,35,Los Angeles Chargers,85,86,75,76,98,87,89,96,93,28,10,15,10,6,10,6,92,87,85,76,72,69,80,72,56,78,71,78,69,54,69,15,42,17,17,46,43,22,14,21,27,17,66,62,73,65,61,61,60,58,21,19,18,2823,,https://www.maddenratings.com/hunter-henry
New England Patriots,Kevin Byard,FS,Free Safety,31,Zone,86,32,"August 17, 1993",United States,Mid Tenn St.,11,2016,64,Tennessee Titans,88,86,73,87,91,90,97,96,90,44,26,31,26,36,18,17,82,68,47,31,12,10,22,78,59,52,83,67,48,60,72,10,80,47,53,64,84,89,70,81,79,67,16,12,60,34,33,34,33,15,20,19,55,2842,,https://www.maddenratings.com/kevin-byard
New England Patriots,Michael Onwenu,RG,Right Guard,71,Power,86,28,"December 10, 1997",United States,Michigan,7,2020,182,New England Patriots,65,53,91,55,91,65,91,95,85,21,12,6,6,6,6,8,26,18,24,18,10,6,15,29,20,29,46,24,30,20,18,12,25,22,12,22,31,22,17,22,30,15,85,87,91,87,82,89,83,81,15,16,10,2045,,https://www.maddenratings.com/michael-onwenu
New England Patriots,Milton Williams,DT,Defensive Tackle,97,Power Rusher,86,27,"April 6, 1999",United States,LA. Tech,6,2021,73,Philadelphia Eagles,82,85,92,81,89,89,91,77,87,22,10,6,6,6,6,6,29,18,24,17,9,5,15,28,15,26,66,18,25,20,23,12,86,86,77,78,83,87,17,25,76,15,45,45,83,45,45,45,45,31,14,13,10,2236,Quick Jump Players with this ability have a slightly reduced stamina cost and slightly longer perfect window for jumping snaps.,https://www.maddenratings.com/milton-williams
New England Patriots,Carlton Davis III,CB,Cornerback,7,Man to Man,85,29,"December 31, 1996",United States,Auburn,9,,,,90,89,65,81,90,82,86,89,88,26,13,6,6,6,6,6,76,67,63,20,15,10,23,65,48,29,80,56,27,58,67,15,73,24,35,52,75,91,85,85,68,93,35,35,55,35,35,35,35,19,19,15,40,2587,,https://www.maddenratings.com/carlton-davis-iii
New England Patriots,Robert Spillane,MIKE,Mike Backer,14,Field General,85,30,"December 14, 1995",United States,W. Michigan,9,,,,87,85,71,77,94,79,88,91,90,21,10,6,6,6,6,6,74,33,42,15,5,5,12,60,31,45,72,43,40,38,46,12,88,56,50,73,89,96,68,75,83,46,45,45,79,45,45,45,45,16,18,12,10,2525,,https://www.maddenratings.com/robert-spillane
New England Patriots,Alijah Vera-Tucker,LG,Left Guard,75,Agile,83,27,"June 17, 1999",United States,USC,6,2021,14,New York Jets,75,73,91,61,82,78,77,88,90,25,16,6,6,6,6,6,25,12,10,10,5,5,12,35,5,15,55,10,10,10,10,12,36,10,10,25,30,10,12,12,24,10,85,83,93,81,88,85,81,91,20,20,10,1943,,https://www.maddenratings.com/alijah-vera-tucker
New England Patriots,Craig Woodson,SS,Strong Safety,4,Zone,83,25,"February 20, 2001",United States,California,2,2025,106,New England Patriots,91,92,59,85,85,86,88,92,85,24,12,6,6,6,6,6,71,62,59,36,31,27,34,62,55,48,85,67,45,59,66,14,77,33,32,60,79,82,73,81,79,68,35,35,60,35,35,35,35,25,20,17,42,2688,,https://www.maddenratings.com/craig-woodson
New England Patriots,Reggie Gilliam,FB,Fullback,44,Blocking,83,28,"August 20, 1997",United States,Toledo,7,,,,87,89,81,83,85,85,89,88,93,34,21,26,21,16,25,10,74,57,59,64,60,55,59,70,61,72,76,66,69,54,65,20,54,31,22,39,57,42,31,36,84,14,69,73,76,62,65,52,46,90,17,12,38,2924,,https://www.maddenratings.com/reggie-gilliam
New England Patriots,Harold Landry III,REDG,Right Edge,2,Smaller Speed Rusher,82,30,"June 5, 1996",United States,Boston College,9,,,,84,87,78,83,87,86,90,89,88,23,15,6,6,6,6,6,56,52,44,20,15,10,12,47,36,36,71,50,36,44,52,12,87,68,79,81,86,83,48,58,82,39,45,45,81,45,45,45,45,22,18,14,15,2564,,https://www.maddenratings.com/harold-landry-iii
New England Patriots,Marcus Jones,CB,Cornerback,25,Man to Man,82,27,"October 22, 1998",United States,Houston,5,2022,85,New England Patriots,92,95,48,92,80,87,87,93,84,24,10,16,12,8,21,6,77,66,48,54,45,42,29,65,75,26,93,88,31,83,87,24,66,25,36,46,74,81,82,80,60,70,31,30,41,31,30,29,27,15,14,13,94,2763,,https://www.maddenratings.com/marcus-jones
New England Patriots,Morgan Moses,RT,Right Tackle,76,Power,82,35,"March 3, 1991",United States,Virginia,13,2014,66,Washington Commanders,65,48,90,54,95,66,93,93,93,30,15,6,6,6,6,6,35,15,15,15,5,5,15,45,6,20,44,10,30,10,10,12,30,10,10,20,28,15,12,15,20,10,83,82,87,85,81,84,79,77,25,25,10,1952,,https://www.maddenratings.com/morgan-moses
New England Patriots,TreVeyon Henderson,HB,Halfback,32,Elusive Back,82,23,"October 22, 2002",United States,Ohio State,2,2025,38,New England Patriots,95,92,71,86,75,89,82,86,83,18,32,24,15,10,20,25,67,47,50,66,61,56,51,95,81,80,83,86,75,87,85,31,33,25,28,32,39,46,28,24,31,29,42,51,46,31,28,38,42,40,27,18,71,2753,,https://www.maddenratings.com/treveyon-henderson
New England Patriots,Will Campbell,LT,Left Tackle,66,,81,22,"January 6, 2004",United States,LSU,2,2025,4,New England Patriots,73,78,87,71,87,78,90,91,90,11,11,6,6,6,6,6,21,21,21,16,5,5,29,30,13,28,58,11,18,10,10,12,29,22,11,22,22,30,12,12,34,10,84,81,85,83,85,81,82,85,16,15,10,2016,,https://www.maddenratings.com/will-campbell
New England Patriots,Kayshon Boutte,WR,Wide Receiver,9,Deep Threat,80,24,"May 7, 2002",United States,LSU,4,2023,187,New England Patriots,91,90,58,86,82,83,85,87,79,28,20,20,15,10,16,10,87,85,86,79,81,83,80,73,77,44,84,83,61,72,80,21,26,10,10,27,30,16,11,16,23,13,51,29,42,28,34,22,18,23,16,11,69,2561,,https://www.maddenratings.com/kayshon-boutte
New England Patriots,Christian Barmore,DT,Defensive Tackle,90,Speed Rusher,79,27,"July 28, 1999",United States,Alabama,6,2021,38,New England Patriots,74,74,89,63,87,81,91,78,89,24,16,6,6,6,6,6,37,25,23,15,12,9,16,41,20,32,55,25,30,23,24,12,83,78,82,76,84,86,17,25,82,13,45,45,89,45,45,45,45,31,11,12,10,2244,,https://www.maddenratings.com/christian-barmore
New England Patriots,Romeo Doubs,WR,Wide Receiver,87,Deep Threat,79,26,"April 13, 2000",United States,Nevada,5,2022,132,Green Bay Packers,91,94,60,85,82,83,89,90,86,24,17,20,15,10,12,15,83,83,85,78,80,81,81,67,71,35,83,80,43,71,76,19,35,18,22,33,39,32,19,31,26,22,35,26,38,17,22,20,23,19,22,17,79,2584,,https://www.maddenratings.com/romeo-doubs
New England Patriots,Bryce Baringer,P,Punter,17,Power,78,27,"April 26, 1999",United States,Michigan St.,4,2023,192,New England Patriots,73,75,50,67,63,65,92,84,85,38,17,33,31,26,22,24,28,21,15,15,15,15,15,40,15,15,59,21,14,19,23,23,32,10,10,26,29,17,10,10,33,10,14,12,18,14,14,12,12,15,95,83,10,1684,,https://www.maddenratings.com/bryce-baringer
New England Patriots,Demario Douglas,WR,Wide Receiver,3,,77,25,"December 8, 2000",United States,Liberty,4,2023,210,New England Patriots,91,93,57,88,79,89,89,83,87,25,15,24,15,10,10,6,91,82,79,78,77,76,72,74,73,51,90,86,56,76,83,17,41,10,10,32,48,32,32,41,32,34,49,30,37,17,24,19,25,20,21,18,77,2671,,https://www.maddenratings.com/demario-douglas
New England Patriots,Dre&#8217;Mont Jones,LEDG,Left Edge,5,,77,29,"January 5, 1997",United States,Ohio State,8,,,,82,81,82,75,81,77,89,83,82,24,12,6,6,6,6,6,51,37,39,24,21,17,26,50,35,34,63,45,42,34,37,12,88,67,77,75,83,80,34,48,81,25,45,45,87,45,45,45,45,17,18,10,10,2435,,https://www.maddenratings.com/dremont-jones
New England Patriots,Rhamondre Stevenson,HB,Halfback,38,Power Back,77,28,"February 23, 1998",United States,Oklahoma,6,2021,120,New England Patriots,88,87,79,82,82,79,89,86,86,32,15,25,20,15,19,17,72,52,47,65,55,42,48,83,86,87,83,85,87,79,86,21,41,10,10,33,39,18,10,16,32,18,55,62,53,43,38,36,32,55,20,18,45,2663,,https://www.maddenratings.com/rhamondre-stevenson
New England Patriots,Gabe Jacas,LEDG,Left Edge,50,Power Rusher,76,22,"May 27, 2004",,Illinois,,,,,83,87,87,76,72,81,91,85,88,24,16,25,24,10,24,16,37,36,35,17,15,10,16,48,45,29,69,31,38,37,36,20,84,75,69,78,82,70,43,50,83,35,45,45,81,45,45,45,45,21,25,20,30,2524,,https://www.maddenratings.com/gabe-jacas
New England Patriots,Mack Hollins,WR,Wide Receiver,13,Deep Threat,76,32,"September 16, 1993",United States,North Carolina,10,2017,118,Philadelphia Eagles,90,87,73,82,83,85,93,88,87,27,22,25,20,15,23,10,87,85,86,78,78,79,79,74,71,59,72,76,73,66,73,22,51,10,10,49,68,20,11,22,59,10,61,55,62,39,32,20,19,43,17,12,50,2788,,https://www.maddenratings.com/mack-hollins
New England Patriots,Caleb Lomu,,,74,,75,21,"December 23, 2004",United States,Utah,,2026,28,New England Patriots,73,76,85,67,79,75,86,88,89,18,12,6,6,6,6,6,25,15,19,11,5,5,16,26,16,21,53,15,12,10,10,12,24,10,10,21,21,23,15,14,47,10,76,75,82,74,80,75,80,83,10,12,10,1901,,https://www.maddenratings.com/caleb-lomu
New England Patriots,Andres Borregales,K,Kicker,36,Power,74,23,"January 2, 2003",United States,Miami,2,2025,182,New England Patriots,75,75,46,67,59,60,88,82,71,28,16,32,29,22,18,18,32,12,11,12,10,10,13,35,15,16,51,19,14,12,13,15,23,10,10,10,22,15,11,12,16,10,12,16,15,11,12,13,16,14,94,82,10,1510,,https://www.maddenratings.com/andres-borregales
New England Patriots,Christian Elliss,WILL,Weak Backer,53,Run Stopper,73,27,"January 2, 1999",United States,Idaho,6,,,,88,86,74,83,75,85,89,78,84,21,10,6,6,6,6,6,58,51,48,15,5,5,12,59,29,40,72,41,42,40,39,14,82,68,59,71,83,78,56,59,86,44,45,45,75,45,45,45,45,37,11,12,10,2474,,https://www.maddenratings.com/christian-elliss
New England Patriots,Kyle Williams,WR,Wide Receiver,18,Deep Threat,73,23,"November 13, 2002",United States,Wash. St.,2,2025,69,New England Patriots,94,95,66,87,70,87,83,92,85,59,32,48,43,38,41,34,81,77,79,75,75,74,78,72,76,60,85,84,66,71,76,37,29,25,28,31,33,40,29,36,29,28,46,27,42,20,21,24,18,28,32,21,70,2877,,https://www.maddenratings.com/kyle-williams
New England Patriots,Jack Westover,FB,Fullback,37,Utility,72,27,"June 9, 1999",United States,Washington,3,,,,80,85,78,81,59,83,89,84,86,38,15,20,15,10,22,21,73,68,63,67,63,57,63,73,61,66,74,71,66,56,63,16,43,14,10,41,45,25,12,14,39,17,64,64,67,55,61,52,54,79,21,16,30,2689,,https://www.maddenratings.com/jack-westover
New England Patriots,Joshua Farmer,DT,Defensive Tackle,92,,71,23,"January 17, 2003",United States,Florida State,2,2025,137,New England Patriots,69,74,88,67,68,72,89,78,86,20,12,27,15,25,11,31,40,39,36,39,33,28,38,55,40,40,59,48,43,30,36,15,81,73,58,76,75,68,20,16,79,16,45,45,84,45,45,45,45,24,27,22,25,2465,,https://www.maddenratings.com/joshua-farmer
New England Patriots,Kindle Vildor,CB,Cornerback,28,Zone,71,28,"December 11, 1997",United States,Ga. Southern,7,2020,163,Chicago Bears,88,87,56,88,78,93,92,89,80,37,27,33,22,17,30,29,68,67,49,32,26,20,30,58,49,16,87,68,30,71,77,21,59,34,38,50,73,76,66,73,53,73,35,35,48,35,35,35,35,15,40,37,60,2720,,https://www.maddenratings.com/kindle-vildor
New England Patriots,K.J. Britt,WILL,Weak Backer,35,Run Stopper,71,27,"June 4, 1999",United States,Auburn,6,2021,176,Tampa Bay Buccaneers,80,81,74,71,75,79,88,82,88,30,15,6,6,6,6,6,49,25,28,15,5,5,15,55,21,42,68,33,42,34,35,12,82,52,49,67,84,75,61,67,87,47,45,45,82,45,45,45,45,29,20,20,10,2379,,https://www.maddenratings.com/kj-britt
New England Patriots,Jared Wilson,C,Center,55,Agile,70,23,"June 5, 2003",United States,Georgia,2,2025,95,New England Patriots,78,79,86,70,69,78,89,86,86,18,8,6,6,6,6,6,28,18,16,11,5,5,14,34,6,20,62,12,13,11,13,10,28,13,14,25,20,24,11,14,16,10,74,76,80,73,76,74,78,80,16,13,10,1880,,https://www.maddenratings.com/jared-wilson
New England Patriots,Bradyn Swinson,LEDG,Left Edge,43,Smaller Speed Rusher,69,24,"July 4, 2002",United States,LSU,2,2025,146,New England Patriots,84,88,82,78,60,85,86,75,87,8,21,13,16,8,16,25,30,15,15,15,8,7,13,40,28,30,70,32,39,38,40,23,77,70,73,72,77,58,39,49,78,33,45,45,84,45,45,45,45,27,27,20,32,2361,,https://www.maddenratings.com/bradyn-swinson
New England Patriots,Caedan Wallace,RG,Right Guard,70,Agile,69,26,"April 18, 2000",United States,Penn State,3,2024,68,New England Patriots,67,76,87,59,78,76,89,85,89,21,7,13,12,11,6,7,35,22,21,24,22,21,25,25,20,32,49,30,31,15,16,7,44,50,45,30,27,20,11,11,45,12,75,71,82,70,72,68,72,77,17,15,10,2102,,https://www.maddenratings.com/caeden-wallace
New England Patriots,Chad Muma,SAM,Sam Backer,49,Run Stopper,69,26,"August 18, 1999",United States,Wyoming,5,2022,70,Jacksonville Jaguars,84,88,76,85,71,93,91,88,79,21,12,15,10,10,17,11,66,59,61,21,14,10,15,63,36,32,76,63,37,40,48,21,82,48,46,61,84,68,61,62,82,42,45,45,70,45,45,45,45,24,22,18,10,2563,,https://www.maddenratings.com/chad-muma
New England Patriots,Dell Pettus,SS,Strong Safety,24,Hybrid,69,25,"June 2, 2001",United States,Troy,3,,,,89,91,64,83,67,81,92,86,87,26,7,15,12,10,17,7,67,64,61,36,32,27,40,65,53,42,79,68,47,60,69,22,69,33,44,56,77,66,69,67,73,64,35,35,58,35,35,35,35,25,19,12,45,2653,,https://www.maddenratings.com/dell-pettus
New England Patriots,Jeremiah Pharms Jr,DT,Defensive Tackle,98,,69,29,"October 16, 1996",United States,Friends University,5,,,,74,75,83,74,73,63,89,73,84,13,5,9,7,6,7,7,33,25,15,10,3,2,12,30,13,26,65,25,22,25,22,15,79,61,70,73,72,72,12,14,79,10,45,44,78,45,45,45,45,23,14,11,10,2032,,https://www.maddenratings.com/jeremiah-pharms-jr
New England Patriots,Cory Durden,DT,Defensive Tackle,94,Speed Rusher,68,27,"January 26, 1999",United States,N.C. State,4,,,,65,63,79,66,76,76,89,73,82,19,14,6,6,6,6,6,40,31,31,16,8,4,13,40,16,36,54,38,42,18,26,12,82,74,78,70,77,74,26,29,85,23,45,35,78,45,45,35,35,33,15,15,10,2166,,https://www.maddenratings.com/cory-durden
New England Patriots,Elijah Ponder,REDG,Right Edge,91,Smaller Speed Rusher,68,23,"August 24, 2002",United States,Cal Poly SLO,2,,,,85,88,76,82,65,87,87,78,85,20,14,6,6,6,6,6,38,38,27,10,5,5,16,42,22,28,74,40,29,30,38,12,76,66,68,68,77,64,34,43,76,35,45,45,78,45,45,45,45,26,21,22,10,2285,,https://www.maddenratings.com/elijah-ponder
New England Patriots,Efton Chism III,WR,Wide Receiver,86,,68,24,"October 26, 2001",United States,Eastern Wash.,2,,,,84,87,66,90,60,85,91,91,88,42,31,31,26,20,32,15,81,77,78,75,74,70,67,73,74,50,91,81,52,73,76,33,33,22,25,37,44,22,15,21,35,20,47,29,45,24,29,24,20,27,19,13,78,2693,,https://www.maddenratings.com/efton-chism-iii
New England Patriots,Jam Miller,HB,Halfback,30,Elusive Back,68,22,"April 29, 2004",,Alabama,,,,,91,89,77,87,54,83,85,83,85,24,23,22,18,15,26,21,63,54,58,60,52,45,51,90,78,76,86,78,71,74,81,27,40,27,31,38,41,36,32,37,39,36,40,51,41,32,36,27,30,37,33,28,48,2687,,https://www.maddenratings.com/jam-miller
New England Patriots,Jesse Luketa,REDG,Right Edge,42,,68,27,"January 15, 1999",Canada,Penn State,5,2022,256,Arizona Cardinals,75,80,72,73,73,89,91,78,88,21,10,15,10,5,15,5,39,34,32,15,10,5,15,42,31,36,74,41,40,39,43,18,78,69,64,75,82,72,36,44,83,25,45,45,88,45,45,45,45,25,22,20,10,2377,,https://www.maddenratings.com/jesse-luketa
New England Patriots,Karon Prunty,CB,Cornerback,21,Man to Man,68,24,"December 24, 2001",,Wake Forest,,,,,91,93,59,89,60,80,86,89,82,27,10,6,6,6,6,6,57,64,63,27,30,28,30,58,56,33,88,61,36,68,68,15,56,33,38,46,70,63,71,70,53,68,35,35,41,35,35,35,35,15,18,16,58,2504,,https://www.maddenratings.com/karon-prunty
New England Patriots,Dametrious Crownover,RT,Right Tackle,68,Power,67,24,"September 12, 2001",,Texas AM,,,,,68,71,85,51,66,75,88,86,86,18,12,6,6,6,6,6,33,26,28,34,32,29,25,25,18,22,48,17,12,10,10,12,39,41,42,35,42,18,12,12,42,10,74,69,83,72,77,76,71,81,10,12,10,2045,,https://www.maddenratings.com/dametrious-crownover
New England Patriots,Namdi Obiazor,WILL,Weak Backer,48,Run Stopper,67,24,"April 19, 2002",,TCU,,,,,88,89,71,76,62,88,85,87,90,15,10,6,6,6,6,6,63,37,34,23,18,13,11,55,35,43,73,47,44,34,35,12,81,49,62,70,79,60,53,62,80,44,45,62,73,60,52,43,45,24,15,14,16,2457,,https://www.maddenratings.com/namdi-obiazor
New England Patriots,Quintayvious Hutchins,REDG,Right Edge,45,Smaller Speed Rusher,67,23,"April 2, 2003",,Boston College,,,,,81,80,74,72,64,84,87,76,85,21,15,23,19,10,24,12,66,55,53,48,43,39,41,60,39,50,66,55,33,48,55,20,78,66,75,69,76,61,26,33,77,52,45,45,73,45,45,45,45,30,27,20,28,2659,,https://www.maddenratings.com/quintayvious-hutchins
New England Patriots,Brenden Schooler,SS,Strong Safety,41,Zone,66,29,"May 30, 1997",United States,Texas,5,,,,92,91,64,90,62,89,88,83,87,27,11,20,16,13,22,9,71,67,64,50,48,44,47,62,56,47,86,74,45,65,72,21,61,36,42,60,79,55,60,65,69,59,35,33,51,35,35,33,33,32,25,24,52,2757,,https://www.maddenratings.com/brenden-schooler
New England Patriots,David Blay Jr.,DT,Defensive Tackle,96,,66,23,"January 28, 2003",,Miami,,,,,70,76,85,61,62,68,88,74,83,14,10,6,6,6,6,6,32,26,26,15,7,4,17,36,26,37,54,25,26,25,28,15,80,66,58,73,75,60,20,22,77,12,45,45,82,45,45,45,45,26,12,18,15,2086,,https://www.maddenratings.com/david-blay-jr
New England Patriots,Marcellas Dial,CB,Cornerback,27,Man to Man,66,25,"December 6, 2000",United States,South Carolina,3,2024,180,New England Patriots,91,90,62,78,66,94,94,85,83,27,14,17,9,8,8,8,67,65,55,26,16,11,27,57,63,42,80,63,32,65,69,13,70,26,33,59,66,62,66,64,74,67,25,15,62,16,15,14,11,24,22,21,58,2455,,https://www.maddenratings.com/marcellas-dial
New England Patriots,Otis Reese IV,WILL,Weak Backer,54,Run Stopper,66,28,"July 2, 1998",United States,Ole Miss,4,,,,86,86,68,75,66,81,90,83,87,30,10,15,10,10,15,15,66,54,48,20,10,10,15,64,26,52,76,53,53,55,58,15,80,48,61,59,84,64,55,65,87,66,35,35,68,35,35,35,35,32,11,11,32,2535,,https://www.maddenratings.com/otis-reese-iv
New England Patriots,Ben Brown,C,Center,77,Agile,65,28,"May 19, 1998",United States,Ole Miss,6,,,,60,62,85,58,75,64,88,79,82,22,9,6,6,6,6,6,25,15,15,15,5,5,15,34,14,16,45,10,10,10,10,12,15,10,10,14,24,15,10,10,20,10,71,68,83,70,74,68,71,73,20,15,10,1731,,https://www.maddenratings.com/ben-brown
New England Patriots,Charles Woods,CB,Cornerback,22,Man to Man,65,26,"June 17, 2000",United States,SMU,3,,,,86,85,55,87,68,79,84,81,79,21,13,20,14,13,22,12,70,65,66,30,28,23,32,65,63,54,85,69,48,63,68,26,53,34,29,45,70,65,68,69,52,72,35,27,64,31,31,21,23,28,14,15,54,2574,,https://www.maddenratings.com/charles-woods
New England Patriots,Julian Ashby,LS,Long Snapper,47,Accurate,65,24,"July 8, 2002",United States,Vanderbilt,2,2025,251,New England Patriots,74,83,68,72,60,74,88,76,86,29,16,10,11,10,14,17,45,47,49,47,40,35,34,62,51,45,69,52,47,44,45,14,50,32,32,37,52,34,17,20,22,15,51,45,56,51,49,41,40,31,24,24,10,2247,,https://www.maddenratings.com/julian-ashby
New England Patriots,Leonard Taylor III,DT,Defensive Tackle,93,,65,24,"May 29, 2002",United States,Miami,3,,,,68,75,84,58,65,74,90,71,79,10,17,15,10,5,12,17,28,24,21,15,10,5,16,33,44,25,57,46,33,32,27,26,75,72,76,73,71,67,25,32,73,30,30,33,77,28,38,28,46,30,26,20,36,2178,,https://www.maddenratings.com/leonard-taylor-iii
New England Patriots,Kobee Minor,CB,Cornerback,19,Zone,65,24,"July 8, 2002",United States,Memphis,2,2025,257,New England Patriots,87,90,55,78,68,86,87,84,79,20,30,12,29,27,17,33,64,58,47,23,24,24,26,50,44,25,78,64,32,60,68,24,50,30,24,43,68,69,64,69,48,67,35,35,40,25,35,25,35,26,24,23,48,2476,,https://www.maddenratings.com/kobee-minor
New England Patriots,Nick DeGennaro,WR,Wide Receiver,23,,65,25,"December 29, 2000",,J. Madison,,,,,92,90,61,84,50,87,86,88,84,66,44,54,53,51,47,35,85,76,77,65,67,68,67,70,72,48,87,77,59,70,76,36,46,28,29,39,40,31,31,35,45,30,47,32,38,19,21,33,29,27,29,25,67,2893,,https://www.maddenratings.com/nick-degennaro
New England Patriots,Terrell Jennings,HB,Halfback,26,Power Back,65,25,"March 1, 2001",United States,Florida AM,2,,,,88,91,74,75,69,86,88,84,85,32,29,39,37,28,37,31,65,52,51,58,53,48,49,88,77,79,78,78,76,70,77,33,31,20,27,35,38,30,24,24,27,23,39,50,46,26,33,38,35,36,20,16,56,2679,,https://www.maddenratings.com/terrell-jennings
New England Patriots,Andrew Rupcich,LG,Left Guard,67,Power,64,27,"April 1, 1999",United States,Culver-Stockton,5,,,,61,68,85,53,70,76,91,79,89,21,5,8,6,5,5,6,25,15,11,10,7,5,12,22,9,19,50,12,15,10,10,7,25,31,21,21,22,21,10,10,32,9,67,70,80,70,64,69,71,78,12,10,10,1770,,https://www.maddenratings.com/andrew-rupcich
New England Patriots,Eli Raridon,TE,Tight End,82,Possession,64,22,"February 12, 2004",,Notre Dame,,,,,85,90,74,78,56,86,83,83,85,28,20,20,15,10,20,18,77,80,79,61,56,51,63,73,65,65,72,67,65,62,67,25,27,20,18,23,25,25,16,17,29,19,60,59,63,60,59,60,58,59,31,28,34,2669,,https://www.maddenratings.com/eli-raridon
New England Patriots,Eric Gregory,DT,Defensive Tackle,95,,64,25,"September 13, 2000",United States,Arkansas,2,,,,68,74,86,62,56,69,89,85,86,20,10,6,6,6,6,6,35,20,21,15,7,5,15,37,16,32,59,23,29,17,20,12,76,69,61,75,72,54,16,21,77,17,45,45,83,45,45,45,45,27,16,14,10,2056,,https://www.maddenratings.com/eric-gregory
New England Patriots,John Saunders Jr,FS,Free Safety,23,Hybrid,64,24,"October 24, 2001",United States,Ole Miss,2,,,,88,89,64,90,58,88,87,87,88,23,12,6,6,6,6,6,64,60,61,25,22,19,21,59,47,42,81,62,46,57,64,14,64,32,34,46,72,56,65,68,74,61,35,35,60,35,35,35,35,25,18,15,54,2502,,https://www.maddenratings.com/john-saunders-jr
New England Patriots,Marcus Bryant,LT,Left Tackle,52,Power,64,24,"June 22, 2002",United States,Missouri,2,2025,220,New England Patriots,68,73,85,66,65,71,87,86,87,22,15,6,6,6,6,6,23,29,25,16,5,5,18,34,10,25,56,12,10,10,10,23,22,11,10,24,21,29,27,14,28,10,69,69,81,70,68,71,68,78,14,13,10,1873,,https://www.maddenratings.com/marcus-bryant
New England Patriots,James Hudson III,LT,Left Tackle,51,Power,63,27,"May 13, 1999",United States,Cincinnati,6,,,,60,64,82,50,73,71,90,83,89,24,11,6,6,6,6,6,34,26,24,15,5,5,15,35,15,15,50,10,10,10,10,12,48,49,39,45,54,51,12,15,56,10,72,65,87,69,75,67,63,85,23,16,14,2033,,https://www.maddenratings.com/james-hudson-iii
New England Patriots,Julian Hill,TE,Tight End,80,Possession,63,26,"July 9, 2000",United States,Campbell Univ.,4,,,,83,85,75,72,55,83,87,82,87,60,37,58,52,48,50,45,74,72,76,64,60,51,65,70,62,71,73,76,69,65,69,52,34,10,10,37,36,23,15,22,26,21,60,60,67,57,59,54,55,62,15,15,35,2901,,https://www.maddenratings.com/julian-hill
New England Patriots,Mike Brown,FS,Free Safety,33,Run Support,63,27,"April 7, 1999",United States,Miami Univ.,5,,,,88,87,66,83,62,80,90,84,88,30,5,9,7,6,7,6,65,55,49,15,10,10,15,63,35,52,77,63,49,59,64,14,65,44,50,60,76,63,58,65,83,63,35,35,54,35,35,35,35,15,12,11,35,2457,,https://www.maddenratings.com/mike-brown
New England Patriots,CJ Dippre,TE,Tight End,81,Possession,62,24,"April 29, 2002",United States,Alabama,2,,,,83,85,78,75,61,83,88,81,82,35,20,25,20,16,20,16,74,72,71,58,52,47,67,67,62,62,63,64,60,54,60,25,34,11,14,31,35,25,13,14,32,16,67,60,67,63,64,60,59,57,17,14,15,2594,,https://www.maddenratings.com/cj-dippre
New England Patriots,Jacob Rizy,C,Center,64,Power,62,24,"January 13, 2002",,Florida State,,,,,66,79,89,71,60,75,87,83,82,16,10,6,6,6,6,6,31,13,14,11,5,5,14,32,12,21,63,11,12,10,10,11,33,10,10,10,15,18,12,12,25,10,70,72,72,69,71,71,70,73,19,14,10,1789,,https://www.maddenratings.com/jacob-rizy
New England Patriots,Tommy DeVito,QB,Quarterback,16,,61,28,"August 7, 1998",United States,Illinois,4,,,,84,87,62,82,63,80,91,75,84,83,73,80,76,69,76,75,32,15,13,15,14,11,10,65,57,45,80,76,70,63,66,69,21,10,10,14,26,20,10,10,20,9,12,10,23,12,12,10,10,17,22,21,10,2250,,https://www.maddenratings.com/tommy-devito
New England Patriots,Behren Morton,QB,Quarterback,15,,60,24,"January 17, 2002",,Texas Tech,,,,,76,81,61,78,47,75,88,93,90,86,77,82,78,72,79,78,44,30,27,25,20,15,18,66,61,59,76,66,36,46,53,65,29,20,20,23,27,19,10,13,22,15,15,15,42,15,10,15,15,34,20,22,33,2382,,https://www.maddenratings.com/behren-morton
New England Patriots,Amari Gainer,MIKE,Mike Backer,99,Field General,59,26,"June 22, 2000",United States,North Carolina,3,,,,85,85,67,76,64,81,90,82,81,40,18,15,10,5,16,19,53,52,50,15,5,5,28,53,46,43,77,31,40,51,46,16,71,60,62,67,78,57,56,62,81,46,41,33,80,21,20,15,14,23,17,17,20,2386,,https://www.maddenratings.com/amari-gainer
New Orleans Saints,Chris Olave,WR,Wide Receiver,12,Deep Threat,87,26,"June 27, 2000",United States,Ohio State,5,2022,11,New Orleans Saints,93,94,59,91,87,82,86,88,85,25,19,15,10,6,10,6,95,87,86,86,87,86,84,69,68,32,92,79,42,72,75,22,17,10,10,20,38,29,21,29,16,20,37,28,39,15,21,13,18,21,19,19,75,2533,,https://www.maddenratings.com/chris-olave
New Orleans Saints,Erik McCoy,C,Center,78,,87,28,"August 27, 1997",United States,Texas AM,8,2019,48,New Orleans Saints,73,76,89,61,90,76,86,88,88,22,15,6,6,6,6,6,30,12,10,10,5,5,12,30,9,20,57,10,10,10,10,12,35,15,12,23,25,28,11,13,22,10,88,88,86,86,90,87,89,91,22,21,10,1998,,https://www.maddenratings.com/erik-mccoy
New Orleans Saints,Travis Etienne Jr,HB,Halfback,3,Elusive Back,87,27,"January 26, 1999",United States,Clemson,6,,,,92,93,70,88,93,84,87,87,88,49,31,46,40,34,38,27,70,61,58,70,65,58,56,93,86,77,85,86,74,80,89,27,34,10,10,29,36,17,15,19,26,16,34,63,45,20,25,35,30,35,19,17,79,2796,,https://www.maddenratings.com/travis-etienne-jr
New Orleans Saints,Justin Reid,FS,Free Safety,21,Run Support,84,29,"February 15, 1997",United States,Stanford,9,2018,68,Houston Texans,90,90,66,90,86,87,90,93,87,26,16,15,10,10,15,15,73,61,63,20,10,10,22,63,24,31,85,57,47,61,71,13,75,39,46,62,86,86,73,77,85,71,35,35,66,35,35,35,35,20,93,78,55,2819,,https://www.maddenratings.com/justin-reid
New Orleans Saints,Kaden Elliss,WILL,Weak Backer,55,Pass Coverage,83,31,"July 10, 1995",United States,Idaho,8,2019,244,New Orleans Saints,85,86,75,85,90,83,91,91,87,66,47,46,41,37,44,33,52,53,50,23,13,7,20,65,33,38,75,49,36,42,56,38,88,60,70,75,88,89,66,74,85,45,45,45,78,45,45,45,45,19,19,15,15,2893,,https://www.maddenratings.com/kaden-elliss
New Orleans Saints,Chase Young,LEDG,Left Edge,99,Smaller Speed Rusher,81,27,"January 1, 1999",United States,Ohio State,7,2020,2,Washington Commanders,85,88,86,84,78,84,83,79,89,32,23,28,25,20,33,15,33,24,25,14,10,5,17,43,23,34,72,36,39,36,38,27,83,74,83,79,83,76,34,47,82,27,45,45,88,45,45,45,45,17,14,22,10,2497,,https://www.maddenratings.com/chase-young
New Orleans Saints,Alvin Kamara,HB,Halfback,41,Receiving Back,79,31,"July 25, 1995",United States,Tennessee,10,2017,67,New Orleans Saints,87,91,77,86,80,92,91,89,85,41,15,34,31,23,33,26,76,74,74,79,75,68,78,87,83,85,83,85,86,78,84,24,29,34,48,29,34,18,18,24,33,17,41,51,39,29,28,27,23,41,21,16,83,2883,,https://www.maddenratings.com/alvin-kamara
New Orleans Saints,Cameron Jordan,REDG,Right Edge,94,,79,37,"July 10, 1989",United States,California,16,2011,24,New Orleans Saints,76,76,87,76,85,76,97,86,92,30,14,6,6,6,6,6,42,15,15,15,8,4,20,42,14,10,65,26,25,25,30,12,86,77,69,79,86,85,31,41,85,22,45,45,95,45,45,45,45,22,33,29,10,2313,,https://www.maddenratings.com/cameron-jordan
New Orleans Saints,David Edwards,LG,Left Guard,76,Agile,79,29,"March 20, 1997",United States,Wisconsin,8,2019,169,Los Angeles Rams,67,68,82,61,87,65,92,90,90,40,27,40,34,27,31,25,46,34,30,26,17,14,33,45,36,43,52,49,44,27,34,30,39,31,27,37,35,30,12,12,35,10,83,83,81,81,84,80,84,83,21,11,10,2455,,https://www.maddenratings.com/david-edwards
New Orleans Saints,Carl Granderson,REDG,Right Edge,96,,79,29,"December 18, 1996",United States,Wyoming,8,,,,85,85,80,74,79,84,90,82,84,24,10,6,6,6,6,6,38,30,29,18,11,7,14,29,26,31,65,40,35,22,30,12,86,72,80,82,87,80,33,44,76,26,45,45,79,46,45,44,45,18,18,14,28,2337,,https://www.maddenratings.com/carl-granderson
New Orleans Saints,Juwan Johnson,TE,Tight End,83,Vertical Threat,79,29,"September 13, 1996",United States,Oregon,7,,,,86,86,69,82,88,85,88,90,82,36,22,30,25,20,24,26,85,87,83,72,67,63,70,76,74,50,76,80,59,71,76,26,34,17,14,36,38,23,19,27,37,21,62,59,54,58,53,58,55,31,29,25,45,2849,,https://www.maddenratings.com/juwan-johnson
New Orleans Saints,Zach Wood,LS,Long Snapper,49,Power,79,33,"January 10, 1993",United States,SMU,10,,,,71,63,75,63,65,70,93,76,82,39,10,10,10,10,10,10,46,38,42,24,19,15,22,45,20,41,55,42,57,27,36,12,70,61,58,61,68,34,24,33,71,25,51,59,63,39,34,50,40,48,25,24,10,2246,,https://www.maddenratings.com/zach-wood
New Orleans Saints,Davon Godchaux,DT,Defensive Tackle,92,,78,31,"November 11, 1994",United States,LSU,10,2017,178,Miami Dolphins,70,63,93,57,78,73,89,82,86,15,14,6,6,6,6,6,35,20,24,14,6,3,12,27,12,40,49,37,44,20,34,12,92,58,71,78,78,80,22,31,76,10,45,45,84,45,45,45,45,32,12,11,10,2154,,https://www.maddenratings.com/davon-godchaux
New Orleans Saints,Julian Blackmon,SS,Strong Safety,23,Run Support,78,27,"August 24, 1998",United States,Utah,7,2020,85,Indianapolis Colts,88,88,57,88,82,87,82,89,82,21,18,6,6,6,6,6,75,68,60,44,31,26,30,52,51,40,84,66,40,62,74,11,77,29,37,52,78,81,70,72,75,67,25,25,52,35,35,35,35,11,22,15,30,2584,,https://www.maddenratings.com/julian-blackmon
New Orleans Saints,Anfernee Jennings,LEDG,Left Edge,54,,77,29,"May 1, 1997",United States,Alabama,7,2020,87,New England Patriots,82,85,81,74,77,84,84,83,87,26,16,5,5,5,5,5,63,58,58,37,29,24,29,63,28,44,65,46,43,43,49,20,85,73,62,83,85,73,54,61,79,56,45,45,89,45,45,45,45,25,22,11,10,2641,,https://www.maddenratings.com/anfernee-jennings
New Orleans Saints,Charlie Smyth,K,Kicker,39,Power,77,25,"June 26, 2001",Ireland,No College,2,,,,72,71,52,59,62,50,86,82,63,27,16,33,25,24,17,15,25,12,10,10,10,10,12,26,10,17,51,13,16,15,18,14,15,10,10,12,12,17,15,15,12,10,13,10,10,10,10,10,10,10,96,86,10,1426,,https://www.maddenratings.com/charlie-smyth
New Orleans Saints,Jonas Sanker,SS,Strong Safety,33,Zone,77,23,"November 23, 2002",United States,Virginia,2,2025,93,New Orleans Saints,90,89,58,82,80,87,89,91,89,31,22,25,20,17,25,19,69,61,56,31,24,20,28,61,59,48,87,69,49,62,70,28,68,39,34,56,79,77,72,77,81,65,35,35,59,35,35,35,35,25,20,17,82,2797,,https://www.maddenratings.com/jonas-sanker
New Orleans Saints,Kelvin Banks Jr.,LT,Left Tackle,71,,77,22,"March 10, 2004",United States,Texas,2,2025,9,New Orleans Saints,67,72,86,58,76,78,89,88,90,14,12,20,18,17,14,15,25,12,13,14,5,5,18,30,11,30,59,11,12,16,18,15,30,33,10,23,24,34,13,14,38,11,81,83,83,81,83,82,84,83,14,11,10,2033,,https://www.maddenratings.com/kelvin-banks-jr
New Orleans Saints,Taliese Fuaga,RT,Right Tackle,75,Power,77,24,"April 5, 2002",United States,Oregon State,3,2024,14,New Orleans Saints,68,73,93,63,74,78,92,87,94,14,5,9,7,6,7,6,22,21,18,12,8,5,12,33,24,44,50,15,44,12,13,15,39,35,10,42,15,15,9,9,46,10,82,73,88,83,80,78,66,85,34,31,10,2064,,https://www.maddenratings.com/taliese-fuaga
New Orleans Saints,Tyler Shough,QB,Quarterback,6,Field General,77,26,"September 28, 1999",United States,Louisville,2,2025,40,New Orleans Saints,87,86,56,77,73,73,81,82,82,92,76,88,91,78,85,83,36,25,27,24,20,19,27,67,66,40,75,75,38,52,54,64,16,20,21,24,29,32,25,47,15,21,11,21,23,15,14,17,18,20,30,16,27,2461,,https://www.maddenratings.com/tyler-shough
New Orleans Saints,Cesar Ruiz,RG,Right Guard,51,Power,76,27,"June 14, 1999",United States,Michigan,7,2020,24,New Orleans Saints,76,74,87,54,84,80,91,89,90,25,11,6,6,6,6,6,22,15,15,15,5,5,15,26,9,25,56,15,10,10,10,12,27,10,10,17,23,10,12,12,25,10,74,79,84,77,72,81,76,81,11,11,10,1868,,https://www.maddenratings.com/cesar-ruiz
New Orleans Saints,Jordyn Tyson,,,,Deep Threat,76,21,"August 12, 2004",United States,Arizona St.,,2026,8,New Orleans Saints,90,92,73,90,71,95,80,87,82,50,34,40,35,33,41,30,83,85,82,76,79,80,79,71,78,57,89,81,69,73,81,37,34,28,23,30,34,26,26,22,32,25,52,42,51,39,35,42,40,33,27,25,62,2951,,https://www.maddenratings.com/jordyn-tyson
New Orleans Saints,Kool-Aid McKinstry,CB,Cornerback,1,Man to Man,76,23,"September 30, 2002",United States,Alabama,3,2024,41,New Orleans Saints,90,92,53,91,72,83,92,94,85,25,11,20,15,14,8,10,67,66,58,31,25,22,27,55,67,26,87,66,44,70,73,21,67,29,39,50,75,68,77,78,59,79,21,15,44,14,12,10,9,15,13,11,83,2528,,https://www.maddenratings.com/kool-aid-mckinstry
New Orleans Saints,Kendre Miller,HB,Halfback,5,Elusive Back,76,24,"June 11, 2002",United States,TCU,4,2023,71,New Orleans Saints,90,90,75,84,79,84,87,81,89,36,20,34,26,21,27,18,64,48,47,53,44,38,43,89,82,82,83,82,76,75,85,24,57,40,34,55,58,49,33,38,62,48,36,49,35,24,31,27,34,30,18,15,72,2801,,https://www.maddenratings.com/kendre-miller
New Orleans Saints,Beanie Bishop Jr,CB,Cornerback,22,,75,26,"December 17, 1999",United States,West Virginia,3,,,,92,94,68,84,70,83,92,86,79,35,15,6,6,6,6,6,76,72,69,22,19,17,19,63,54,25,89,63,23,60,65,19,69,29,35,51,76,68,75,71,58,73,35,30,49,24,21,20,18,17,14,13,47,2476,,https://www.maddenratings.com/beanie-bishop-jr
New Orleans Saints,Bryan Bresee,DT,Defensive Tackle,90,Power Rusher,75,24,"October 6, 2001",United States,Clemson,4,2023,29,New Orleans Saints,78,85,88,70,77,72,85,80,90,22,15,13,10,7,6,6,47,43,41,10,5,3,12,44,35,50,68,41,47,30,38,13,78,79,64,73,79,75,24,28,84,20,45,40,87,45,45,40,40,44,24,23,10,2378,,https://www.maddenratings.com/bryan-bresee
New Orleans Saints,Christen Miller,DT,Defensive Tackle,52,,75,22,"August 5, 2004",,Georgia,,,,,68,76,88,61,78,75,82,74,87,25,10,6,6,6,6,6,51,36,36,16,14,2,24,45,11,42,57,36,43,36,36,12,82,75,70,78,79,76,24,21,81,25,45,45,88,45,45,45,45,21,15,15,10,2281,,https://www.maddenratings.com/christen-miller
New Orleans Saints,Martin Emerson,CB,Cornerback,47,Zone,75,25,"September 27, 2000",United States,Mississippi St.,5,2022,68,Cleveland Browns,88,91,65,86,77,84,89,90,83,26,11,16,13,8,15,6,67,55,50,35,32,28,36,60,52,35,86,61,38,62,70,17,52,31,39,45,73,78,70,79,59,85,35,35,49,35,35,35,35,19,19,13,42,2595,,https://www.maddenratings.com/martin-emerson
New Orleans Saints,Pete Werner,MIKE,Mike Backer,20,Field General,75,28,"June 5, 1998",United States,Ohio State,6,2021,60,New Orleans Saints,84,88,72,80,77,89,88,88,82,30,15,6,6,6,6,6,62,48,42,10,5,5,20,55,15,47,72,35,39,30,22,12,86,61,54,73,86,75,66,62,82,53,45,45,72,45,45,45,45,14,20,20,10,2446,,https://www.maddenratings.com/pete-werner
New Orleans Saints,Ryan Wright,P,Punter,17,Power,75,26,"June 1, 2000",United States,Tulane,5,,,,80,83,62,64,61,80,90,84,81,48,14,45,40,35,24,25,31,24,21,15,11,7,15,45,29,36,58,35,30,24,34,21,39,10,10,23,32,23,10,10,44,10,7,16,25,9,9,8,8,15,92,83,10,1845,,https://www.maddenratings.com/ryan-wright
New Orleans Saints,Devaughn Vele,WR,Wide Receiver,14,Slot,74,28,"December 15, 1997",United States,Utah,3,2024,235,Denver Broncos,90,90,58,83,76,86,84,80,79,49,31,37,30,23,37,24,88,83,85,76,75,73,71,71,69,41,80,76,49,68,74,28,33,10,10,32,35,25,20,27,28,25,40,28,37,15,21,20,27,26,20,20,80,2643,,https://www.maddenratings.com/devaughn-vele
New Orleans Saints,Jordan Howden,FS,Free Safety,31,Zone,74,26,"May 14, 2000",United States,Minnesota,4,2023,146,New Orleans Saints,89,93,58,88,71,93,92,90,87,27,9,6,6,6,6,6,65,60,57,40,37,30,32,55,51,48,84,67,50,63,68,12,74,41,35,52,73,69,69,74,84,65,30,30,51,35,35,30,30,23,10,9,60,2625,,https://www.maddenratings.com/jordan-howden
New Orleans Saints,Nathan Shepherd,DT,Defensive Tackle,93,,74,32,"October 9, 1993",Canada,Fort Hays State,9,2018,72,New York Jets,72,72,90,69,75,76,90,77,89,30,17,6,6,6,6,6,33,27,28,10,5,3,12,36,24,49,60,33,46,34,34,12,82,69,77,74,78,77,21,27,78,13,45,45,86,45,45,45,45,18,16,12,10,2241,,https://www.maddenratings.com/nathan-shepherd
New Orleans Saints,Ja’Lynn Polk,WR,Wide Receiver,13,Deep Threat,73,24,"April 11, 2002",United States,Washington,3,2024,37,New England Patriots,89,90,62,89,72,88,88,83,83,27,22,25,20,15,23,10,83,82,82,74,77,75,74,75,71,46,87,78,48,73,78,22,30,10,10,30,28,20,11,22,23,10,48,32,47,36,29,20,19,32,17,12,46,2543,,https://www.maddenratings.com/jalynn-polk
New Orleans Saints,Noah Fant,TE,Tight End,87,Vertical Threat,73,28,"November 20, 1997",United States,Iowa,8,2019,20,Denver Broncos,87,90,72,86,67,87,90,87,82,28,14,20,15,10,10,10,84,81,77,68,64,61,71,76,67,64,75,80,62,64,72,18,41,16,19,38,38,28,16,22,26,19,59,59,60,56,59,56,58,47,17,12,10,2695,,https://www.maddenratings.com/noah-fant
New Orleans Saints,Quincy Riley,CB,Cornerback,29,Man to Man,73,25,"May 26, 2001",United States,Louisville,2,2025,131,New Orleans Saints,90,90,64,90,73,85,86,89,85,28,29,20,12,12,25,27,77,71,65,32,33,30,33,66,45,33,85,74,35,66,72,28,48,32,32,44,72,70,76,75,56,73,35,35,48,25,35,25,35,26,22,17,75,2706,,https://www.maddenratings.com/quincy-riley
New Orleans Saints,Tyree Wilson,LEDG,Left Edge,98,Power Rusher,73,26,"May 20, 2000",United States,Texas Tech,4,2023,7,Las Vegas Raiders,81,87,85,76,71,82,87,75,90,22,17,6,6,6,6,6,49,47,44,10,8,5,12,45,26,48,70,38,62,32,40,12,81,74,61,74,80,71,35,45,87,44,45,40,82,45,45,40,40,33,15,17,10,2415,,https://www.maddenratings.com/tyree-wilson
New Orleans Saints,Dillon Radunz,LG,Left Guard,77,Agile,72,28,"March 28, 1998",United States,North Dakota St.,6,2021,53,Tennessee Titans,69,72,84,74,81,78,84,83,94,19,14,6,6,6,6,6,28,15,25,15,5,5,20,29,8,25,56,16,21,11,19,11,31,25,20,32,29,18,13,15,35,15,76,73,86,74,78,75,71,79,18,18,10,1982,,https://www.maddenratings.com/dillon-radunz
New Orleans Saints,Devin Neal,HB,Halfback,24,Elusive Back,72,22,"August 12, 2003",United States,Kansas,2,2025,184,New Orleans Saints,87,89,71,81,69,89,93,90,89,45,31,36,29,23,34,28,68,53,54,60,55,49,53,91,79,74,84,83,67,79,83,31,40,28,30,34,40,36,26,30,36,25,40,49,42,30,31,43,42,38,23,18,68,2796,,https://www.maddenratings.com/devin-neal
New Orleans Saints,Isaac Yiadom,CB,Cornerback,27,Zone,72,30,"February 20, 1996",United States,Boston College,9,2018,99,Denver Broncos,88,89,54,84,74,83,86,86,76,22,13,6,6,6,6,6,66,61,55,31,26,20,38,61,51,32,85,56,37,64,70,15,56,28,40,53,73,74,71,76,73,77,35,35,59,35,35,35,35,19,19,12,40,2533,,https://www.maddenratings.com/isaac-yiadom
New Orleans Saints,Ty Chandler,HB,Halfback,32,Elusive Back,72,28,"May 12, 1998",United States,North Carolina,5,2022,169,Minnesota Vikings,92,95,65,80,76,77,91,87,88,28,14,25,20,15,16,18,67,57,56,64,57,51,51,90,78,76,78,80,69,71,79,19,32,10,10,25,35,11,11,18,26,10,46,45,36,25,32,30,35,41,22,17,76,2523,,https://www.maddenratings.com/ty-chandler
New Orleans Saints,Jeremiah Wright,RG,Right Guard,65,Agile,71,24,"September 5, 2001",,Auburn,,,,,61,64,87,64,73,68,89,80,84,18,12,6,6,6,6,6,26,28,16,19,5,5,13,23,10,26,58,14,10,10,10,15,38,30,31,28,34,25,15,18,29,10,74,76,83,73,75,71,75,82,21,26,10,1942,,https://www.maddenratings.com/jeremiah-wright
New Orleans Saints,Terrell Burgess,FS,Free Safety,26,Hybrid,71,27,"November 12, 1998",United States,Utah,7,2020,104,Los Angeles Rams,88,88,62,87,72,81,88,87,88,35,11,6,6,6,6,6,64,60,55,43,36,30,35,62,44,33,86,65,39,67,74,11,68,40,50,56,74,69,72,68,71,71,35,35,58,35,35,35,35,15,20,20,65,2648,,https://www.maddenratings.com/terrell-burgess
New Orleans Saints,Trey Palmer,WR,Wide Receiver,10,Deep Threat,71,25,"April 2, 2001",United States,Nebraska,4,2023,191,Tampa Bay Buccaneers,95,92,54,80,71,79,89,81,88,25,18,15,10,6,10,6,83,79,78,73,74,76,71,72,71,45,86,81,49,66,73,21,46,13,20,36,46,31,33,39,40,37,54,30,47,26,32,22,25,28,18,15,77,2632,,https://www.maddenratings.com/trey-palmer
New Orleans Saints,Spencer Rattler,QB,Quarterback,2,,71,25,"September 28, 2000",United States,South Carolina,3,2024,150,New Orleans Saints,83,85,56,77,61,78,90,84,88,90,81,86,81,75,83,71,39,18,18,23,16,10,18,60,44,31,78,73,39,55,62,79,19,10,10,21,26,15,10,14,15,10,16,14,18,14,10,13,15,10,20,20,10,2242,,https://www.maddenratings.com/spencer-rattler
New Orleans Saints,Audric Estime,HB,Halfback,30,Elusive Back,70,22,"September 6, 2003",United States,Notre Dame,3,2024,147,Denver Broncos,87,90,75,85,77,88,93,83,91,25,17,20,15,10,23,16,67,60,59,56,49,42,45,86,79,79,81,79,75,72,78,26,35,16,11,32,37,18,10,20,29,18,34,51,37,29,35,39,36,33,17,12,65,2542,,https://www.maddenratings.com/audric-estime
New Orleans Saints,Bryce Lance,WR,Wide Receiver,18,Deep Threat,70,23,"August 20, 2002",,North Dakota St.,,,,,94,95,69,83,59,94,90,86,89,38,25,27,22,18,25,24,80,79,80,70,73,76,72,73,73,53,85,77,61,68,75,26,47,28,31,42,44,39,35,41,43,36,51,26,40,25,28,19,22,29,22,17,63,2787,,https://www.maddenratings.com/bryce-lance
New Orleans Saints,Bub Means,WR,Wide Receiver,16,,70,25,"January 10, 2001",United States,Pittsburgh,3,2024,170,New Orleans Saints,91,92,67,81,74,90,88,81,82,40,16,20,15,15,15,6,82,81,80,73,71,70,68,69,73,54,80,78,58,70,80,25,36,10,10,32,33,21,20,29,34,15,44,35,47,30,37,23,31,32,19,15,32,2570,,https://www.maddenratings.com/bub-means
New Orleans Saints,Danny Stutsman,MIKE,Mike Backer,28,,70,23,"March 10, 2003",United States,Oklahoma,2,2025,112,New Orleans Saints,87,90,74,79,70,79,87,87,87,23,11,6,6,6,6,6,67,61,59,35,32,29,34,63,41,45,77,53,47,51,57,25,82,56,59,70,82,67,55,61,80,45,45,45,73,45,45,45,45,25,23,20,10,2658,,https://www.maddenratings.com/danny-stutsman
New Orleans Saints,Khristian Boyd,DT,Defensive Tackle,97,,70,26,"February 23, 2000",United States,Northern Iowa,3,2024,199,New Orleans Saints,63,69,88,55,67,71,88,83,89,29,10,6,6,6,6,6,30,12,10,15,10,6,12,40,10,28,50,10,32,10,10,12,82,69,67,76,76,68,12,20,80,10,45,47,86,45,45,45,45,25,26,21,15,2044,,https://www.maddenratings.com/khristian-boyd
New Orleans Saints,Mason Tipton,WR,Wide Receiver,15,,70,25,"September 27, 2000",United States,Yale,3,,,,94,92,59,82,68,88,93,84,86,35,22,33,27,23,31,30,80,78,76,72,73,74,68,74,75,47,86,79,56,65,77,27,30,10,10,33,37,18,17,21,31,17,43,35,48,26,28,27,25,30,18,12,78,2648,,https://www.maddenratings.com/mason-tipton
New Orleans Saints,Barion Brown,WR,Wide Receiver,19,,69,22,"December 12, 2003",,LSU,,,,,92,91,56,87,65,82,88,86,85,30,18,28,23,19,21,24,76,82,76,68,70,72,68,69,71,43,85,80,52,72,79,22,26,20,22,23,24,26,17,18,24,19,45,25,37,21,23,25,20,27,27,24,85,2558,,https://www.maddenratings.com/barion-brown
New Orleans Saints,Chris Rumph II,REDG,Right Edge,58,Smaller Speed Rusher,69,27,"October 19, 1998",United States,Duke,6,,,,80,87,74,79,63,80,89,79,81,26,12,6,6,6,6,6,36,24,25,15,9,7,23,40,17,25,73,27,27,35,37,12,80,60,73,73,79,60,37,47,77,33,45,45,75,45,45,45,45,19,15,16,10,2236,,https://www.maddenratings.com/chris-rumph-ii
New Orleans Saints,Ronnie Bell,WR,Wide Receiver,11,,69,26,"January 28, 2000",United States,Michigan,4,2023,253,San Francisco 49ers,88,90,58,90,62,91,84,81,81,47,26,30,26,21,32,22,81,83,77,73,71,70,66,70,76,54,90,79,47,72,74,31,26,10,10,26,31,14,13,18,25,12,51,33,46,21,22,20,22,31,18,12,68,2572,,https://www.maddenratings.com/ronnie-bell
New Orleans Saints,Fadil Diggs,LEDG,Left Edge,40,Smaller Speed Rusher,68,24,"October 15, 2001",United States,Syracuse,2,2025,254,New Orleans Saints,87,87,78,78,65,75,86,79,82,28,15,17,15,10,10,15,39,28,22,15,10,6,12,46,23,24,70,28,27,32,33,17,75,65,70,70,77,63,43,51,75,34,45,45,69,45,45,45,45,29,18,19,32,2319,,https://www.maddenratings.com/fadil-diggs
New Orleans Saints,Jalen Moreno-Cropper,WR,Wide Receiver,85,,68,25,"May 3, 2001",United States,Fresno State,4,,,,92,92,59,81,49,80,93,86,92,25,19,15,10,6,10,6,81,78,74,75,74,74,68,65,72,48,85,84,50,73,77,22,35,10,10,27,35,24,23,31,29,24,42,24,39,14,7,21,19,24,17,13,73,2456,,https://www.maddenratings.com/jalen-moreno-cropper
New Orleans Saints,Vernon Broughton,DT,Defensive Tackle,91,Power Rusher,68,25,"July 15, 2001",United States,Texas,2,2025,71,New Orleans Saints,72,80,86,63,69,72,87,76,87,13,12,12,7,7,11,13,51,50,46,45,42,38,44,62,36,46,59,46,42,33,41,17,76,74,69,74,72,68,9,15,82,15,45,45,86,45,45,45,45,25,26,23,28,2477,,https://www.maddenratings.com/vernon-broughton
New Orleans Saints,Jaylan Ford,MIKE,Mike Backer,53,,67,24,"November 28, 2001",United States,Texas,3,2024,175,New Orleans Saints,82,84,73,81,69,81,95,84,88,24,9,11,9,6,6,9,73,67,63,24,21,14,15,64,42,51,75,56,50,55,61,15,79,64,60,76,79,66,54,57,85,52,45,35,80,40,40,30,30,39,24,21,35,2648,,https://www.maddenratings.com/jaylan-ford
New Orleans Saints,Oscar Delp,TE,Tight End,88,Vertical Threat,67,23,"August 4, 2003",,Georgia,,,,,88,88,75,81,63,90,89,84,92,35,20,30,25,20,24,23,81,71,72,64,58,53,64,71,63,65,78,67,66,61,67,25,47,46,46,45,47,40,21,27,47,25,61,59,63,59,60,60,58,61,25,25,52,2927,,https://www.maddenratings.com/oscar-delp
New Orleans Saints,John Ridgeway,DT,Defensive Tackle,95,,66,27,"May 7, 1999",United States,Arkansas,5,2022,178,Dallas Cowboys,62,69,86,54,63,70,91,71,84,19,6,6,6,6,6,6,21,20,14,14,6,4,12,23,14,32,52,20,29,12,13,9,81,67,55,76,74,60,12,14,80,10,45,45,88,45,45,45,45,31,12,10,10,1950,,https://www.maddenratings.com/john-ridgeway
New Orleans Saints,Lorenzo Styles Jr.,SS,Strong Safety,36,Hybrid,66,23,"September 9, 2002",,Ohio State,,,,,97,95,54,90,58,90,87,87,83,25,10,6,6,6,6,6,65,67,64,43,41,36,37,59,55,36,89,68,35,64,72,17,55,34,36,44,69,59,67,65,59,68,35,35,44,35,35,35,35,19,15,13,60,2571,,https://www.maddenratings.com/lorenzo-styles-jr
New Orleans Saints,Myles Cole,DT,Defensive Tackle,57,,66,26,"April 29, 2000",United States,Texas Tech,3,2024,236,Jacksonville Jaguars,83,85,78,63,65,84,90,75,84,22,9,13,10,7,7,8,32,35,35,29,24,23,32,40,30,40,57,26,35,35,41,13,75,64,65,75,79,63,32,34,75,20,45,45,81,45,45,45,45,22,18,16,10,2309,,https://www.maddenratings.com/myles-cole
New Orleans Saints,Zach Wilson,QB,Quarterback,4,,66,27,"August 3, 1999",United States,BYU,6,2021,2,New York Jets,83,87,61,83,52,74,83,81,87,93,75,81,77,77,77,82,60,31,29,34,22,16,16,66,63,40,79,78,51,65,67,71,23,10,10,22,31,17,12,15,14,10,18,15,21,14,12,15,15,17,57,45,10,2444,,https://www.maddenratings.com/zach-wilson
New Orleans Saints,Rejzohn Wright,CB,Cornerback,25,Zone,65,25,"September 4, 2000",United States,Oregon State,4,,,,89,92,53,84,63,89,88,88,83,47,33,44,42,40,43,40,70,72,65,31,26,15,35,49,45,35,81,65,35,64,69,44,50,28,43,49,74,64,59,67,67,76,34,22,47,34,34,22,22,15,20,17,47,2710,,https://www.maddenratings.com/rejzohn-wright
New Orleans Saints,Asim Richards,RT,Right Tackle,72,Pass Protector,64,25,"October 2, 2000",United States,North Carolina,4,2023,169,Dallas Cowboys,67,73,87,59,73,72,93,88,78,21,13,6,6,6,6,6,52,54,50,42,40,35,44,57,40,43,51,47,46,35,39,12,45,46,35,45,49,46,11,12,51,10,64,72,83,64,64,72,73,71,12,12,10,2388,,https://www.maddenratings.com/asim-richards
New Orleans Saints,TJ Hall,CB,Cornerback,34,Man to Man,64,21,"August 26, 2004",,Iowa,,,,,86,88,56,79,61,86,84,88,82,29,21,28,25,22,23,24,62,64,60,41,40,34,29,58,56,34,88,67,34,68,70,16,56,34,41,46,69,60,67,69,57,73,35,35,45,35,35,35,35,14,18,16,59,2637,,https://www.maddenratings.com/tj-hall
New Orleans Saints,Nick Saldiveri,RG,Right Guard,64,Power,63,25,"August 14, 2000",United States,Old Dominion,3,2023,103,New Orleans Saints,65,78,84,61,68,76,92,87,82,26,10,7,6,5,6,7,24,16,22,16,16,16,14,21,23,31,61,24,25,16,22,12,27,34,23,32,25,18,11,11,38,10,65,70,83,65,65,71,69,73,13,12,10,1944,,https://www.maddenratings.com/nick-saldiveri
New Orleans Saints,Isaiah Stalbird,WILL,Weak Backer,44,Pass Coverage,63,26,"July 18, 2000",United States,S. Dakota St.,2,,,,89,95,66,76,57,89,87,88,85,25,10,6,6,6,6,6,59,45,45,22,20,18,18,56,34,42,83,42,41,42,49,12,78,47,50,59,81,55,57,64,76,49,45,45,72,45,45,45,45,20,19,19,10,2451,,https://www.maddenratings.com/isaiah-stalbird
New Orleans Saints,Kevin Austin Jr,WR,Wide Receiver,81,Deep Threat,62,26,"March 30, 2000",United States,Notre Dame,5,,,,91,94,67,90,48,92,85,82,86,32,21,15,10,6,10,6,75,75,76,66,65,63,72,71,65,38,85,73,49,64,69,23,38,11,11,34,39,42,38,35,42,43,46,40,48,23,18,21,19,30,23,22,50,2537,,https://www.maddenratings.com/kevin-austin-jr
New Orleans Saints,Moliki Matavao,TE,Tight End,80,Possession,62,23,"March 17, 2003",United States,UCLA,2,2025,248,New Orleans Saints,79,80,76,76,66,79,89,83,88,17,24,16,20,10,19,23,77,72,72,62,55,53,64,69,65,67,69,66,57,60,61,28,40,32,28,40,39,23,30,23,37,11,63,54,63,63,60,54,53,58,21,29,29,2692,,https://www.maddenratings.com/moliki-matavao
New Orleans Saints,Alan Herron,RT,Right Tackle,70,Power,61,23,"March 10, 2003",,Maryland,,,,,69,67,83,47,59,78,83,85,81,19,10,6,6,6,6,6,32,11,15,15,5,5,14,31,19,38,44,15,17,10,10,12,38,51,29,29,30,24,11,14,41,10,67,72,74,67,70,72,70,72,14,14,10,1883,,https://www.maddenratings.com/alan-herron
New Orleans Saints,Barry Wesley,LT,Left Tackle,69,Power,61,27,"July 14, 1999",United States,Colorado St.,2,,,,60,66,81,54,64,63,87,82,81,13,14,6,6,6,6,6,24,15,12,19,9,6,12,22,8,22,53,15,19,13,22,12,26,15,10,22,24,13,11,12,23,10,69,70,78,68,67,69,68,77,15,12,10,1747,,https://www.maddenratings.com/barry-wesley
New Orleans Saints,Xavier Truss,RT,Right Tackle,74,Power,61,25,"July 13, 2001",United States,Georgia,2,,,,64,68,88,57,57,66,86,80,84,14,12,6,6,6,6,6,23,13,13,11,5,5,11,21,9,31,47,11,17,10,10,13,27,16,10,27,22,15,11,12,23,10,69,68,78,69,66,68,65,77,14,12,10,1725,,https://www.maddenratings.com/xavier-truss
New Orleans Saints,Zaire Mitchell-Paden,TE,Tight End,84,Possession,60,26,"August 20, 1999",United States,FAU,,,,,76,81,75,75,63,83,87,80,82,24,10,15,10,6,10,6,74,74,72,62,57,50,62,70,53,63,69,63,59,50,59,18,37,11,12,33,34,23,17,19,33,15,60,56,63,57,59,58,55,56,20,15,14,2485,,https://www.maddenratings.com/zaire-mitchell-paden
New Orleans Saints,William Sherman,RG,Right Guard,66,Power,59,27,"May 27, 1999",United States,Colorado,6,,,,65,62,81,60,66,66,90,79,75,12,14,6,6,6,6,6,31,15,10,10,5,5,15,25,12,24,43,15,17,25,20,12,36,30,30,31,23,15,11,12,25,10,64,62,84,67,61,64,59,74,12,17,10,1781,,https://www.maddenratings.com/william-sherman
New Orleans Saints,Torricelli Simpkins III,C,Center,68,Power,58,24,"June 6, 2002",United States,South Carolina,2,,,,57,66,78,41,61,72,88,81,85,13,14,6,6,6,6,6,24,15,16,11,5,5,14,24,9,29,51,15,18,10,10,15,26,17,10,26,23,13,12,13,24,10,70,68,77,70,68,69,67,79,13,14,10,1736,,https://www.maddenratings.com/torricelli-simpkins-iii
New York Giants,Andrew Thomas,LT,Left Tackle,78,Pass Protector,93,27,"January 22, 1999",United States,Georgia,7,2020,4,New York Giants,68,64,90,63,91,78,83,91,86,23,14,6,6,6,6,6,46,42,20,29,14,10,19,33,8,33,57,17,27,11,22,12,31,10,10,27,24,13,12,15,30,10,86,94,93,85,87,96,93,86,24,22,10,2139,Pass Protector Blockers with this ability reduce a rusher's chances of using most quick pass block shed moves. Threat Detector Players with this ability will highlight any user defenders.,https://www.maddenratings.com/andrew-thomas
New York Giants,Brian Burns,,,,Smaller Speed Rusher,89,28,"April 23, 1998",United States,Florida State,8,2019,16,Carolina Panthers,88,90,76,86,93,85,93,91,87,24,10,6,6,6,6,6,48,34,28,15,10,5,17,41,21,28,71,33,32,39,42,12,88,75,89,79,88,90,45,56,80,22,45,45,78,45,45,45,45,13,15,17,10,2444,Max Effort Defenders with this ability will ignore one bar of blocker resistance when attempting pass rush moves with effort Adrenaline Rush Pass rushers with this ability will heal some of their fatigue after sacking the QB,https://www.maddenratings.com/brian-burns
New York Giants,Malik Nabers,WR,Wide Receiver,1,,86,23,"July 28, 2003",United States,LSU,3,2024,6,New York Giants,96,92,63,92,81,96,89,93,88,31,15,15,10,6,10,6,87,92,86,85,86,86,78,76,81,52,94,92,60,82,87,27,30,11,11,27,31,19,12,18,20,15,38,23,42,19,14,10,10,20,28,25,72,2629,"Mid Out Elite Receivers with this ability catch more consistently while catching passes less than 10-20 yards from the LoS, outside the numbers Mid In Elite Receivers with this ability catch more consistently while catching passes less than 10-20 yards from the LoS, inside the numbers",https://www.maddenratings.com/malik-nabers
New York Giants,D.J. Reader,DT,Defensive Tackle,98,,84,32,"July 1, 1994",United States,Clemson,11,2016,166,Houston Texans,70,61,95,57,89,73,82,82,84,24,18,6,6,6,6,6,29,16,14,13,5,3,15,30,10,29,53,18,25,17,16,12,86,77,64,85,87,91,18,26,80,13,45,44,88,46,45,44,45,35,17,17,9,2132,,https://www.maddenratings.com/dj-reader
New York Giants,Jevon Holland,FS,Free Safety,8,Hybrid,83,26,"March 3, 2000",Canada,Oregon,6,2021,36,Miami Dolphins,91,92,65,83,83,87,92,93,84,23,11,15,10,10,15,15,79,75,69,44,41,40,46,67,43,33,86,75,34,64,77,10,73,40,48,59,81,80,83,83,82,69,35,35,64,35,35,35,35,24,11,15,71,2845,,https://www.maddenratings.com/jevon-holland
New York Giants,Tremaine Edmunds,MIKE,Mike Backer,49,Field General,83,28,"May 2, 1998",United States,Virginia Tech,9,2018,16,Buffalo Bills,85,85,75,84,88,85,92,90,88,18,10,6,6,6,6,6,74,48,36,15,5,5,15,48,29,28,77,40,39,43,49,12,89,61,73,76,88,86,65,72,85,37,45,45,81,45,45,45,45,17,20,14,10,2537,,https://www.maddenratings.com/tremaine-edmunds
New York Giants,Patrick Ricard,FB,Fullback,45,Blocking,82,32,"May 27, 1994",United States,Maine,10,,,,72,75,88,71,81,81,84,86,90,23,17,6,6,6,6,6,70,40,45,54,43,35,42,68,56,68,60,64,69,58,62,12,79,74,66,72,72,74,53,58,79,36,72,70,79,62,58,54,49,99,17,17,9,2893,,https://www.maddenratings.com/patrick-ricard
New York Giants,Abdul Carter,REDG,Right Edge,3,Smaller Speed Rusher,81,22,"October 3, 2003",United States,Penn State,2,2025,3,New York Giants,88,91,80,86,82,86,87,85,93,22,27,18,18,18,16,25,43,33,33,20,15,10,23,46,39,44,77,52,45,45,53,25,76,79,83,79,83,80,50,55,77,44,40,45,84,40,40,45,45,20,23,20,25,2658,Quick Jump Players with this ability have a slightly reduced stamina cost and slightly longer perfect window for jumping snaps.,https://www.maddenratings.com/abdul-carter
New York Giants,Cam Skattebo,HB,Halfback,44,Power Back,81,24,"February 5, 2002",United States,Arizona St.,2,2025,105,New York Giants,85,90,83,87,77,92,92,94,95,63,50,58,55,52,59,51,72,57,56,63,55,52,61,90,89,95,85,84,82,73,82,57,45,32,35,40,47,18,19,22,43,17,50,57,51,33,34,46,42,47,66,58,83,3221,,https://www.maddenratings.com/cam-skattebo
New York Giants,Jermaine Eluemunor,RT,Right Tackle,72,Pass Protector,80,31,"December 13, 1994",United Kingdom,Texas AM,10,2017,159,Baltimore Ravens,68,61,92,56,82,71,88,88,84,24,10,6,6,6,6,6,27,17,20,17,7,5,12,22,12,36,47,18,28,15,25,12,33,10,10,15,26,10,12,12,37,10,78,85,82,79,77,87,84,76,25,25,10,1957,,https://www.maddenratings.com/jermaine-eluemunor
New York Giants,Arvell Reese,,,52,Run Stopper,79,20,"August 30, 2005",United States,Ohio State,,2026,5,New York Giants,90,92,80,85,80,87,88,87,85,24,10,6,6,6,6,6,65,43,37,23,18,13,17,55,37,47,79,43,47,52,59,16,83,73,72,74,87,79,54,65,86,50,45,64,71,60,52,42,46,26,14,16,14,2662,,https://www.maddenratings.com/arvell-reese
New York Giants,Greg Newsome II,CB,Cornerback,20,Man to Man,79,26,"May 18, 2000",United States,Northwestern,6,2021,26,Cleveland Browns,91,92,60,90,83,90,87,95,82,22,13,6,6,6,6,6,70,60,55,39,32,26,38,61,53,32,88,60,44,66,75,15,45,28,40,49,73,81,77,75,64,82,35,35,49,35,35,35,35,19,19,12,40,2612,,https://www.maddenratings.com/greg-newsome-ii
New York Giants,Paulson Adebo,CB,Cornerback,21,Zone,79,27,"July 3, 1999",United States,Stanford,6,2021,76,New Orleans Saints,92,91,64,91,77,87,91,91,85,30,16,6,6,6,6,6,77,70,61,37,34,28,38,63,51,41,87,71,33,66,70,10,72,37,44,50,73,76,73,78,61,87,35,35,44,35,35,35,35,15,32,31,46,2711,,https://www.maddenratings.com/paulson-adebo
New York Giants,Tyrone Tracy Jr.,HB,Halfback,29,Elusive Back,79,26,"November 23, 1999",United States,Purdue,3,2024,166,New York Giants,90,91,72,90,79,88,94,86,84,24,17,20,15,10,10,10,67,50,50,68,63,60,59,90,79,75,89,81,71,76,85,18,29,10,10,24,32,18,13,19,25,20,29,50,33,15,16,32,27,32,25,32,82,2534,,https://www.maddenratings.com/tyrone-tracy-jr
New York Giants,Darius Slayton,WR,Wide Receiver,18,Deep Threat,78,29,"January 12, 1997",United States,Auburn,8,2019,171,New York Giants,93,91,57,84,85,92,87,88,84,24,17,15,10,6,10,6,81,86,80,78,77,81,80,72,73,36,87,85,63,75,79,18,30,15,19,28,35,24,23,26,21,10,39,27,39,13,9,10,10,21,17,13,72,2501,,https://www.maddenratings.com/darius-slayton
New York Giants,Francis Mauigoa,,,65,Power,78,21,"June 4, 2005",American Samoa,Miami,,2026,10,New York Giants,68,72,91,59,78,72,87,88,88,17,12,6,6,6,6,6,23,15,15,18,5,5,15,23,14,24,61,14,12,10,10,12,45,41,40,32,45,24,13,15,46,10,79,82,86,79,77,84,76,81,10,12,10,2025,,https://www.maddenratings.com/francis-mauigoa
New York Giants,Andru Phillips,CB,Cornerback,22,,78,24,"November 30, 2001",United States,Kentucky,3,2024,70,New York Giants,90,91,62,90,78,95,89,87,90,25,11,26,25,22,22,14,59,51,51,34,29,21,32,55,63,35,88,62,35,67,72,26,68,33,40,57,76,80,77,77,66,77,30,26,52,25,24,14,15,21,26,27,60,2668,,https://www.maddenratings.com/andru-phillips
New York Giants,Kayvon Thibodeaux,REDG,Right Edge,5,Power Rusher,78,25,"December 15, 2000",United States,Oregon,5,2022,5,New York Giants,88,89,81,84,77,87,90,84,85,22,13,10,6,6,6,6,46,40,38,26,23,19,30,48,23,34,72,37,36,31,38,17,80,78,73,78,85,76,51,58,83,43,45,45,85,45,45,45,45,21,15,17,10,2515,,https://www.maddenratings.com/kayvon-thibodeaux
New York Giants,Jaxson Dart,QB,Quarterback,6,,77,23,"May 13, 2003",United States,Ole Miss,2,2025,25,New York Giants,84,88,63,82,77,74,92,90,93,88,81,89,86,79,85,85,44,21,25,23,20,20,25,64,80,57,82,90,48,67,79,84,25,16,18,15,19,28,8,9,24,9,30,25,26,31,30,32,30,26,27,30,30,2653,,https://www.maddenratings.com/jaxson-dart
New York Giants,Shelby Harris,DT,Defensive Tackle,93,,77,34,"August 11, 1991",United States,Illinois St.,13,2014,235,Las Vegas Raiders,74,75,85,65,78,78,90,77,75,24,12,6,6,6,6,6,42,12,10,10,3,2,12,46,10,32,57,25,35,10,10,12,87,63,75,79,80,80,20,25,78,10,45,45,87,45,45,45,45,15,19,21,10,2110,,https://www.maddenratings.com/shelby-harris
New York Giants,Theo Johnson,TE,Tight End,84,Vertical Threat,77,25,"February 26, 2001",United States,Penn State,3,2024,107,New York Giants,87,90,75,79,82,90,90,91,89,29,13,27,15,10,14,6,81,80,83,69,65,61,70,76,67,69,76,75,70,61,69,22,31,20,20,27,31,15,12,14,15,10,62,60,65,59,60,59,58,59,18,12,6,2694,,https://www.maddenratings.com/theo-johnson
New York Giants,Calvin Austin,WR,Wide Receiver,82,,76,27,"March 24, 1999",United States,Memphis,5,2022,138,Pittsburgh Steelers,94,96,53,91,75,90,89,84,83,35,28,35,28,19,28,25,82,78,78,74,75,76,66,72,71,34,92,84,44,74,80,25,32,10,10,30,41,30,22,33,28,21,45,26,39,12,19,19,15,20,20,17,81,2628,,https://www.maddenratings.com/calvin-austin
New York Giants,Darnell Mooney,WR,Wide Receiver,17,Deep Threat,76,28,"October 29, 1997",United States,Tulane,7,2020,173,Chicago Bears,90,91,58,83,77,88,88,91,80,23,20,10,10,10,10,10,81,88,83,79,79,78,82,73,76,35,85,84,37,76,84,23,30,10,10,28,34,27,20,28,27,24,55,26,46,34,25,13,15,30,17,15,60,2556,,https://www.maddenratings.com/darnell-mooney
New York Giants,Jordan Stout,P,Punter,15,Power,76,28,"August 4, 1998",United States,Penn State,5,2022,130,Baltimore Ravens,83,88,45,66,62,63,89,86,76,34,17,27,23,18,19,15,27,15,15,15,15,15,15,34,9,10,57,21,15,24,32,18,27,10,10,21,24,17,10,10,19,10,14,17,16,16,16,17,17,15,94,79,10,1617,,https://www.maddenratings.com/jordan-stout
New York Giants,Micah McFadden,WILL,Weak Backer,41,Run Stopper,76,26,"January 3, 2000",United States,Indiana,5,2022,146,New York Giants,84,90,72,83,77,84,88,89,87,22,12,6,6,6,6,6,63,39,37,23,14,8,12,50,33,35,75,47,40,37,47,16,80,64,59,74,86,79,64,67,83,41,45,45,88,45,45,45,45,21,16,16,10,2512,,https://www.maddenratings.com/micah-mcfadden
New York Giants,Ar&#8217;Darius Washington,CB,Cornerback,24,,75,26,"November 2, 1999",United States,TCU,6,,,,84,86,57,80,83,89,85,86,85,27,10,24,20,15,21,15,71,71,63,30,25,15,12,59,50,30,84,67,33,68,73,15,68,25,30,48,82,84,77,81,74,62,35,35,52,35,35,35,35,10,10,11,40,2597,,https://www.maddenratings.com/ardarius-washington
New York Giants,Colton Hood,,,12,Man to Man,75,21,"February 23, 2005",United States,Tennessee,,,,,91,93,57,89,74,94,88,86,85,26,16,18,15,12,13,14,71,62,66,42,39,36,34,64,57,33,87,65,36,64,70,15,66,35,43,50,74,74,73,68,65,73,35,35,49,35,35,35,35,16,17,15,54,2694,,https://www.maddenratings.com/colton-hood
New York Giants,Devin Singletary,HB,Halfback,26,Elusive Back,75,28,"September 3, 1997",United States,FAU,8,2019,74,Buffalo Bills,86,88,70,88,77,84,94,92,90,24,12,21,15,12,14,17,70,48,51,60,54,47,50,86,80,78,89,83,79,76,86,27,37,10,10,25,37,12,13,15,21,15,31,63,41,24,21,38,35,34,14,10,73,2527,,https://www.maddenratings.com/devin-singletary
New York Giants,Deonte Banks,CB,Cornerback,2,Man to Man,75,25,"March 3, 2001",United States,Maryland,4,2023,24,New York Giants,94,97,60,90,70,96,89,91,85,25,14,17,14,12,19,6,66,61,57,39,36,32,41,55,64,48,91,67,53,69,77,20,65,33,41,55,72,67,69,71,69,76,34,29,51,34,34,29,29,24,16,17,80,2750,,https://www.maddenratings.com/deonte-banks
New York Giants,Isaiah Likely,TE,Tight End,9,Vertical Threat,75,26,"April 18, 2000",United States,Coastal Carolina,5,2022,139,Baltimore Ravens,84,86,66,81,61,86,90,87,88,24,13,21,15,11,24,15,89,81,79,73,68,66,74,73,68,67,76,82,74,70,78,28,36,20,30,33,36,36,25,30,31,34,64,53,54,60,63,49,52,54,18,12,35,2823,,https://www.maddenratings.com/isaiah-likely
New York Giants,JuJu Smith-Schuster,WR,Wide Receiver,8,,75,29,"November 22, 1996",United States,USC,10,2017,62,Pittsburgh Steelers,87,89,72,84,78,91,86,89,91,34,21,24,18,14,28,18,87,85,83,74,73,70,77,73,79,74,81,84,83,71,80,22,43,15,21,28,50,15,37,45,41,26,48,46,64,34,32,34,30,44,24,17,77,2891,,https://www.maddenratings.com/juju-smith-schuster
New York Giants,Tyler Nubin,SS,Strong Safety,27,Run Support,75,25,"November 1, 2000",United States,Minnesota,3,2024,47,New York Giants,87,85,62,82,80,77,92,90,89,25,5,10,8,7,7,10,77,72,68,15,15,13,21,63,61,55,83,67,45,64,68,19,68,48,49,69,75,81,73,76,85,72,45,40,76,41,41,36,37,45,20,20,45,2764,,https://www.maddenratings.com/tyler-nubin
New York Giants,Daniel Faalele,RG,Right Guard,77,Power,74,26,"November 9, 1999",Australia,Minnesota,5,2022,110,Baltimore Ravens,57,47,90,39,77,73,88,84,74,29,15,15,12,9,6,6,34,30,33,24,16,10,15,44,37,45,39,38,55,21,23,17,44,15,13,35,32,16,7,7,48,10,77,77,86,81,74,80,74,74,21,15,10,2098,,https://www.maddenratings.com/daniel-faalele
New York Giants,Jon Runyan,LG,Left Guard,76,Agile,74,28,"August 8, 1997",United States,Michigan,7,,,,71,69,87,63,84,75,92,90,88,25,14,6,6,6,6,6,36,15,22,17,12,5,18,29,17,27,57,12,26,15,19,12,30,24,16,22,30,26,12,15,22,10,76,76,83,75,77,75,77,77,17,12,10,1989,,https://www.maddenratings.com/jon-runyan
New York Giants,Chauncey Golston,REDG,Right Edge,57,,73,28,"February 10, 1998",United States,Iowa,6,2021,84,Dallas Cowboys,78,85,81,70,74,84,91,81,86,23,14,6,6,6,6,6,65,51,49,30,10,6,14,49,31,37,63,38,34,32,33,12,82,75,68,77,79,76,28,39,79,23,45,45,81,45,45,45,45,15,10,10,10,2373,,https://www.maddenratings.com/chauncey-golston
New York Giants,Evan Neal,RG,Right Guard,73,Power,73,25,"September 19, 2000",United States,Alabama,5,2022,7,New York Giants,75,78,91,61,63,84,92,86,83,26,10,6,6,6,6,6,30,24,19,14,8,5,12,29,24,35,54,29,39,29,32,16,35,30,33,34,31,30,10,12,39,10,79,68,87,81,77,75,62,79,18,17,10,2095,,https://www.maddenratings.com/evan-neal
New York Giants,Jason Pinnock,SS,Strong Safety,25,Hybrid,73,27,"June 30, 1999",United States,Pittsburgh,6,2021,175,New York Jets,90,93,61,86,74,93,89,89,87,35,10,6,6,6,6,6,72,69,61,47,44,40,51,56,51,41,86,69,47,65,72,12,64,33,37,52,68,73,68,73,61,73,39,35,55,39,39,35,35,28,20,20,60,2727,,https://www.maddenratings.com/jason-pinnock
New York Giants,John Michael Schmitz,C,Center,61,Power,73,27,"March 19, 1999",United States,Minnesota,4,2023,57,New York Giants,61,72,84,57,80,73,92,87,91,26,15,28,24,18,20,15,35,31,29,10,8,5,15,33,30,30,57,32,32,15,20,19,35,26,25,28,34,15,10,10,39,10,79,76,79,77,81,78,75,85,19,15,15,2155,,https://www.maddenratings.com/john-michael-schmitz
New York Giants,Malachi Fields,,,,Deep Threat,73,22,"August 26, 2003",,Notre Dame,,,,,87,88,73,85,78,92,88,89,87,64,37,56,44,42,49,31,83,84,81,75,76,75,77,69,77,61,81,81,70,69,76,37,25,17,18,22,26,25,21,24,29,24,53,33,48,32,29,24,22,35,27,27,71,2894,,https://www.maddenratings.com/malachi-fields
New York Giants,Braxton Berrios,WR,Wide Receiver,87,Slot,72,30,"October 6, 1995",United States,Miami,9,2018,210,New England Patriots,90,88,55,89,72,86,89,86,77,19,20,15,10,6,10,6,84,76,79,77,75,72,68,72,71,34,85,81,39,73,79,27,25,10,10,29,34,18,18,25,15,10,36,34,39,14,7,16,16,21,18,13,81,2399,,https://www.maddenratings.com/braxton-berrios
New York Giants,Darius Alexander,DT,Defensive Tackle,91,,72,25,"August 26, 2000",United States,Toledo,2,2025,65,New York Giants,74,79,86,73,68,78,89,86,89,22,7,9,6,6,10,10,50,44,34,16,13,10,14,50,37,42,63,49,49,31,39,13,77,78,74,81,75,68,31,37,76,17,45,45,85,45,45,45,45,24,23,21,26,2409,,https://www.maddenratings.com/darius-alexander
New York Giants,Lucas Patrick,LG,Left Guard,62,Agile,72,33,"July 30, 1993",United States,Duke,11,,,,69,80,84,59,72,72,87,87,86,21,13,6,6,6,6,6,24,16,20,13,5,5,12,26,8,31,50,18,29,12,17,12,34,10,10,20,23,14,12,12,35,10,76,76,80,74,78,75,77,82,16,21,14,1907,,https://www.maddenratings.com/lucas-patrick
New York Giants,Roy Robertson-Harris,DT,Defensive Tackle,95,,72,33,"July 23, 1993",United States,UTEP,11,,,,76,71,82,70,87,84,84,79,85,34,12,6,6,6,6,6,40,15,10,10,3,2,12,21,16,46,61,25,54,25,25,12,77,73,65,75,78,85,30,45,76,28,45,45,79,45,45,45,45,10,30,30,10,2232,,https://www.maddenratings.com/roy-robertson-harris
New York Giants,Chris Manhertz,TE,Tight End,85,Blocking,71,34,"April 10, 1992",United States,Canisius,12,,,,78,83,77,81,68,84,95,83,79,30,10,6,6,6,6,6,72,73,72,57,52,47,62,65,59,63,73,61,66,69,66,19,33,17,17,29,37,22,14,21,27,17,72,66,69,72,70,66,61,73,21,19,18,2615,,https://www.maddenratings.com/chris-manhertz
New York Giants,Isaiah Hodgins,WR,Wide Receiver,89,Slot,71,27,"October 21, 1998",United States,Oregon State,7,2020,207,Buffalo Bills,86,88,60,83,74,86,87,87,80,26,17,20,15,15,15,6,86,83,84,73,74,71,71,75,70,45,85,77,65,64,73,21,38,10,10,36,42,29,24,34,30,27,50,33,45,31,21,20,17,30,19,15,48,2571,,https://www.maddenratings.com/isaiah-hodgins
New York Giants,Jameis Winston,QB,Quarterback,19,Strong Arm,71,32,"January 6, 1994",United States,Florida State,12,2015,1,Tampa Bay Buccaneers,76,71,72,75,66,75,87,87,95,90,77,85,82,80,82,80,54,20,15,31,16,12,15,59,71,64,72,76,76,72,66,86,45,10,10,45,50,19,12,13,28,10,37,15,20,30,27,15,15,33,30,26,10,2585,,https://www.maddenratings.com/jameis-winston
New York Giants,Xavier Gipson,WR,Wide Receiver,88,,71,25,"March 8, 2001",United States,Stephen F. Austin,4,,,,92,94,56,87,64,83,86,84,82,34,15,15,10,6,10,6,81,79,78,71,72,73,66,72,72,53,92,78,48,73,79,21,39,10,10,38,37,25,21,27,35,30,44,26,46,18,22,21,20,30,16,11,81,2539,,https://www.maddenratings.com/xavier-gipson
New York Giants,Ben Sauls,K,Kicker,30,Power,70,25,"July 31, 2001",United States,Pittsburgh,2,,,,73,73,46,60,53,47,85,84,62,24,18,31,28,25,18,12,19,14,10,10,10,10,11,26,10,12,52,10,36,22,35,17,20,10,10,13,24,14,11,13,16,16,12,10,17,24,12,10,12,14,93,77,10,1481,,https://www.maddenratings.com/ben-sauls
New York Giants,Darius Muasau,WILL,Weak Backer,53,Pass Coverage,70,25,"February 10, 2001",United States,UCLA,3,2024,183,New York Giants,82,88,63,76,75,87,93,82,80,21,10,13,11,6,11,7,70,62,58,23,13,7,15,58,37,41,75,54,38,56,63,21,80,54,67,66,81,73,60,70,82,54,40,35,65,35,35,30,30,25,34,31,35,2578,,https://www.maddenratings.com/darius-muasau
New York Giants,Jalin Hyatt,WR,Wide Receiver,13,Deep Threat,70,24,"September 25, 2001",United States,Tennessee,4,2023,73,New York Giants,94,95,57,84,64,90,89,82,83,25,19,15,10,6,10,6,82,77,75,72,73,76,70,75,69,35,83,83,40,66,76,18,17,10,10,20,25,15,10,10,17,10,47,28,38,15,22,13,18,21,19,19,40,2323,,https://www.maddenratings.com/jalin-hyatt
New York Giants,Leki Fotu,DT,Defensive Tackle,90,,70,27,"August 23, 1998",United States,Utah,7,2020,114,Arizona Cardinals,71,67,88,60,73,74,89,82,91,19,10,6,6,6,6,6,36,22,23,18,14,12,12,42,27,46,53,33,31,19,23,12,78,68,55,74,76,74,13,24,82,14,45,45,89,45,45,45,45,43,15,15,40,2207,,https://www.maddenratings.com/leki-fotu
New York Giants,Aaron Stinnie,LG,Left Guard,64,Pass Protector,69,32,"February 18, 1994",United States,J. Madison,9,,,,69,61,83,60,82,68,83,82,86,21,10,6,6,6,6,6,35,12,10,10,5,5,12,20,5,15,49,10,10,10,10,12,29,10,10,20,23,10,12,12,12,10,71,75,77,75,67,71,79,79,16,12,10,1745,,https://www.maddenratings.com/aaron-stinnie
New York Giants,Korie Black,CB,Cornerback,38,Man to Man,68,24,"June 22, 2002",United States,Oklahoma St.,2,2025,246,New York Giants,94,91,58,83,62,92,89,91,89,22,31,27,18,9,23,28,68,62,53,23,23,24,30,53,45,24,83,59,30,61,68,28,60,32,27,46,73,61,70,72,62,63,35,35,39,25,35,25,35,23,25,22,45,2551,,https://www.maddenratings.com/korie-black
New York Giants,Sam Roberts,DT,Defensive Tackle,99,,68,28,"April 14, 1998",United States,NW Missouri State,5,2022,200,New England Patriots,68,74,85,57,71,74,89,72,85,14,10,6,6,6,6,6,24,15,11,15,8,4,14,25,16,40,49,27,31,24,22,12,78,75,62,74,77,70,12,13,79,10,51,48,83,49,51,49,47,47,13,12,10,2076,,https://www.maddenratings.com/sam-roberts
New York Giants,Zacch Pickens,DT,Defensive Tackle,96,,68,26,"March 6, 2000",United States,South Carolina,4,2023,64,Chicago Bears,76,83,81,69,68,75,93,69,89,20,9,6,6,6,6,6,45,42,41,36,31,25,34,58,42,47,60,49,60,38,43,17,78,71,61,71,79,69,19,26,82,32,40,35,80,40,40,35,35,34,15,14,10,2396,,https://www.maddenratings.com/zacch-pickens
New York Giants,Beaux Collins,WR,Wide Receiver,81,Deep Threat,67,23,"December 16, 2002",United States,Notre Dame,2,,,,88,90,73,79,67,89,86,83,84,26,18,22,14,22,25,28,78,80,79,74,73,71,74,73,74,60,85,78,65,65,72,25,35,15,26,32,34,26,27,34,32,23,43,26,44,27,29,23,19,25,22,18,59,2639,,https://www.maddenratings.com/beaux-collins
New York Giants,Eric Gray,HB,Halfback,20,Elusive Back,67,26,"November 4, 1999",United States,Oklahoma,4,2023,172,New York Giants,86,90,69,85,63,86,92,86,90,24,19,24,19,15,21,17,72,49,47,63,56,48,49,84,76,70,86,82,70,73,79,24,25,10,10,24,34,13,10,16,23,14,31,55,33,18,24,32,37,28,16,10,72,2449,,https://www.maddenratings.com/eric-gray
New York Giants,J.C. Davis,LT,Left Tackle,74,,67,22,"October 9, 2003",,Illinois,,,,,67,72,84,58,64,75,88,86,87,18,12,6,6,6,6,6,22,17,16,16,5,5,13,27,17,27,51,13,15,10,10,12,38,39,41,35,22,17,13,11,43,10,75,71,80,74,77,75,72,80,10,12,10,1922,,https://www.maddenratings.com/jc-davis
New York Giants,Khalid Kareem,LEDG,Left Edge,54,Power Rusher,67,28,"April 28, 1998",United States,Notre Dame,7,,,,78,81,84,71,65,82,85,77,81,18,10,6,6,6,6,6,37,18,19,14,7,3,12,39,13,29,59,22,26,19,25,12,75,71,59,75,78,62,19,28,80,19,45,45,80,45,45,45,45,11,18,13,10,2084,,https://www.maddenratings.com/khalid-kareem
New York Giants,Marcus Mbow,RT,Right Tackle,71,,67,23,"April 2, 2003",United States,Purdue,2,2025,154,New York Giants,71,73,84,68,66,73,86,87,87,22,13,6,6,6,6,6,23,23,21,21,5,5,20,44,15,24,57,16,19,11,13,12,32,37,24,28,23,32,11,14,37,10,74,71,81,73,75,72,73,80,11,14,10,1971,,https://www.maddenratings.com/marcus-mbow
New York Giants,Dalen Cambre,WR,Wide Receiver,83,,66,25,"April 10, 2001",United States,UL Lafayette,,,,,91,93,61,87,65,86,87,88,85,39,17,19,15,11,19,21,79,77,75,73,67,63,67,71,70,45,87,76,48,70,75,23,25,10,10,27,28,16,11,17,21,14,39,29,40,20,24,25,15,21,20,15,76,2453,,https://www.maddenratings.com/dalen-cambre
New York Giants,Rico Payton,CB,Cornerback,36,Slot,66,26,"November 28, 1999",United States,Pittsburg St.,2,,,,86,91,58,86,66,88,88,82,80,31,22,22,18,15,21,15,68,64,61,24,21,16,24,58,57,34,90,66,45,65,69,23,64,26,34,51,69,63,65,67,68,63,35,30,44,30,31,25,24,16,15,15,55,2544,,https://www.maddenratings.com/rico-payton
New York Giants,Ryan Miller,WR,Wide Receiver,9,,66,26,"February 20, 2000",United States,Furman,3,,,,88,88,63,89,59,78,87,82,81,23,11,15,10,8,16,6,78,79,79,69,67,64,67,70,74,47,82,82,55,70,79,19,30,10,10,28,37,15,12,10,29,12,40,30,37,26,26,29,28,24,21,17,43,2399,,https://www.maddenratings.com/ryan-miller
New York Giants,Jarrick Bernard-Converse,CB,Cornerback,35,Man to Man,66,26,"April 29, 2000",United States,LSU,3,2023,204,New York Jets,93,93,61,85,59,95,93,89,87,25,22,25,22,20,24,14,64,65,55,26,16,11,27,57,58,41,82,65,57,63,69,36,63,24,35,50,68,58,63,66,72,74,15,25,53,33,34,25,25,21,18,17,55,2593,,https://www.maddenratings.com/jarrick-bernard-converse
New York Giants,Bobby Jamison-Travis,DT,Defensive Tackle,97,,66,25,"April 28, 2001",,Auburn,,,,,64,70,83,57,66,64,87,77,88,13,10,6,6,6,6,6,30,27,27,17,15,3,29,41,14,46,59,48,44,27,27,12,83,70,65,74,75,64,28,21,77,17,48,47,80,49,48,48,49,22,13,26,10,2189,,https://www.maddenratings.com/bobby-jamison-travis
New York Giants,Gunner Olszewski,WR,Wide Receiver,80,Slot,66,29,"November 26, 1996",United States,Bemidji State,8,,,,87,88,56,86,75,86,88,83,94,51,34,43,37,20,42,20,80,77,74,70,69,64,62,72,67,35,80,78,48,71,77,22,50,28,33,53,62,53,58,60,58,54,47,33,48,29,27,25,27,29,20,22,85,2937,,https://www.maddenratings.com/gunner-olszewski
New York Giants,Zaire Barnes,MIKE,Mike Backer,46,Pass Coverage,66,26,"September 3, 1999",United States,W. Michigan,4,2023,184,New York Jets,88,91,67,83,59,82,88,83,75,28,14,24,22,18,12,13,60,62,55,37,31,24,34,56,50,48,78,60,33,62,68,24,78,48,58,62,83,55,65,64,77,48,45,45,68,45,45,45,45,23,18,11,45,2702,,https://www.maddenratings.com/zaire-barnes
New York Giants,Art Green,CB,Cornerback,23,Zone,65,26,"April 29, 2000",United States,Houston,3,,,,94,95,57,83,59,86,87,83,83,29,16,29,24,18,22,15,68,65,59,27,23,21,20,58,50,26,83,66,29,64,74,16,56,25,33,45,74,55,62,66,54,62,30,25,35,30,30,25,25,10,14,12,40,2437,,https://www.maddenratings.com/art-green
New York Giants,Ben Mann,LS,Long Snapper,58,Accurate,65,24,"July 6, 2002",,Boston College,,,,,72,82,65,70,53,76,92,71,82,20,10,9,8,7,10,10,55,41,42,37,30,25,22,62,26,33,74,22,25,10,14,10,53,56,55,63,63,27,15,20,59,15,48,52,54,38,33,48,38,38,14,13,10,2077,,https://www.maddenratings.com/ben-mann
New York Giants,Jack Kelly,MIKE,Mike Backer,51,Field General,65,23,"January 2, 2003",,BYU,,,,,87,90,69,80,65,88,88,87,89,27,10,6,6,6,6,6,64,54,55,42,39,36,36,53,29,43,77,52,44,37,58,11,77,56,62,72,80,64,56,60,76,45,45,35,75,46,46,44,35,28,14,15,17,2588,,https://www.maddenratings.com/jack-kelly
New York Giants,Jake Kubas,RG,Right Guard,63,Agile,65,25,"August 13, 2000",United States,North Dakota St.,3,,,,65,72,86,61,65,76,91,83,88,23,12,6,6,6,6,6,28,12,10,19,5,5,12,40,6,25,59,14,38,11,12,12,34,22,17,31,33,27,12,12,37,10,69,72,78,67,70,69,73,79,22,17,14,1925,,https://www.maddenratings.com/jake-kubas
New York Giants,Thomas Fidone II,TE,Tight End,86,Vertical Threat,65,23,"September 20, 2002",United States,Nebraska,2,2025,219,New York Giants,81,89,71,83,63,85,80,82,81,29,33,24,17,22,21,23,77,73,74,66,61,57,63,69,61,66,78,65,63,60,66,19,42,38,42,45,45,32,28,30,35,18,56,62,64,56,54,63,60,50,26,27,22,2797,,https://www.maddenratings.com/thomas-fidone-ii
New York Giants,Caleb Murphy,REDG,Right Edge,37,Smaller Speed Rusher,64,26,"December 15, 1999",United States,Ferris State,3,,,,79,84,70,74,56,76,91,79,83,28,13,15,10,10,15,15,47,42,35,32,26,23,36,45,45,48,68,50,42,59,64,17,71,68,73,59,80,58,39,44,82,35,45,35,67,45,45,35,35,20,15,10,15,2453,,https://www.maddenratings.com/caleb-murphy
New York Giants,Cam Jones,MIKE,Mike Backer,43,Field General,64,26,"October 21, 1999",United States,Indiana,3,,,,85,90,65,74,68,80,83,82,85,30,25,19,13,11,15,14,54,47,45,15,5,5,20,52,35,51,70,45,41,44,51,22,78,46,54,60,81,69,52,62,81,48,45,45,67,45,45,45,45,33,20,11,30,2503,,https://www.maddenratings.com/cam-jones
New York Giants,Nic Jones,CB,Cornerback,31,Zone,64,23,"October 15, 2002",United States,Ball State,3,2023,250,Kansas City Chiefs,89,92,49,87,59,84,87,87,75,10,13,9,7,6,6,6,69,67,61,55,46,44,50,58,61,27,84,68,46,65,72,10,42,30,37,45,63,62,63,68,54,74,35,30,38,35,35,30,30,17,15,12,58,2522,,https://www.maddenratings.com/nic-jones
New York Giants,Joshua Ezeudu,LT,Left Tackle,75,,64,26,"September 19, 1999",United States,North Carolina,5,2022,67,New York Giants,65,71,81,56,70,71,88,84,77,16,7,6,6,6,6,6,23,15,12,10,5,5,10,35,12,20,57,17,19,10,10,11,21,10,10,20,19,24,9,10,31,10,69,71,78,67,71,70,72,86,24,23,10,1792,,https://www.maddenratings.com/joshua-ezeudu
New York Giants,C.J. Ravenell,DT,Defensive Tackle,91,,63,26,"July 7, 2000",United States,Missouri W State,2,,,,70,75,82,60,59,75,88,84,86,20,10,6,6,6,6,6,36,22,20,15,7,5,15,33,18,28,53,29,29,16,17,12,78,68,62,73,69,57,17,23,77,15,45,45,85,45,45,45,45,27,14,22,10,2061,,https://www.maddenratings.com/c-j-ravenell
New York Giants,Beau Brade,SS,Strong Safety,34,Hybrid,63,24,"January 29, 2002",United States,Maryland,3,,,,84,91,61,87,62,79,86,83,89,36,23,42,37,39,32,25,69,60,60,32,30,27,24,63,72,58,81,70,68,66,68,32,69,60,50,50,68,59,62,65,56,62,24,29,51,22,22,25,24,31,26,18,39,2748,,https://www.maddenratings.com/beau-brade
New York Giants,Elijah Campbell,FS,Free Safety,28,Hybrid,62,30,"August 24, 1995",United States,Northern Iowa,9,,,,89,83,61,84,62,92,84,86,76,27,10,6,6,6,6,6,70,62,45,26,16,11,27,60,55,28,80,64,29,65,74,15,60,35,41,48,69,60,65,66,54,65,34,33,46,33,34,33,34,15,18,17,56,2427,,https://www.maddenratings.com/elijah-campbell
New York Giants,Raheem Layne,FS,Free Safety,43,Zone,61,27,"July 2, 1999",United States,Indiana,5,,,,86,92,60,75,59,83,87,83,85,26,14,6,6,6,6,6,54,52,49,25,22,19,15,60,65,44,75,70,39,65,71,15,64,35,41,54,76,55,60,66,76,66,35,35,53,35,35,35,35,25,19,17,35,2472,,https://www.maddenratings.com/raheem-layne
New York Giants,Tanner Conner,TE,Tight End,80,Vertical Threat,57,28,"March 20, 1998",United States,Idaho State,4,,,,86,89,67,79,63,89,87,75,70,26,10,15,10,6,10,6,75,77,73,55,52,50,53,68,65,56,75,72,62,70,74,21,36,11,11,29,44,18,17,19,31,17,49,48,52,35,39,32,34,36,19,17,42,2422,,https://www.maddenratings.com/tanner-conner
New York Giants,Brandon Allen,QB,Quarterback,12,Field General,54,33,"September 5, 1992",United States,Arkansas,11,2016,201,Jacksonville Jaguars,74,69,56,75,61,70,85,65,75,82,72,78,71,68,72,75,26,20,20,18,17,15,19,59,30,29,73,52,31,28,47,56,24,9,9,21,28,21,12,18,11,9,16,17,21,10,10,14,18,11,21,20,13,2021,,https://www.maddenratings.com/brandon-allen
New York Jets,Demario Davis,MIKE,Mike Backer,56,Field General,90,37,"January 11, 1989",United States,Arkansas St.,15,2012,77,New York Jets,88,86,85,77,95,86,98,94,93,25,16,6,6,6,6,6,63,15,15,15,5,5,12,62,25,45,71,20,45,15,25,12,90,57,64,77,93,94,70,78,91,40,45,45,89,45,45,45,45,24,26,20,10,2516,"Reinforcement The game's top defenders excel in all situations. When they enter the zone, this ability increases their chance of defeating run blocks, and disrupting catches via tackles. Secure Tackler Defenders with this ability have an increased chance to avoid fakeouts. Outmatched Defenders with this ability have a slightly improved chance to force catch knockouts against running backs Out My Way Defenders with this ability will have a slightly increased chance to win impact blocks against receivers.",https://www.maddenratings.com/demario-davis
New York Jets,Minkah Fitzpatrick,SS,Strong Safety,29,Zone,89,29,"November 17, 1996",United States,Alabama,9,2018,11,Miami Dolphins,91,92,64,90,88,90,94,93,88,15,16,6,6,6,6,6,79,62,59,28,23,18,29,66,58,47,86,81,55,69,79,18,77,38,50,60,85,89,82,88,85,77,35,35,63,35,35,35,35,18,15,13,68,2826,"Deep Out Zone KO Defenders with this ability have a slightly improved chance to force catch knockouts and react quicker in deep zone coverage, 20+ yards from the LoS and outside the hash marks.",https://www.maddenratings.com/minkah-fitzpatrick
New York Jets,Breece Hall,HB,Halfback,20,Elusive Back,87,25,"May 31, 2001",United States,Iowa State,5,2022,36,New York Jets,92,91,76,90,89,92,89,90,90,32,19,20,15,12,24,19,70,59,59,69,60,51,58,86,85,80,91,85,80,86,92,31,29,10,10,29,33,17,13,17,24,16,43,56,44,32,35,37,33,45,18,15,42,2680,,https://www.maddenratings.com/breece-hall
New York Jets,Garrett Wilson,WR,Wide Receiver,5,,86,26,"July 22, 2000",United States,Ohio State,5,2022,10,New York Jets,92,93,56,93,86,88,93,92,81,26,15,19,15,12,22,6,88,91,86,84,84,86,78,69,82,38,92,91,64,85,91,19,22,10,10,20,30,17,14,21,19,14,44,30,41,19,23,18,21,23,17,13,78,2621,"Slot-O-Matic When lined up in the slot, receivers with this ability make faster cuts and have better hands when catching passes less than 8 yards from the LoS Mid In Elite Receivers with this ability catch more consistently while catching passes less than 10-20 yards from the LoS, inside the numbers",https://www.maddenratings.com/garrett-wilson
New York Jets,Armand Membou,RT,Right Tackle,70,,83,22,"March 27, 2004",United States,Missouri,2,2025,7,New York Jets,74,76,91,72,87,82,91,89,90,47,11,6,6,6,6,6,25,21,14,21,5,5,5,41,6,30,61,10,31,11,10,24,28,29,17,39,24,30,12,14,33,11,82,84,93,83,84,83,86,85,18,15,10,2120,,https://www.maddenratings.com/armand-membou
New York Jets,David Bailey,,,31,Smaller Speed Rusher,81,22,"August 28, 2003",United States,Texas Tech,,2026,2,New York Jets,89,91,80,86,77,84,88,78,89,18,10,6,6,6,6,6,37,28,21,17,15,10,16,46,30,29,76,35,36,35,36,14,80,77,82,80,86,77,48,54,84,28,45,45,83,45,45,45,45,26,26,20,10,2432,Quick Jump Players with this ability have a slightly reduced stamina cost and slightly longer perfect window for jumping snaps.,https://www.maddenratings.com/david-bailey
New York Jets,Joe Tippmann,RG,Right Guard,66,Power,80,25,"March 24, 2001",United States,Wisconsin,4,2023,43,New York Jets,73,81,89,65,78,72,87,88,90,11,10,6,6,6,6,6,39,32,36,23,15,10,25,45,9,10,57,11,24,15,20,12,33,10,10,25,30,25,12,13,34,10,82,80,86,81,83,82,78,88,15,12,10,2056,,https://www.maddenratings.com/joe-tippmann
New York Jets,T’Vondre Sweat,DT,Defensive Tackle,99,,79,25,"July 11, 2001",United States,Texas,3,2024,38,Tennessee Titans,63,70,94,67,72,66,90,70,86,22,15,13,10,7,6,6,47,43,41,10,5,3,12,44,39,50,45,45,55,30,38,13,87,70,75,82,78,76,24,28,83,20,45,40,88,45,45,40,40,25,24,23,10,2325,,https://www.maddenratings.com/tvondre-sweat
New York Jets,David Onyemata,DT,Defensive Tackle,93,,78,33,"November 13, 1992",,Manitoba,11,2016,120,New Orleans Saints,72,77,89,68,77,80,91,76,85,13,17,6,6,6,6,6,41,25,15,10,3,2,12,30,10,26,54,13,29,11,17,12,87,78,65,81,80,76,22,33,81,10,45,44,80,45,45,45,45,28,29,12,10,2126,,https://www.maddenratings.com/david-onyemata
New York Jets,Harrison Phillips,DT,Defensive Tackle,97,,78,30,"January 25, 1996",United States,Stanford,9,2018,96,Buffalo Bills,69,66,93,71,73,78,88,83,91,26,15,6,6,6,6,6,27,18,22,15,7,3,15,26,24,38,61,30,34,19,26,12,88,72,63,80,80,77,19,27,78,11,45,45,83,45,45,45,45,32,17,11,10,2178,,https://www.maddenratings.com/harrison-phillips
New York Jets,Will McDonald IV,LEDG,Left Edge,9,Smaller Speed Rusher,78,27,"June 4, 1999",United States,Iowa State,4,,,,82,87,69,88,77,86,91,78,78,44,11,30,25,22,25,15,48,46,45,35,30,28,35,49,33,43,80,45,52,45,50,33,77,74,83,72,82,72,38,50,87,52,45,45,70,45,45,45,45,44,35,32,25,2768,,https://www.maddenratings.com/will-mcdonald-iv
New York Jets,Andre Cisco,FS,Free Safety,8,Zone,77,26,"March 23, 2000",United States,Syracuse,6,2021,65,Jacksonville Jaguars,91,90,65,87,79,87,89,92,84,28,12,15,10,10,15,15,77,68,62,24,25,22,25,59,42,34,85,62,40,61,69,15,66,36,41,57,78,78,71,75,80,72,35,35,64,35,35,35,35,31,15,19,43,2675,,https://www.maddenratings.com/andre-cisco
New York Jets,Jason Sanders,K,Kicker,19,Power,77,30,"November 16, 1995",United States,New Mexico,9,2018,229,Miami Dolphins,76,77,37,57,65,31,83,81,53,26,16,32,20,15,15,15,46,15,15,22,14,12,14,28,5,10,50,12,10,11,13,15,27,10,10,19,23,17,11,17,16,10,17,17,16,16,16,17,17,15,93,83,10,1468,,https://www.maddenratings.com/jason-sanders
New York Jets,Brandon Stephens,CB,Cornerback,21,,76,28,"December 29, 1997",United States,SMU,6,2021,104,Baltimore Ravens,90,86,68,84,80,90,92,91,87,21,14,6,6,6,6,6,70,72,58,46,34,28,36,69,62,59,81,74,51,67,75,15,71,40,44,58,78,79,73,78,64,82,35,38,56,35,35,38,38,25,18,15,25,2755,,https://www.maddenratings.com/brandon-stephens
New York Jets,Dane Belton,SS,Strong Safety,6,Hybrid,76,25,"December 7, 2000",United States,Iowa,5,2022,114,New York Giants,91,93,63,87,75,87,91,87,78,23,10,6,6,6,15,6,74,63,59,28,25,23,32,62,44,36,86,56,43,56,64,18,75,34,43,50,76,73,71,72,63,63,35,35,53,35,35,35,35,23,42,37,40,2618,,https://www.maddenratings.com/dane-belton
New York Jets,Jamien Sherwood,WILL,Weak Backer,44,Pass Coverage,76,26,"January 12, 2000",United States,Auburn,6,2021,146,New York Jets,86,86,67,77,79,86,86,91,87,43,29,37,33,29,32,28,63,60,57,35,31,29,34,64,54,55,74,67,57,61,68,45,88,56,55,70,87,78,68,70,85,74,35,35,73,35,35,35,35,29,25,20,45,2963,,https://www.maddenratings.com/jamien-sherwood
New York Jets,Tim Patrick,WR,Wide Receiver,17,Deep Threat,76,32,"November 23, 1993",United States,Utah,10,,,,87,89,69,81,79,89,84,86,83,36,19,20,15,15,15,6,90,85,84,77,77,76,82,74,69,58,82,74,67,72,78,22,35,10,10,28,31,22,20,26,27,17,52,43,58,31,27,20,17,38,19,15,48,2634,,https://www.maddenratings.com/tim-patrick
New York Jets,Adonai Mitchell,WR,Wide Receiver,15,,75,23,"October 8, 2002",United States,Texas,3,2024,52,Indianapolis Colts,94,95,51,91,73,89,86,83,79,45,26,25,20,15,34,20,79,81,78,76,77,80,66,72,70,33,90,79,43,71,77,24,27,10,10,26,29,16,10,17,17,10,48,26,42,23,30,15,20,33,19,15,67,2532,,https://www.maddenratings.com/adonai-mitchell
New York Jets,D&#8217;Angelo Ponds,CB,Cornerback,23,Man to Man,75,21,"January 13, 2005",,Indiana,,,,,94,94,54,87,73,96,90,87,81,28,10,6,6,6,6,6,68,61,64,31,33,30,34,63,55,34,85,67,35,66,68,11,64,35,32,45,73,73,70,74,61,74,35,35,45,35,35,35,35,15,14,12,59,2585,,https://www.maddenratings.com/dangelo-ponds
New York Jets,Jarvis Brownlee Jr.,CB,Cornerback,2,Zone,75,25,"July 13, 2001",United States,Louisville,3,2024,146,Tennessee Titans,92,91,63,85,77,77,93,89,95,31,12,29,24,19,28,14,73,64,61,39,34,30,35,55,65,35,86,71,32,70,75,23,70,32,40,51,74,76,71,76,75,69,35,30,57,29,26,24,22,31,15,18,60,2748,,https://www.maddenratings.com/jarvis-brownlee-jr
New York Jets,Dylan Parham,LG,Left Guard,64,Power,75,26,"August 24, 1999",United States,Memphis,5,2022,90,Las Vegas Raiders,74,81,84,58,84,67,92,89,82,22,5,6,6,6,6,6,41,40,38,35,33,29,30,46,36,38,57,40,33,20,30,15,36,29,29,33,41,37,15,25,35,18,78,76,82,80,74,73,77,88,22,21,10,2308,,https://www.maddenratings.com/dylan-parham
New York Jets,Nahshon Wright,CB,Cornerback,26,Zone,75,27,"September 23, 1998",United States,Oregon State,6,2021,99,Dallas Cowboys,90,85,54,81,84,83,89,90,87,27,10,15,10,6,10,6,78,74,67,48,43,39,47,62,60,40,76,70,49,63,69,12,69,31,40,55,78,81,74,78,55,73,38,35,47,35,35,35,35,13,21,16,30,2698,,https://www.maddenratings.com/nahshon-wright
New York Jets,Omar Cooper Jr.,,,83,,75,22,"December 14, 2003",United States,Indiana,,2026,30,New York Jets,93,93,72,90,64,91,88,90,89,46,38,43,37,33,35,37,82,82,80,75,77,81,77,74,79,59,90,82,68,74,81,41,31,25,21,22,28,23,22,24,29,27,55,31,48,38,34,31,20,37,28,28,53,2896,,https://www.maddenratings.com/omar-cooper-jr
New York Jets,Olumuyiwa Fashanu,LT,Left Tackle,74,Power,75,23,"December 9, 2002",United States,Penn State,3,2024,11,New York Jets,69,74,88,64,75,78,95,88,88,22,11,6,6,6,6,6,32,20,15,10,5,5,12,36,15,39,57,25,31,24,27,12,43,42,29,46,38,29,10,11,42,10,78,80,88,77,80,82,78,84,15,14,10,2133,,https://www.maddenratings.com/olumuyiwa-fashanu
New York Jets,Azareye&#8217;h Thomas,CB,Cornerback,1,Zone,74,22,"July 6, 2004",United States,Florida State,2,2025,73,New York Jets,86,89,67,85,79,86,90,85,89,26,10,6,6,6,6,6,72,66,62,28,25,23,27,57,46,36,84,69,46,63,71,12,56,33,38,54,67,79,71,78,60,79,35,35,57,25,35,25,35,26,29,19,81,2626,,https://www.maddenratings.com/azareyeh-thomas
New York Jets,Joseph Ossai,LEDG,Left Edge,46,Power Rusher,74,26,"April 12, 2000",Nigeria,Texas,6,2021,69,Cincinnati Bengals,83,90,80,79,70,90,85,75,85,24,10,6,6,6,6,6,53,46,43,10,5,5,15,57,25,39,64,42,37,30,34,12,79,78,71,73,79,66,45,54,84,47,45,45,84,45,45,45,45,17,45,38,10,2458,,https://www.maddenratings.com/joseph-ossai
New York Jets,Jowon Briggs,DT,Defensive Tackle,91,Power Rusher,74,24,"September 1, 2001",United States,Cincinnati,3,2024,243,Cleveland Browns,72,73,88,66,73,66,91,82,88,21,10,6,6,6,6,6,48,15,18,15,22,17,29,46,33,56,57,43,45,32,36,12,84,80,74,75,79,70,19,27,82,19,45,47,86,45,45,45,45,18,23,19,15,2326,,https://www.maddenratings.com/jowon-briggs
New York Jets,Kenyon Sadiq,,,16,Vertical Threat,74,21,"March 4, 2005",United States,Oregon,,2026,16,New York Jets,91,93,76,84,64,96,91,85,87,38,37,36,25,20,33,25,78,81,82,71,65,62,68,74,71,62,80,72,66,67,75,46,47,50,48,52,57,44,40,47,44,37,60,61,61,56,61,56,61,58,33,28,65,3167,,https://www.maddenratings.com/kenyon-sadiq
New York Jets,Mason Taylor,TE,Tight End,85,Possession,74,22,"May 8, 2004",United States,LSU,2,2025,42,New York Jets,83,86,75,83,71,81,92,91,92,22,35,7,14,11,26,10,84,81,83,70,66,60,71,71,67,65,69,75,66,54,66,25,39,36,39,42,42,31,34,37,39,18,62,56,67,63,59,56,53,57,18,30,22,2852,,https://www.maddenratings.com/mason-taylor
New York Jets,Austin McNamara,P,Punter,14,Power,73,25,"February 24, 2001",United States,Texas Tech,3,,,,76,80,45,68,54,76,90,83,78,42,24,55,54,51,40,23,40,23,20,15,15,15,15,40,38,38,63,53,41,48,49,22,25,10,10,21,26,27,15,25,15,22,15,18,12,6,6,5,5,6,93,85,50,1971,,https://www.maddenratings.com/austin-mcnamara
New York Jets,Thomas Hennessy,LS,Long Snapper,42,Accurate,73,32,"June 11, 1994",United States,Duke,10,,,,73,72,67,66,60,73,94,77,76,38,10,6,6,6,6,6,61,52,49,44,39,34,30,63,15,34,66,25,45,25,30,10,59,10,10,48,48,37,25,24,60,15,45,59,72,40,35,50,40,58,13,13,10,2129,,https://www.maddenratings.com/thomas-hennessy
New York Jets,Braelon Allen,,,,Elusive Back,72,22,"January 20, 2004",United States,Wisconsin,3,2024,134,New York Jets,88,89,79,83,77,78,84,86,84,43,29,34,28,21,40,30,64,51,51,62,55,50,54,87,79,85,85,79,76,74,82,37,45,38,29,48,44,33,34,42,55,34,44,58,49,38,34,39,36,46,17,12,65,2884,,https://www.maddenratings.com/braelon-allen
New York Jets,Darrell Jackson Jr.,DT,Defensive Tackle,78,,72,23,"April 28, 2003",,Florida State,,,,,67,71,88,58,73,67,86,73,87,20,10,6,6,6,6,6,23,22,24,15,13,2,26,47,16,49,49,25,45,25,24,12,82,75,69,77,77,71,32,26,80,18,45,45,88,45,45,45,45,28,15,27,10,2192,,https://www.maddenratings.com/darrell-jackson-jr
New York Jets,Geno Smith,QB,Quarterback,7,Field General,72,35,"October 10, 1990",United States,West Virginia,14,2013,39,New York Jets,84,82,58,79,71,81,87,93,87,88,80,86,83,79,87,86,57,48,46,30,20,10,30,59,61,35,73,71,54,64,64,73,38,10,10,25,30,18,18,25,12,15,20,24,35,15,15,20,20,25,20,15,15,2531,,https://www.maddenratings.com/geno-smith
New York Jets,Josh Myers,C,Center,71,Power,72,28,"July 16, 1998",United States,Ohio State,6,2021,62,Green Bay Packers,61,56,89,59,80,68,87,86,84,26,10,6,6,6,6,6,31,16,14,11,6,5,15,28,10,27,48,12,14,11,12,12,31,29,24,31,35,21,12,12,31,10,75,75,86,73,76,78,73,83,18,12,10,1903,,https://www.maddenratings.com/josh-myers
New York Jets,Kingsley Enagbare,REDG,Right Edge,52,,72,26,"January 18, 2000",United States,South Carolina,5,2022,179,Green Bay Packers,80,84,83,67,73,87,87,78,88,20,11,6,6,6,6,6,28,27,22,14,7,5,20,31,21,38,63,27,42,33,35,15,82,74,66,77,80,70,28,43,83,28,45,45,86,45,45,45,45,20,19,21,10,2273,,https://www.maddenratings.com/kingsley-enagbare
New York Jets,Malachi Moore,FS,Free Safety,27,Zone,71,24,"September 13, 2001",United States,Alabama,2,2025,130,New York Jets,87,89,61,80,72,82,88,89,86,25,12,6,6,6,6,6,70,61,58,35,30,26,33,61,53,46,83,65,43,57,64,14,68,35,33,51,74,69,67,74,78,66,35,35,58,35,35,35,35,25,20,16,42,2586,,https://www.maddenratings.com/malachi-moore
New York Jets,Tre Brown,CB,Cornerback,30,Man to Man,71,28,"September 24, 1997",United States,Oklahoma,6,2021,137,Seattle Seahawks,90,90,55,83,70,90,77,87,80,30,12,6,6,6,6,6,64,54,53,27,17,12,15,54,49,29,84,68,28,70,74,10,62,25,38,53,72,72,73,70,45,69,35,35,56,35,35,35,35,25,25,25,73,2495,,https://www.maddenratings.com/tre-brown
New York Jets,Samuel Womack,CB,Cornerback,39,Man to Man,71,27,"July 7, 1999",United States,Toledo,5,2022,172,San Francisco 49ers,92,92,46,87,66,86,88,89,67,17,10,6,6,6,6,6,69,60,55,33,28,21,24,52,44,31,88,52,32,65,73,11,58,31,36,41,66,67,73,69,42,67,25,25,37,24,25,25,25,12,13,12,50,2331,,https://www.maddenratings.com/samuel-womack
New York Jets,Cade York,K,Kicker,36,Power,70,25,"January 27, 2001",United States,LSU,5,,,,76,79,58,60,51,60,90,80,74,26,15,30,24,20,20,16,24,14,10,10,8,6,12,30,16,19,49,25,8,24,28,13,25,10,10,13,17,15,10,10,12,10,15,16,10,10,10,10,10,10,97,73,10,1478,,https://www.maddenratings.com/cade-york
New York Jets,Isaiah Davis,HB,Halfback,32,Elusive Back,70,24,"February 21, 2002",United States,S. Dakota St.,3,2024,173,New York Jets,87,90,73,82,70,82,84,87,81,49,28,32,23,19,31,25,67,48,46,64,53,42,53,92,78,74,80,81,77,74,80,29,40,18,24,40,43,14,18,26,46,23,35,49,35,20,20,32,24,29,25,22,77,2641,,https://www.maddenratings.com/isaiah-davis
New York Jets,Mazi Smith,DT,Defensive Tackle,58,,70,25,"June 16, 2001",United States,Michigan,4,2023,26,Dallas Cowboys,74,77,89,76,66,73,92,72,88,22,7,7,6,5,6,6,33,24,25,15,10,6,15,31,21,31,66,22,44,15,15,9,82,70,55,72,73,63,12,14,86,15,45,40,88,45,45,40,40,33,13,12,10,2101,,https://www.maddenratings.com/mazi-smith
New York Jets,Mykal Walker,WILL,Weak Backer,43,Run Stopper,70,28,"August 28, 1997",United States,Fresno State,7,2020,119,Atlanta Falcons,86,86,72,79,73,80,91,87,88,25,15,6,6,6,6,6,68,52,42,33,25,20,20,47,44,40,73,53,52,51,60,12,81,56,63,66,81,72,59,66,84,42,47,47,76,45,45,45,45,24,17,14,10,2589,,https://www.maddenratings.com/mykal-walker
New York Jets,Caullin Lacy,WR,Wide Receiver,35,,69,24,"December 22, 2001",,Louisville,,,,,87,90,60,87,61,83,90,86,89,49,36,46,38,35,45,29,82,77,76,70,72,70,71,73,76,47,86,83,57,77,82,34,23,20,20,28,25,21,19,22,24,27,48,24,40,24,21,36,25,28,27,24,83,2753,,https://www.maddenratings.com/caullin-lacy
New York Jets,Tyler Baron,REDG,Right Edge,94,Power Rusher,69,24,"October 22, 2001",United States,Miami,2,2025,176,New York Jets,85,89,76,73,69,84,86,76,82,12,15,16,10,19,13,15,36,27,29,15,10,6,20,44,24,24,65,33,31,30,30,22,77,72,68,78,76,67,31,38,81,26,45,45,77,45,45,45,45,27,19,21,27,2321,,https://www.maddenratings.com/tyler-baron
New York Jets,Andrew Beck,FB,Fullback,47,Utility,68,30,"May 15, 1996",United States,Texas,8,,,,85,87,77,77,57,82,84,80,88,30,15,15,10,6,10,6,72,66,65,63,57,52,60,67,64,67,74,69,65,57,64,15,47,35,20,47,52,40,31,37,36,26,63,62,66,59,63,55,52,66,22,15,70,2750,,https://www.maddenratings.com/andrew-beck
New York Jets,Arian Smith,WR,Wide Receiver,82,,68,24,"October 11, 2001",United States,Georgia,2,2025,110,New York Jets,94,91,64,90,71,89,86,81,83,12,31,7,10,15,7,21,75,71,71,71,70,71,66,71,69,41,89,74,38,68,72,32,31,23,24,30,29,45,68,51,24,30,44,25,41,17,27,24,15,24,19,21,68,2581,,https://www.maddenratings.com/arian-smith
New York Jets,Anez Cooper,RG,Right Guard,72,Power,68,22,"January 6, 2004",,Miami,,,,,55,56,85,61,64,65,89,89,87,15,13,6,6,6,6,6,28,28,15,16,5,5,12,25,10,26,51,11,16,10,10,14,36,10,10,18,24,24,10,11,25,10,72,74,81,73,73,76,73,81,23,27,10,1832,,https://www.maddenratings.com/anez-cooper
New York Jets,Jeremy Ruckert,TE,Tight End,89,Possession,68,25,"August 11, 2000",United States,Ohio State,5,2022,101,New York Jets,81,84,78,74,68,78,92,84,87,30,10,25,20,14,15,13,80,78,76,64,57,53,62,76,57,70,69,65,63,62,62,11,37,33,24,36,42,20,14,15,42,16,67,61,72,60,65,60,59,62,28,24,15,2710,,https://www.maddenratings.com/jeremy-ruckert
New York Jets,Qwan&#8217;tez Stiggers,CB,Cornerback,37,Zone,68,24,"January 8, 2002",United States,No College,4,2024,176,New York Jets,91,94,60,83,63,86,92,84,83,31,22,22,18,15,21,15,73,64,61,24,21,16,24,57,57,34,81,66,45,65,69,23,64,26,34,54,70,65,69,69,68,60,35,30,56,30,31,25,24,32,15,15,55,2587,,https://www.maddenratings.com/qwantez-stiggers
New York Jets,Braiden McGregor,LEDG,Left Edge,55,Power Rusher,67,25,"July 12, 2001",United States,Michigan,3,,,,80,86,73,73,68,80,86,79,83,27,5,7,6,5,5,6,39,28,25,10,7,5,12,40,29,41,62,43,46,35,42,11,82,68,63,71,82,65,24,29,78,35,45,45,79,45,45,45,45,28,31,30,10,2289,,https://www.maddenratings.com/braiden-mcgregor
New York Jets,Cade Klubnik,QB,Quarterback,10,Strong Arm,67,22,"August 10, 2003",,Clemson,,,,,83,90,64,85,48,81,91,95,87,92,78,81,82,78,70,81,45,35,39,36,30,29,18,60,73,64,82,73,45,65,71,80,18,18,26,38,43,47,27,33,25,12,38,44,38,34,27,28,35,33,53,43,28,2819,,https://www.maddenratings.com/cade-klubnik
New York Jets,Chukwuma Okorafor,RT,Right Tackle,79,,67,28,"August 8, 1997",Nigeria,W. Michigan,9,2018,92,Pittsburgh Steelers,67,62,85,56,71,61,91,88,81,18,13,6,6,6,6,6,24,12,15,15,10,7,13,27,12,24,51,10,10,10,10,12,28,18,14,24,26,18,11,13,29,10,74,73,82,71,77,75,71,82,18,13,10,1822,,https://www.maddenratings.com/chukwuma-okorafor
New York Jets,Isaiah Williams,WR,Wide Receiver,18,,67,25,"January 29, 2001",United States,Illinois,3,,,,87,92,59,91,64,88,90,80,82,67,43,61,58,53,53,51,81,78,77,69,67,64,71,76,73,48,92,78,59,70,77,49,24,10,10,23,29,17,10,15,22,13,41,30,40,26,29,15,15,29,28,30,83,2787,,https://www.maddenratings.com/isaiah-williams
New York Jets,Jelani Woods,TE,Tight End,86,Vertical Threat,67,27,"October 9, 1998",United States,Virginia,5,2022,73,Indianapolis Colts,85,87,78,83,52,89,89,84,85,79,53,67,61,62,66,58,78,82,77,63,61,59,62,72,66,70,73,74,71,65,71,66,38,15,20,35,40,15,12,20,37,35,63,61,62,61,63,59,61,59,15,14,15,3088,,https://www.maddenratings.com/jelani-woods
New York Jets,Kene Nwangwu,HB,Halfback,3,Elusive Back,67,28,"February 9, 1998",United States,Iowa State,6,2021,119,Minnesota Vikings,92,94,68,87,65,86,88,82,80,31,11,20,17,12,20,23,61,42,43,52,45,42,45,83,73,60,82,73,64,70,78,23,29,10,10,25,33,16,11,18,21,15,33,48,36,18,23,26,29,31,17,15,88,2364,,https://www.maddenratings.com/kene-nwangwu
New York Jets,Kobe King,WILL,Weak Backer,45,Run Stopper,66,23,"January 28, 2003",United States,Penn State,,2025,201,Minnesota Vikings,83,91,76,77,66,80,88,87,88,23,12,6,6,6,6,6,49,48,42,23,20,17,21,60,37,40,73,46,41,43,46,22,76,52,51,64,79,65,55,61,79,45,45,45,78,45,45,45,45,22,22,18,10,2476,,https://www.maddenratings.com/kobe-king
New York Jets,Eric Watts,DT,Defensive Tackle,95,,66,25,"October 1, 2000",United States,Connecticut,3,,,,83,88,79,65,63,87,90,86,90,32,21,25,19,14,15,13,35,35,32,18,16,14,19,41,41,37,58,48,32,38,45,20,76,69,68,74,72,64,28,21,78,35,37,32,71,36,33,30,36,35,26,26,39,2385,,https://www.maddenratings.com/eric-watts
New York Jets,Francisco Mauigoa,MIKE,Mike Backer,51,Field General,66,23,"March 17, 2003",United States,Miami,2,2025,162,New York Jets,84,90,73,75,68,84,88,87,88,30,20,26,23,20,31,17,56,46,45,26,23,20,24,63,38,40,71,49,43,46,49,33,78,55,61,63,81,67,59,66,78,46,45,45,72,45,45,45,45,24,22,18,10,2646,,https://www.maddenratings.com/francisco-mauigoa
New York Jets,Max Mitchell,LT,Left Tackle,61,,66,26,"October 12, 1999",United States,UL Lafayette,5,2022,111,New York Jets,61,71,85,55,75,64,91,84,86,24,10,8,6,5,6,6,24,15,13,15,5,5,12,29,12,25,57,16,29,11,14,14,29,15,13,25,32,20,10,10,26,10,73,68,79,72,74,65,70,85,22,19,10,1860,,https://www.maddenratings.com/max-mitchell
New York Jets,Kingsley Jonathan,LEDG,Left Edge,57,Power Rusher,65,28,"April 28, 1998",Nigeria,Syracuse,5,,,,80,87,80,83,56,83,89,70,84,20,14,6,6,6,6,6,35,34,25,10,7,5,13,39,25,35,67,29,31,23,27,12,73,69,61,68,80,57,17,21,77,17,45,45,77,45,45,45,45,21,31,27,10,2169,,https://www.maddenratings.com/kingsley-jonathan
New York Jets,VJ Payne,SS,Strong Safety,34,Hybrid,65,22,"March 17, 2004",,Kansas State,,,,,91,93,61,85,59,84,85,87,90,26,12,6,6,6,6,6,63,61,62,44,41,34,43,64,53,52,80,65,46,59,67,11,64,37,43,50,72,59,66,70,72,66,35,35,59,35,35,35,35,25,25,21,41,2628,,https://www.maddenratings.com/vj-payne
New York Jets,Bailey Zappe,QB,Quarterback,11,Field General,64,27,"April 26, 1999",United States,W. Kentucky,5,2022,137,New England Patriots,76,84,56,76,65,74,91,88,89,85,76,84,78,75,77,77,22,14,13,14,12,10,16,67,42,27,74,66,32,47,55,56,24,10,10,19,24,16,10,13,15,10,19,17,26,14,11,17,13,17,38,32,10,2183,,https://www.maddenratings.com/bailey-zappe
New York Jets,Dean Clark,FS,Free Safety,35,Zone,64,25,"June 1, 2001",United States,Fresno State,2,,,,89,90,65,81,58,94,86,87,88,24,10,6,6,6,6,6,69,62,63,35,34,33,37,61,51,45,88,58,44,60,67,20,63,32,36,46,73,56,64,68,74,61,35,35,57,35,35,35,35,15,19,17,35,2555,,https://www.maddenratings.com/dean-clark
New York Jets,Jack Heflin,DT,Defensive Tackle,96,,64,28,"March 8, 1998",United States,Iowa,6,,,,60,68,83,64,67,72,89,70,81,15,12,6,6,6,6,6,25,21,14,13,6,3,15,34,13,29,59,24,25,17,17,12,74,64,52,77,67,65,18,24,76,13,48,46,82,48,48,46,46,29,17,14,9,2001,,https://www.maddenratings.com/jack-heflin
New York Jets,Keidron Smith,SS,Strong Safety,22,Zone,64,26,"November 1, 1999",United States,Kentucky,4,,,,86,86,62,77,65,86,92,87,83,23,10,15,10,10,11,10,72,63,63,20,16,11,18,59,42,40,81,59,46,57,64,18,69,35,41,62,71,63,59,68,74,76,35,35,62,35,35,35,35,17,17,15,44,2525,,https://www.maddenratings.com/keidron-smith
New York Jets,Marcelino McCrary-Ball,WILL,Weak Backer,41,Pass Coverage,64,27,"March 23, 1999",United States,Indiana,4,,,,89,91,72,83,64,85,87,83,82,24,15,6,6,6,6,6,68,61,56,20,10,10,25,63,44,42,82,63,49,56,69,15,73,42,52,58,78,61,57,64,76,64,35,35,70,35,35,35,35,22,18,17,35,2535,,https://www.maddenratings.com/marcelino-mccrary-ball
New York Jets,Mory Bamba,CB,Cornerback,38,Zone,64,25,"November 21, 2000",,BYU,,,,,92,93,61,87,58,87,87,90,81,26,11,6,6,6,6,6,61,62,54,20,17,14,32,60,57,52,80,59,35,63,71,10,55,30,35,48,71,54,62,69,57,64,35,35,53,35,35,35,35,11,15,12,46,2442,,https://www.maddenratings.com/mory-bamba
New York Jets,Brady Cook,QB,Quarterback,4,,63,24,"October 12, 2001",United States,Missouri,2,,,,85,89,67,82,51,85,88,88,88,88,72,79,77,71,80,79,38,18,19,18,16,15,26,57,66,47,84,74,42,56,60,70,32,30,30,23,35,27,16,17,30,17,19,25,28,22,21,18,26,27,22,26,21,2487,,https://www.maddenratings.com/brady-cook
New York Jets,Jordan Clark,CB,Cornerback,33,Man to Man,63,25,"April 22, 2001",United States,Notre Dame,2,,,,88,89,60,73,58,87,88,87,86,23,10,6,6,6,6,6,67,62,59,29,24,21,28,54,47,31,83,60,29,61,73,12,56,31,32,39,71,56,68,68,57,70,35,35,56,35,35,35,35,26,13,11,55,2438,,https://www.maddenratings.com/jordan-clark
New York Jets,Marquis Hayes,LG,Left Guard,77,Power,63,27,"February 14, 1999",United States,Oklahoma,5,,,,62,67,86,53,58,63,90,83,86,20,10,6,6,6,6,6,21,16,11,12,10,8,8,20,15,30,51,18,30,16,17,10,28,20,18,35,24,19,10,10,38,10,71,65,84,74,67,69,62,69,15,12,10,1811,,https://www.maddenratings.com/marquis-hayes
New York Jets,Jarius Monroe,FS,Free Safety,25,Hybrid,62,25,"October 6, 2000",United States,Tulane,2,,,,86,89,59,78,60,83,89,88,88,27,10,6,6,6,6,6,63,57,53,25,20,17,25,59,50,41,81,63,42,58,64,11,65,32,35,48,72,58,66,67,77,66,35,35,54,35,35,35,35,15,18,17,48,2464,,https://www.maddenratings.com/jarius-monroe
New York Jets,Landon Young,RT,Right Tackle,67,Power,62,28,"August 21, 1997",United States,Kentucky,6,2021,206,New Orleans Saints,65,76,90,60,68,75,83,80,89,35,10,12,6,6,6,6,28,23,26,22,13,7,21,22,8,24,43,14,10,10,13,12,32,22,17,36,33,21,12,12,35,10,68,66,76,66,70,68,64,72,20,22,10,1895,,https://www.maddenratings.com/landon-young
New York Jets,Courtland Ford,LT,Left Tackle,75,Power,58,24,"September 6, 2001",,UCLA,,,,,59,67,80,51,59,68,88,86,86,14,10,6,6,6,6,6,28,17,17,11,5,5,13,24,18,24,48,12,13,10,10,12,26,10,10,24,21,22,11,16,46,10,67,67,73,67,68,68,67,72,10,12,10,1742,,https://www.maddenratings.com/courtland-ford
New York Jets,Xavier Newman,C,Center,65,Agile,56,27,"August 4, 1999",United States,Baylor,5,,,,66,75,81,43,60,68,89,79,88,15,10,10,6,6,6,6,20,13,14,10,8,5,11,25,14,29,43,15,22,12,11,11,31,18,13,26,22,15,10,10,35,10,67,62,81,63,71,60,64,68,15,12,10,1734,,https://www.maddenratings.com/xavier-newman
Philadelphia Eagles,Lane Johnson,RT,Right Tackle,65,Power,97,36,"May 8, 1990",United States,Oklahoma,14,2013,4,Philadelphia Eagles,76,77,93,74,99,82,82,88,91,65,41,59,54,50,52,39,64,57,58,46,33,25,45,67,30,65,58,60,55,50,54,39,60,53,60,56,55,29,12,20,60,10,97,95,95,98,96,95,92,96,25,22,10,3164,Nasty Streak Blockers with this ability will dominantly win impact blocks against linebackers and defensive backs when playing as a lineman or fullback. Tough Nut Blockers with this ability have an increased number of blocker resistance points.,https://www.maddenratings.com/lane-johnson
Philadelphia Eagles,DeVonta Smith,WR,Wide Receiver,6,Slot,92,27,"November 14, 1998",United States,Alabama,6,2021,10,Philadelphia Eagles,92,95,49,93,96,89,90,92,87,31,19,25,19,14,17,19,96,90,86,92,90,91,86,74,73,46,94,91,58,77,83,19,36,11,14,38,52,24,29,36,31,19,42,31,38,19,25,21,19,24,18,15,82,2797,"Runoff Elite Players with this ability will distract defenders for longer with their runoffs Mid Out Elite Receivers with this ability catch more consistently while catching passes less than 10-20 yards from the LoS, outside the numbers",https://www.maddenratings.com/devonta-smith
Philadelphia Eagles,Saquon Barkley,HB,Halfback,26,Elusive Back,92,29,"February 9, 1997",United States,Penn State,9,2018,2,New York Giants,95,94,81,93,87,96,91,94,90,41,18,41,34,29,36,18,74,73,62,75,67,65,69,96,84,84,92,87,88,88,90,31,28,17,25,24,36,21,15,13,17,10,36,60,37,35,31,38,33,34,19,14,81,2887,"Phenom Some athletes defy classification as much as they defy boundaries. When they enter the zone, they are highly likely to win the first interaction they have with a defender. Human Joystick Ballcarriers with this ability can quickly shift momentum, change direction, and turn the corner without sacrificing speed. Evasive Ballcarriers with this ability have steerable juke and spin animations. Energizer Ballcarriers with this ability will replenish a small portion of their stamina upon successfully performing any skill move",https://www.maddenratings.com/saquon-barkley
Philadelphia Eagles,Zack Baun,WILL,Weak Backer,53,Pass Coverage,92,29,"December 30, 1996",United States,Wisconsin,7,2020,74,New Orleans Saints,89,87,80,83,94,79,93,93,90,47,40,46,40,33,45,41,66,54,43,30,22,16,18,61,46,34,74,58,41,58,68,52,93,72,79,77,94,94,75,84,86,56,45,45,87,44,44,43,44,19,21,19,10,3052,Demoralizer Defenders with this ability will cause increased fatigue penalties when tackling a ballcarrier with a hit-stick tackle. Outmatched Defenders with this ability have a slightly improved chance to force catch knockouts against running backs,https://www.maddenratings.com/zack-baun
Philadelphia Eagles,Jordan Mailata,LT,Left Tackle,68,Power,91,29,"March 31, 1997",Australia,No College,9,2018,233,Philadelphia Eagles,76,70,97,68,94,75,91,94,93,39,15,6,6,6,6,6,57,48,55,30,25,20,20,64,44,74,57,62,57,37,51,12,52,15,15,36,57,16,12,17,60,10,91,89,93,90,93,90,87,98,18,13,10,2617,All Day Blockers with this ability will allow less frequent shed attempts by their block target Edge Protector Blockers with this ability reduce an edge pass rusher's chances of using a quick block shed move. Run Protector Blockers with this ability reduce a rusher's chances of using most quick run block shed moves.,https://www.maddenratings.com/jordan-mailata
Philadelphia Eagles,Dallas Goedert,TE,Tight End,88,Vertical Threat,89,31,"January 3, 1995",United States,S. Dakota St.,9,2018,49,Philadelphia Eagles,86,85,78,82,94,85,88,90,85,27,15,15,10,5,10,5,90,85,84,80,74,70,82,73,76,76,73,81,81,73,76,15,37,10,10,30,35,15,10,17,28,10,74,61,61,68,73,58,60,50,19,15,20,2810,"Arm Bar Ballcarriers with this ability have more powerful stiff arm animations and have a larger timing window for landing perfect stiff arms Short Out Elite Receivers with this ability catch more consistently while catching passes less than 10 yards from the LoS, outside the numbers",https://www.maddenratings.com/dallas-goedert
Philadelphia Eagles,Cooper DeJean,CB,Cornerback,33,Zone,89,23,"February 9, 2003",United States,Iowa,3,2024,40,Philadelphia Eagles,92,91,65,90,92,91,93,92,88,55,38,57,53,47,58,44,80,71,70,57,56,53,58,70,73,58,86,82,55,71,74,59,77,31,36,61,80,90,82,91,74,79,44,35,58,35,35,35,33,35,25,26,80,3361,,https://www.maddenratings.com/cooper-dejean
Philadelphia Eagles,Jalen Carter,DT,Defensive Tackle,98,Power Rusher,89,25,"April 4, 2001",United States,Georgia,4,2023,9,Philadelphia Eagles,82,88,94,78,90,85,88,86,89,21,17,6,6,6,6,6,50,40,44,37,34,29,38,48,25,51,69,46,48,40,44,12,82,90,75,81,85,92,22,28,90,25,55,45,90,56,51,45,45,58,51,43,10,2722,Unpredictable Defenders with this ability are less likely to increase their blocker's resistance bars when performing shed wins Mr. Big Stop Defenders with this ability will start 3rd or 4th down with slightly increased fatigue replenishment Quick Jump Players with this ability have a slightly reduced stamina cost and slightly longer perfect window for jumping snaps.,https://www.maddenratings.com/jalen-carter
Philadelphia Eagles,Quinyon Mitchell,CB,Cornerback,27,Man to Man,89,25,"July 18, 2001",United States,Toledo,3,2024,22,Philadelphia Eagles,94,94,66,90,90,90,92,92,87,31,16,23,21,11,28,19,78,74,72,28,26,23,44,75,66,45,89,77,47,74,75,28,69,25,30,49,75,89,87,89,70,80,25,26,55,21,19,13,14,29,21,19,66,2836,"Lurker Defenders with this ability can make spectacular interceptions while lurking in zones, and are more likely to attempt and succeed at diving swats/catches. Flat Zone KO Defenders with this ability have a slightly improved chance to force catch knockouts and react quicker in any flat zone coverage, less than 10 yards from the LoS and outside the hash marks.",https://www.maddenratings.com/quinyon-mitchell
Philadelphia Eagles,Jonathan Greenard,REDG,Right Edge,52,Smaller Speed Rusher,85,29,"May 25, 1997",United States,Florida,7,2020,90,Houston Texans,86,87,81,81,90,75,85,80,82,23,11,6,6,6,6,6,63,47,47,31,21,19,29,56,24,32,72,48,44,43,47,16,83,76,87,83,85,89,42,52,81,44,45,45,86,45,45,45,45,27,21,18,20,2614,"Secure Tackler Defenders with this ability have an increased chance to avoid fakeouts. Edge Threat Defenders with this ability are slightly more likely to use faster, more dominant pass rush moves while rushing from the edge of the defense, and have more favorable disengage angles.",https://www.maddenratings.com/jonathan-greenard
Philadelphia Eagles,Landon Dickerson,LG,Left Guard,69,Power,85,27,"September 30, 1998",United States,Alabama,6,2021,37,Philadelphia Eagles,66,64,93,66,85,68,85,88,94,24,11,6,6,6,6,6,31,17,14,12,6,7,16,28,7,27,46,15,24,10,11,12,36,10,10,39,21,32,6,10,40,10,84,82,91,86,82,85,79,87,12,12,10,1981,,https://www.maddenratings.com/landon-dickerson
Philadelphia Eagles,Nolan Smith Jr,LEDG,Left Edge,3,Smaller Speed Rusher,83,25,"January 18, 2001",United States,Georgia,4,,,,90,92,69,87,84,93,88,77,84,25,15,21,15,11,15,11,50,42,43,20,15,11,19,49,36,39,81,50,34,54,55,21,86,70,79,74,85,81,47,55,84,37,40,35,83,40,40,35,35,23,20,20,25,2590,Quick Jump Players with this ability have a slightly reduced stamina cost and slightly longer perfect window for jumping snaps.,https://www.maddenratings.com/nolan-smith-jr
Philadelphia Eagles,Jalen Hurts,QB,Quarterback,1,,82,28,"August 7, 1998",United States,Oklahoma,7,2020,53,Philadelphia Eagles,88,90,76,90,81,86,92,96,93,86,85,91,87,84,88,93,66,54,50,40,31,17,27,63,81,73,89,95,74,79,83,93,37,10,10,28,36,20,16,22,30,14,33,22,36,19,15,18,20,27,23,23,22,2902,"Run & Gun Many passers use a combination of mobility and aggressiveness to make big plays. When they enter the zone, they have elite accuracy while throwing on the run. Fastbreak Passers with this ability receive better blocking support on designed quarterback run plays. Extender While in the pocket, passers with this ability have a slightly improved chance to break the first sack attempt by a blitzing defensive back. Dashing Deadeye Passers with this ability have elite accuracy on all unpressured throws under 40 yards while running outside the pocket (except on high throws).",https://www.maddenratings.com/jalen-hurts
Philadelphia Eagles,Jordan Davis,DT,Defensive Tackle,90,,82,26,"January 12, 2000",United States,Georgia,5,2022,13,Philadelphia Eagles,81,86,96,58,79,78,91,76,87,14,11,6,6,6,6,6,34,28,21,13,5,3,14,53,29,48,51,42,24,17,22,12,84,77,65,80,78,82,11,19,82,14,45,45,92,45,45,45,45,40,15,11,10,2233,,https://www.maddenratings.com/jordan-davis
Philadelphia Eagles,Tariq Woolen,CB,Cornerback,2,Zone,82,27,"May 2, 1999",United States,UTSA,5,,,,96,96,60,87,84,94,89,92,75,27,9,15,10,6,17,6,82,71,62,44,42,40,44,62,53,39,84,62,33,63,71,16,56,29,34,50,71,83,72,78,61,85,35,35,53,35,35,35,35,15,24,18,45,2715,,https://www.maddenratings.com/tariq-woolen
Philadelphia Eagles,Braden Mann,P,Punter,10,Power,79,28,"November 24, 1997",United States,Texas AM,7,2020,191,New York Jets,77,78,45,77,66,76,86,87,83,28,14,15,15,15,18,10,30,12,10,10,10,10,12,25,20,15,68,21,15,10,10,19,44,10,10,26,25,10,21,29,12,10,20,20,23,23,23,24,24,23,93,85,10,1652,,https://www.maddenratings.com/braden-mann
Philadelphia Eagles,Jake Elliott,K,Kicker,4,Power,79,31,"January 21, 1995",United States,Memphis,10,2017,153,Cincinnati Bengals,75,77,34,64,65,52,86,82,57,28,15,33,19,15,24,20,27,17,19,20,15,12,16,33,14,11,51,18,12,10,16,14,27,10,10,26,39,18,20,14,25,10,20,20,18,16,16,17,17,13,97,87,10,1581,,https://www.maddenratings.com/jake-elliott
Philadelphia Eagles,Jihaad Campbell,MIKE,Mike Backer,11,Pass Coverage,79,22,"February 24, 2004",United States,Alabama,2,2025,31,Philadelphia Eagles,89,91,72,87,74,85,88,87,89,25,12,6,6,6,6,6,66,60,56,35,30,27,32,62,38,42,81,52,46,50,56,23,87,56,62,73,87,72,69,75,84,54,45,45,74,45,45,45,45,26,22,20,10,2726,,https://www.maddenratings.com/jihaad-campbell
Philadelphia Eagles,Marquise Brown,,,,,78,29,"June 4, 1997",United States,Oklahoma,8,2019,25,Baltimore Ravens,94,92,44,94,73,85,86,89,86,42,14,30,20,15,15,6,86,83,80,76,77,78,76,72,72,25,90,86,52,76,86,17,18,10,10,19,22,16,17,27,12,12,38,23,33,10,11,10,10,19,19,16,78,2447,,https://www.maddenratings.com/marquise-brown
Philadelphia Eagles,Cam Jurgens,C,Center,51,Agile,77,26,"August 21, 1999",United States,Nebraska,5,2022,51,Philadelphia Eagles,74,78,83,74,87,81,85,84,80,20,10,6,6,6,6,6,47,40,43,39,36,32,42,45,35,39,60,44,45,38,42,10,26,20,18,25,35,15,10,10,32,12,79,77,78,76,80,75,79,87,19,15,10,2301,,https://www.maddenratings.com/cam-jurgens
Philadelphia Eagles,Arnold Ebiketie,LEDG,Left Edge,17,Smaller Speed Rusher,77,27,"January 23, 1999",Cameroon,Penn State,5,2022,38,Atlanta Falcons,83,86,76,84,74,87,92,81,91,23,12,6,6,6,6,6,45,34,32,24,16,13,30,45,14,24,74,21,25,16,21,12,85,69,78,75,83,72,33,43,79,27,45,45,82,45,45,45,45,14,15,16,10,2316,,https://www.maddenratings.com/arnold-ebiketie
Philadelphia Eagles,Tank Bigsby,HB,Halfback,8,Elusive Back,77,23,"August 30, 2002",United States,Auburn,4,2023,88,Jacksonville Jaguars,92,92,75,84,78,81,92,86,88,27,14,20,16,12,17,15,62,53,51,56,48,40,51,88,84,85,86,85,78,72,84,28,32,10,10,31,39,14,11,16,27,15,34,54,36,18,25,32,26,31,17,15,76,2509,,https://www.maddenratings.com/tank-bigsby
Philadelphia Eagles,Dontayvion Wicks,WR,Wide Receiver,13,,76,25,"June 16, 2001",United States,Virginia,4,2023,159,Green Bay Packers,89,88,60,87,80,90,86,80,85,53,40,45,39,35,44,31,83,82,82,79,79,79,73,71,75,46,86,84,50,74,82,36,29,10,10,20,31,16,10,10,21,16,42,23,43,18,24,24,18,22,24,20,40,2664,,https://www.maddenratings.com/dontayvion-wicks
Philadelphia Eagles,Makai Lemon,,,9,,76,22,"June 2, 2004",United States,USC,,2026,20,Philadelphia Eagles,89,91,69,92,73,87,92,90,89,62,37,58,54,57,49,40,84,79,80,77,78,73,72,76,78,46,92,85,58,78,85,43,42,25,27,33,42,35,36,40,38,29,48,30,43,31,34,32,28,25,30,29,79,3069,,https://www.maddenratings.com/makai-lemon
Philadelphia Eagles,A.J. Epenesa,REDG,Right Edge,57,,75,27,"September 15, 1998",United States,Iowa,7,2020,54,Buffalo Bills,78,75,85,76,81,79,90,82,90,24,14,6,6,6,6,6,53,37,31,26,22,15,27,51,27,36,65,41,37,23,36,12,83,76,68,77,82,80,20,28,80,19,45,45,87,45,45,45,45,16,22,15,16,2382,,https://www.maddenratings.com/aj-epenesa
Philadelphia Eagles,Elijah Moore,WR,Wide Receiver,19,,75,26,"March 27, 2000",United States,Ole Miss,6,2021,34,New York Jets,91,90,59,92,68,84,86,87,86,36,20,15,10,10,10,18,83,82,83,73,73,73,66,76,75,43,92,86,39,78,87,21,24,10,10,25,31,16,12,17,15,18,41,27,41,24,29,18,14,23,16,13,77,2493,,https://www.maddenratings.com/elijah-moore
Philadelphia Eagles,Marcus Epps,SS,Strong Safety,29,Run Support,75,30,"January 27, 1996",United States,Wyoming,8,2019,191,Minnesota Vikings,87,87,63,87,76,91,88,94,85,27,10,14,12,10,6,6,67,57,57,38,30,26,28,57,53,30,81,63,48,62,70,11,72,32,43,61,79,77,67,72,84,66,35,35,55,33,34,33,34,18,18,17,60,2646,,https://www.maddenratings.com/marcus-epps
Philadelphia Eagles,Moro Ojomo,DT,Defensive Tackle,97,Power Rusher,75,24,"August 15, 2001",Nigeria,Texas,4,2023,249,Philadelphia Eagles,71,82,84,69,78,80,92,81,84,20,6,13,9,6,7,6,33,25,22,10,8,6,15,35,21,38,61,33,51,25,35,15,82,83,73,74,80,74,22,26,81,31,45,45,86,45,45,45,45,25,28,22,10,2288,,https://www.maddenratings.com/moro-ojomo
Philadelphia Eagles,Andrew Mukuba,FS,Free Safety,24,Zone,74,23,"December 7, 2002",United States,Texas,2,2025,64,Philadelphia Eagles,91,91,64,82,72,85,85,89,84,25,13,6,6,6,6,6,73,64,61,38,33,29,36,64,57,50,84,69,47,61,68,14,76,35,33,57,84,69,67,71,78,70,35,35,53,35,35,35,35,25,20,18,43,2668,,https://www.maddenratings.com/andrew-mukuba
Philadelphia Eagles,Dameon Pierce,HB,Halfback,39,Power Back,74,26,"February 19, 2000",United States,Florida,5,2022,107,Houston Texans,89,88,84,82,64,82,96,86,91,26,11,20,15,10,15,15,67,50,54,60,52,44,49,89,84,89,81,80,82,72,82,30,41,10,10,39,46,14,12,16,40,15,45,57,45,33,27,39,35,45,16,12,76,2612,,https://www.maddenratings.com/dameon-pierce
Philadelphia Eagles,Jalyx Hunt,REDG,Right Edge,58,Smaller Speed Rusher,74,25,"March 13, 2001",United States,Houston Christian,3,2024,94,Philadelphia Eagles,84,90,77,79,76,89,90,78,83,30,12,6,6,6,6,6,30,47,45,10,7,5,15,27,34,44,72,52,45,45,48,22,79,77,73,74,80,75,56,58,74,46,45,40,77,45,45,40,40,25,14,12,10,2451,,https://www.maddenratings.com/jalyx-hunt
Philadelphia Eagles,Michael Carter II,SS,Strong Safety,35,Hybrid,74,27,"March 8, 1999",United States,Duke,6,,,,91,92,55,85,77,85,89,89,85,27,10,6,6,6,6,6,68,66,44,22,16,11,27,54,39,28,82,52,25,65,72,15,56,30,36,47,71,79,77,75,45,72,35,35,38,35,35,35,35,15,18,17,49,2436,,https://www.maddenratings.com/michael-carter-ii
Philadelphia Eagles,Tyler Steen,RG,Right Guard,56,Agile,74,26,"June 24, 2000",United States,Alabama,4,2023,65,Philadelphia Eagles,64,73,91,59,76,73,94,86,85,26,7,10,8,6,6,6,24,15,10,10,8,6,12,23,10,22,59,23,17,10,10,10,48,51,45,52,53,47,12,13,51,10,77,79,83,75,79,77,80,69,12,11,10,2073,,https://www.maddenratings.com/tyler-steen
Philadelphia Eagles,Jakorian Bennett,CB,Cornerback,23,Man to Man,73,25,"August 23, 2000",United States,Maryland,4,2023,104,Las Vegas Raiders,95,97,54,89,65,94,89,87,78,29,10,23,21,20,13,14,75,73,55,21,14,11,25,58,65,29,87,71,32,65,74,21,53,29,37,38,68,64,72,68,60,63,35,31,39,35,35,31,31,22,14,14,63,2556,,https://www.maddenratings.com/jakorian-bennett
Philadelphia Eagles,Kelee Ringo,CB,Cornerback,7,Zone,73,24,"June 27, 2002",United States,Georgia,4,2023,105,Philadelphia Eagles,94,95,58,84,68,81,92,88,78,35,15,6,6,6,6,6,71,66,58,45,35,41,49,62,63,51,83,70,52,64,68,16,62,35,44,44,67,66,69,75,64,75,35,35,47,35,35,35,35,15,19,22,54,2680,,https://www.maddenratings.com/kelee-ringo
Philadelphia Eagles,Markel Bell,RT,Right Tackle,72,Power,73,22,"July 19, 2004",,Miami,,,,,64,66,87,64,76,73,89,81,86,12,12,6,6,6,6,6,24,17,15,14,5,5,18,30,16,24,56,11,14,10,10,12,27,10,10,25,24,22,13,15,42,10,74,78,86,77,76,79,77,81,10,12,10,1879,,https://www.maddenratings.com/markel-bell
Philadelphia Eagles,Will Shipley,HB,Halfback,28,Elusive Back,73,23,"August 29, 2002",United States,Clemson,3,2024,127,Philadelphia Eagles,91,91,68,87,72,90,83,90,83,36,22,28,22,15,24,18,64,53,52,67,62,55,58,83,74,76,89,80,73,74,83,25,32,10,10,25,35,17,11,18,26,10,30,48,32,25,32,30,35,29,22,17,79,2561,,https://www.maddenratings.com/will-shipley
Philadelphia Eagles,Elijah Mitchell,HB,Halfback,38,Elusive Back,72,28,"May 2, 1998",United States,UL Lafayette,6,2021,194,San Francisco 49ers,87,90,71,85,70,88,84,90,81,27,17,20,17,12,10,10,69,56,57,64,57,50,54,93,77,77,85,82,74,75,81,26,27,11,12,24,34,19,13,18,22,16,36,54,32,18,27,31,34,30,20,19,76,2509,,https://www.maddenratings.com/elijah-mitchell
Philadelphia Eagles,Eli Stowers,TE,Tight End,87,Vertical Threat,72,23,"April 15, 2003",,Vanderbilt,,,,,89,91,73,85,64,97,86,85,87,86,68,74,69,67,72,76,84,83,77,66,63,57,70,75,70,58,83,69,66,62,71,70,28,27,23,25,26,26,15,20,28,18,56,54,53,51,55,53,54,48,29,28,44,3154,,https://www.maddenratings.com/eli-stowers
Philadelphia Eagles,Jonathan Jones,CB,Cornerback,32,,72,32,"September 20, 1993",United States,Auburn,11,,,,91,90,63,84,70,87,83,92,73,27,12,6,6,6,6,6,74,72,60,26,16,11,27,60,55,28,85,60,29,65,68,15,70,35,41,56,73,69,70,73,67,76,34,33,44,33,34,33,34,14,18,17,60,2537,,https://www.maddenratings.com/jonathan-jones
Philadelphia Eagles,Andy Dalton,QB,Quarterback,14,Field General,71,38,"October 29, 1987",United States,TCU,16,2011,35,Cincinnati Bengals,73,66,54,72,74,73,93,80,92,87,80,85,82,77,81,80,55,47,52,30,20,10,24,64,47,23,70,63,28,51,52,55,15,10,10,12,23,10,12,12,12,10,14,13,14,14,14,13,13,10,12,19,10,2212,,https://www.maddenratings.com/andy-dalton
Philadelphia Eagles,Ambry Thomas,CB,Cornerback,38,Zone,71,26,"September 9, 1999",United States,Michigan,6,2021,102,San Francisco 49ers,91,90,61,81,72,90,89,86,86,10,13,6,6,6,6,6,69,65,49,25,15,10,35,54,44,24,81,68,28,70,80,10,66,33,37,46,71,72,63,73,63,76,35,35,50,35,35,35,35,17,15,12,74,2504,,https://www.maddenratings.com/ambry-thomas
Philadelphia Eagles,Mac McWilliams,CB,Cornerback,22,Man to Man,71,24,"November 29, 2001",United States,UCF,2,2025,145,Philadelphia Eagles,92,93,59,86,67,82,81,88,80,25,21,19,27,23,7,21,67,64,51,29,31,30,30,56,49,30,86,71,41,65,74,30,51,29,26,46,73,69,72,73,55,69,35,35,51,25,35,25,35,26,24,28,75,2632,,https://www.maddenratings.com/mac-mcwilliams
Philadelphia Eagles,Ty Robinson,DT,Defensive Tackle,95,,71,25,"May 3, 2001",United States,Nebraska,2,2025,111,Philadelphia Eagles,78,80,89,65,69,83,92,87,91,21,14,15,12,10,13,12,55,52,50,48,45,42,48,59,39,43,64,43,45,34,43,18,73,73,65,80,74,67,21,23,82,19,45,45,85,45,45,45,45,26,22,30,25,2594,,https://www.maddenratings.com/ty-robinson
Philadelphia Eagles,Carson Steele,HB,Halfback,34,Power Back,70,23,"November 24, 2002",United States,UCLA,3,,,,86,90,80,82,76,87,93,85,89,42,29,39,37,28,37,31,69,58,61,68,61,53,63,85,79,82,78,78,79,72,77,33,41,13,17,38,48,24,24,34,46,26,49,50,51,36,33,38,35,50,20,16,56,2852,,https://www.maddenratings.com/carson-steele
Philadelphia Eagles,Byron Young,DT,Defensive Tackle,94,,69,25,"November 10, 2000",United States,Alabama,4,2023,70,Las Vegas Raiders,71,81,82,59,69,66,93,76,82,10,10,7,6,6,9,8,37,23,22,10,7,5,29,40,15,25,49,21,35,25,29,12,80,68,57,75,76,70,15,23,79,25,40,35,78,40,40,35,35,24,14,11,10,2049,,https://www.maddenratings.com/byron-young-dt
Philadelphia Eagles,Grant Calcaterra,TE,Tight End,81,Vertical Threat,69,27,"December 4, 1998",United States,SMU,5,2022,198,Philadelphia Eagles,84,89,72,79,73,80,79,86,84,25,13,15,10,6,10,6,83,75,72,68,63,60,66,75,58,64,77,72,61,62,66,17,30,10,10,23,23,22,12,15,22,15,57,58,57,53,55,55,58,57,18,13,10,2523,,https://www.maddenratings.com/grant-calcaterra
Philadelphia Eagles,Mike Jordan,LG,Left Guard,60,Agile,69,28,"January 25, 1998",United States,Ohio State,8,,,,69,60,79,58,75,79,90,83,84,25,13,6,6,6,6,6,30,12,10,10,10,10,12,40,9,25,50,10,25,10,10,12,34,10,10,15,23,10,12,15,20,10,72,76,81,71,74,74,78,80,24,22,10,1851,,https://www.maddenratings.com/mike-jordan
Philadelphia Eagles,Quez Watkins,WR,Wide Receiver,86,Deep Threat,69,28,"June 9, 1998",United States,Southern Miss,7,2020,200,Philadelphia Eagles,92,93,41,84,65,87,87,86,78,24,16,15,10,6,18,6,84,78,78,72,71,73,66,72,75,36,82,79,49,73,75,27,29,10,10,20,38,16,12,16,21,13,38,27,41,29,20,10,10,24,16,12,79,2389,,https://www.maddenratings.com/quez-watkins
Philadelphia Eagles,Smael Mondon Jr.,WILL,Weak Backer,42,Run Stopper,69,23,"February 13, 2003",United States,Georgia,2,2025,161,Philadelphia Eagles,86,92,70,83,68,82,85,86,92,26,19,25,22,19,30,16,52,48,47,28,25,22,23,59,37,41,78,48,41,45,46,32,81,51,53,68,80,67,56,65,80,50,45,45,70,45,45,45,45,22,21,17,10,2634,,https://www.maddenratings.com/smael-mondon-jr
Philadelphia Eagles,Darius Cooper,WR,Wide Receiver,80,,68,24,"November 22, 2001",United States,Tarleton State,2,,,,89,91,65,81,64,88,91,88,87,32,21,20,17,12,20,21,80,79,79,72,73,75,68,72,73,43,85,77,50,70,77,20,35,11,11,24,32,24,18,26,34,22,48,30,44,30,35,27,33,26,23,22,54,2589,,https://www.maddenratings.com/darius-cooper
Philadelphia Eagles,Johnny Wilson,WR,Wide Receiver,89,,68,25,"April 3, 2001",United States,Florida State,3,2024,185,Philadelphia Eagles,88,90,70,82,71,92,82,83,80,27,18,15,10,6,10,6,78,82,78,71,70,71,72,72,76,63,84,77,59,69,77,25,31,10,10,29,30,13,15,18,32,20,46,46,50,35,27,30,27,33,19,15,29,2519,,https://www.maddenratings.com/johnny-wilson
Philadelphia Eagles,Johnny Mundt,TE,Tight End,83,Possession,68,31,"November 23, 1994",United States,Oregon,10,,,,83,84,74,76,74,74,83,81,84,25,10,6,6,6,6,6,79,76,76,66,60,56,63,71,63,69,74,66,71,57,61,18,33,22,16,26,33,24,14,24,30,10,64,60,60,56,60,58,54,50,22,20,10,2550,,https://www.maddenratings.com/johnny-mundt
Philadelphia Eagles,Keyshawn James-Newby,LEDG,Left Edge,50,Power Rusher,68,23,"August 8, 2002",,New Mexico,,,,,87,86,75,80,61,75,82,78,82,25,24,20,15,10,13,15,32,30,32,18,15,10,18,49,40,38,70,39,38,29,30,20,77,76,66,68,75,56,22,28,76,32,45,45,71,45,45,45,45,22,28,29,35,2367,,https://www.maddenratings.com/keyshawn-james-newby
Philadelphia Eagles,Micah Morris,RG,Right Guard,76,Power,68,22,"August 25, 2003",,Georgia,,,,,69,77,89,64,62,73,88,87,89,12,14,6,6,6,6,6,29,25,19,18,5,5,12,23,10,26,53,11,14,10,10,16,37,31,30,32,34,26,14,16,26,10,71,73,82,74,72,74,71,78,27,24,10,1952,,https://www.maddenratings.com/micah-morris
Philadelphia Eagles,Ta&#8217;Quon Graham,DT,Defensive Tackle,77,,68,27,"December 1, 1998",United States,Texas,6,,,,74,78,86,71,64,79,91,77,88,23,12,6,6,6,6,6,25,14,14,12,5,3,15,25,24,30,57,41,28,27,32,12,78,72,65,75,76,62,19,27,80,19,45,44,81,46,45,44,45,14,17,17,9,2117,,https://www.maddenratings.com/taquon-graham
Philadelphia Eagles,Cole Payton,QB,Quarterback,10,,67,23,"October 26, 2002",,North Dakota St.,,,,,87,91,68,80,41,90,86,85,91,85,82,84,81,77,84,82,59,18,16,28,20,16,21,65,74,70,75,87,59,66,75,77,37,11,12,20,24,16,10,13,18,10,24,16,25,17,13,15,11,18,17,13,15,2475,,https://www.maddenratings.com/cole-payton
Philadelphia Eagles,Jeremiah Trotter Jr.,SAM,Sam Backer,54,Pass Coverage,67,23,"December 24, 2002",United States,Clemson,3,2024,155,Philadelphia Eagles,78,85,69,79,71,80,91,83,90,23,10,13,13,9,14,13,67,64,63,31,27,23,31,59,41,42,72,50,40,45,50,24,77,61,68,67,79,73,65,68,87,55,35,35,66,31,29,31,31,40,17,15,40,2620,,https://www.maddenratings.com/jeremiah-trotter-jr
Philadelphia Eagles,Cameron Williams,RT,Right Tackle,73,Power,66,22,"October 16, 2003",United States,Texas,2,2025,207,Philadelphia Eagles,66,72,88,55,65,64,85,86,88,22,6,6,6,6,6,6,19,18,20,18,5,5,16,29,33,31,51,34,34,18,19,17,32,32,11,25,13,27,12,15,30,10,71,70,85,72,69,73,70,76,16,19,14,1936,,https://www.maddenratings.com/cameron-williams
Philadelphia Eagles,Drew Kendall,LG,Left Guard,66,Power,66,24,"November 27, 2001",United States,Boston College,2,2025,168,Philadelphia Eagles,71,72,81,66,76,75,92,84,90,15,12,6,6,6,6,6,22,22,20,18,10,5,12,23,6,21,64,10,10,10,10,11,23,25,11,15,31,24,11,10,24,10,71,71,79,69,71,71,69,77,13,12,10,1835,,https://www.maddenratings.com/drew-kendall
Philadelphia Eagles,Tanner McKee,QB,Quarterback,16,Field General,66,26,"April 27, 2000",United States,Stanford,4,2023,188,Philadelphia Eagles,77,84,61,76,67,78,89,75,87,87,76,83,79,75,80,76,20,10,12,12,11,10,16,58,39,39,74,67,28,27,37,45,20,5,5,18,16,15,5,11,15,5,15,15,16,11,11,14,19,10,15,11,5,2012,,https://www.maddenratings.com/tanner-mckee
Philadelphia Eagles,Cameron Latu,TE,Tight End,36,Vertical Threat,65,26,"February 24, 2000",United States,Alabama,3,2023,101,San Francisco 49ers,80,84,73,74,72,79,88,85,88,25,15,15,10,5,10,5,76,77,73,65,60,54,60,69,64,69,74,77,64,58,65,16,50,27,29,49,52,36,21,27,47,25,63,56,64,59,62,56,52,54,12,10,10,2690,,https://www.maddenratings.com/cameron-latu
Philadelphia Eagles,Britain Covey,WR,Wide Receiver,18,,65,29,"March 18, 1997",United States,Utah,5,,,,88,92,41,91,62,78,83,82,85,48,28,50,49,44,57,45,77,71,73,66,64,59,53,73,74,27,90,84,33,65,74,56,22,10,10,16,32,16,14,15,15,10,31,22,30,20,21,18,16,16,16,15,88,2515,,https://www.maddenratings.com/britain-covey
Philadelphia Eagles,Cole Wisniewski,FS,Free Safety,21,Hybrid,65,24,"March 9, 2002",,Texas Tech,,,,,88,91,68,86,61,87,83,90,88,41,42,45,43,39,37,36,61,62,63,45,42,35,38,61,52,55,83,64,48,55,67,44,64,38,43,54,73,59,65,69,72,63,35,35,55,35,35,35,35,27,20,22,51,2885,,https://www.maddenratings.com/cole-wisniewski
Philadelphia Eagles,Fred Johnson,LT,Left Tackle,74,Power,65,29,"June 5, 1997",United States,Florida,8,,,,62,59,85,53,78,63,89,81,83,12,10,6,6,6,6,6,24,15,17,18,8,5,15,20,5,25,42,16,22,10,14,12,31,10,10,25,23,15,9,14,40,10,72,70,79,70,74,71,68,79,14,13,10,1780,,https://www.maddenratings.com/fred-johnson
Philadelphia Eagles,Myles Hinton,LT,Left Tackle,78,,65,24,"January 9, 2002",United States,Michigan,2,2025,191,Philadelphia Eagles,66,69,82,56,67,77,86,86,86,29,7,6,6,6,6,6,22,15,17,12,5,5,14,43,20,21,52,22,12,21,14,12,30,44,36,31,21,29,13,15,38,10,71,72,80,70,72,71,73,81,14,10,10,1939,,https://www.maddenratings.com/myles-hinton
Philadelphia Eagles,Rocco Underwood,LS,Long Snapper,37,Accurate,65,23,"August 14, 2002",,Florida,,,,,74,78,66,74,54,73,88,78,87,26,10,10,10,10,10,10,55,41,48,35,34,32,26,53,22,47,72,54,43,44,56,10,50,35,37,42,57,46,55,57,55,37,44,45,73,44,39,48,41,56,13,13,10,2327,,https://www.maddenratings.com/rocco-underwood
Philadelphia Eagles,Stone Smartt,TE,Tight End,84,Vertical Threat,64,27,"October 8, 1998",United States,Old Dominion,4,,,,85,91,62,79,63,91,88,80,76,78,49,67,65,64,77,66,79,77,71,63,60,57,58,75,69,67,78,76,65,66,73,77,35,17,17,35,41,37,14,15,29,17,45,49,48,43,47,44,47,31,16,15,60,2994,,https://www.maddenratings.com/stone-smartt
Philadelphia Eagles,Chance Campbell,MIKE,Mike Backer,59,,64,26,"October 8, 1999",United States,Ole Miss,5,2022,219,Tennessee Titans,86,90,75,76,65,93,87,86,78,20,7,6,6,6,6,6,47,41,40,15,5,5,10,51,39,35,68,34,42,33,38,13,75,53,60,62,83,69,50,55,74,43,45,45,78,45,45,45,45,28,21,16,10,2356,,https://www.maddenratings.com/chance-campbell
Philadelphia Eagles,Gabe Hall,DT,Defensive Tackle,96,,64,25,"January 12, 2001",United States,Baylor,3,,,,66,72,84,63,67,75,87,83,85,20,10,6,6,6,6,6,33,24,25,14,7,5,15,41,29,30,58,25,29,17,16,12,78,67,61,71,70,65,18,32,77,15,45,45,87,45,45,45,45,27,18,14,10,2102,,https://www.maddenratings.com/gabe-hall
Philadelphia Eagles,Hollin Pierce,RG,Right Guard,63,Power,62,25,"April 19, 2001",United States,Rutgers,2,,,,60,64,88,51,59,61,87,81,83,12,14,6,6,6,6,6,23,15,13,13,5,5,13,22,9,31,45,11,13,10,10,14,27,15,10,25,25,15,12,13,25,10,68,67,79,69,67,68,66,77,13,12,10,1715,,https://www.maddenratings.com/hollin-pierce
Philadelphia Eagles,J.T. Gray,SS,Strong Safety,48,Zone,62,30,"January 18, 1996",United States,Mississippi St.,9,,,,90,89,65,80,57,81,91,86,81,31,10,6,6,6,6,6,62,62,51,30,20,15,26,58,51,54,79,58,61,59,66,27,72,40,46,54,80,54,56,63,76,61,35,35,53,35,35,35,35,10,17,14,60,2536,,https://www.maddenratings.com/jt-gray
Philadelphia Eagles,John Ojukwu,LT,Left Tackle,61,Agile,61,27,"January 9, 1999",United States,Boise State,3,,,,64,74,86,65,64,71,93,78,85,19,6,6,6,6,6,6,21,20,14,10,6,5,10,23,14,30,58,22,39,12,12,9,55,57,47,55,59,45,10,12,60,10,68,66,82,68,68,64,68,80,15,11,10,2050,,https://www.maddenratings.com/john-ojukwu
Philadelphia Eagles,Willie Lampkin,C,Center,61,Agile,61,24,"January 22, 2002",United States,North Carolina,2,,,,65,74,82,59,65,61,86,81,81,17,14,6,6,6,6,6,20,14,15,10,5,5,12,22,9,30,59,15,15,10,10,12,23,15,10,26,27,15,12,12,22,10,70,69,75,68,71,65,68,79,11,11,10,1747,,https://www.maddenratings.com/willie-lampkin
Philadelphia Eagles,Jake Majors,C,Center,75,Power,59,24,"January 17, 2002",United States,Texas,2,,,,65,70,83,60,57,67,88,82,82,16,13,6,6,6,6,6,23,15,15,15,5,5,13,21,9,29,60,10,16,10,10,13,25,15,10,27,29,13,12,13,28,10,69,67,79,69,68,68,67,78,14,13,10,1766,,https://www.maddenratings.com/jake-majors
Philadelphia Eagles,Uar Bernard,DT,Defensive Tackle,93,,59,21,"October 10, 2004",,No College,,,,,84,90,91,54,55,92,88,76,85,22,10,6,6,6,6,6,24,17,17,14,12,2,17,40,11,33,61,23,27,21,22,12,65,56,45,60,75,52,22,29,77,22,45,45,86,45,45,45,45,25,15,19,10,2058,,https://www.maddenratings.com/uar-bernard
Pittsburgh Steelers,Cameron Heyward,DT,Defensive Tackle,97,,95,37,"May 6, 1989",United States,Ohio State,16,2011,31,Pittsburgh Steelers,75,73,94,67,96,74,92,94,95,21,18,6,6,6,6,6,48,22,10,10,3,2,12,39,11,36,58,29,46,10,10,12,95,88,74,96,89,97,22,32,92,10,45,45,94,45,45,45,45,17,12,11,10,2296,"Fearmonger Some pass rushers intimidate quarterbacks with their sheer presence. When they enter the zone, they can apply significant pressure on quarterbacks even while engaged with blockers. Inside Stuff Defenders with this ability have slightly improved run shed moves and disengage angles for a better chance at stopping inside run plays. Unpredictable Defenders with this ability are less likely to increase their blocker's resistance bars when performing shed wins El Toro Defenders with this ability have a slightly improved chance to receive dominant bull rush wins when their stamina is full. This consumes a large amount of additional stamina.",https://www.maddenratings.com/cameron-heyward
Pittsburgh Steelers,T.J. Watt,LEDG,Left Edge,90,,93,31,"October 11, 1994",United States,Wisconsin,10,2017,30,Pittsburgh Steelers,83,86,86,84,98,88,91,88,95,25,16,6,6,6,6,6,72,57,52,24,14,7,22,53,23,52,70,49,54,37,46,12,91,86,91,91,93,98,59,65,87,43,45,45,79,45,45,45,45,16,57,50,6,2796,"Unstoppable Force Elite pass rushers are a mix of strength, speed, and tenacity. When they enter the zone, this ability increases their win rate and block shed speed against one-on-one pass blocks. Secure Tackler Defenders with this ability have an increased chance to avoid fakeouts. Edge Threat Defenders with this ability are slightly more likely to use faster, more dominant pass rush moves while rushing from the edge of the defense, and have more favorable disengage angles. No Outsiders Defenders with this ability have slightly improved run shed moves and disengage angles for a better chance at stopping outside zone plays.",https://www.maddenratings.com/tj-watt
Pittsburgh Steelers,Jalen Ramsey,FS,Free Safety,5,Hybrid,90,31,"October 24, 1994",United States,Florida State,11,2016,5,Jacksonville Jaguars,93,92,71,89,87,94,90,94,90,27,17,33,26,21,24,16,83,72,55,36,24,12,27,71,68,42,88,72,57,69,78,34,78,35,41,70,79,85,87,85,82,98,34,21,65,33,34,33,34,22,18,17,80,2983,"Bottleneck Bottleneck defenders realize that the best way to stop a route is to act early. When they enter the zone, they are highly likely to dominantly win any man press encounter. One Step Ahead Defenders with this ability have a slightly increased chance to react much faster to receiver cut moves when in man coverage Bench Press Defenders with this ability apply bonus fatigue to their man coverage target after a successful press win",https://www.maddenratings.com/jalen-ramsey
Pittsburgh Steelers,Alex Highsmith,REDG,Right Edge,56,Smaller Speed Rusher,87,29,"August 7, 1997",United States,Charlotte,7,2020,102,Pittsburgh Steelers,84,86,85,81,88,81,92,85,88,24,10,6,6,6,6,6,56,27,24,10,5,5,14,46,16,32,73,31,32,27,32,12,88,78,89,86,89,87,55,63,80,45,45,45,83,45,45,45,45,12,14,10,10,2435,"Edge Threat Defenders with this ability are slightly more likely to use faster, more dominant pass rush moves while rushing from the edge of the defense, and have more favorable disengage angles. Deflator Defenders with this ability will cause increased fatigue penalties when tackling a ballcarrier with a non-conservative tackle.",https://www.maddenratings.com/alex-highsmith
Pittsburgh Steelers,Chris Boswell,K,Kicker,9,Accurate,86,35,"March 16, 1991",United States,Rice,13,,,,72,71,44,62,74,65,89,84,49,29,20,37,33,27,10,10,29,12,10,10,10,10,12,45,12,15,52,10,10,10,10,12,35,10,10,10,10,10,12,12,15,10,24,16,10,10,10,10,10,10,96,95,10,1480,,https://www.maddenratings.com/chris-boswell
Pittsburgh Steelers,Jamel Dean,CB,Cornerback,35,Man to Man,86,29,"October 15, 1996",United States,Auburn,8,2019,94,Tampa Bay Buccaneers,91,90,66,84,89,90,85,91,88,14,13,6,6,6,6,6,71,68,59,34,25,22,26,59,53,42,84,71,46,66,71,13,76,30,39,52,78,87,86,85,68,88,35,35,54,35,35,35,35,19,33,28,65,2739,,https://www.maddenratings.com/jamel-dean
Pittsburgh Steelers,Joey Porter Jr.,CB,Cornerback,24,Man to Man,85,26,"July 26, 2000",United States,Penn State,4,2023,32,Pittsburgh Steelers,90,94,67,89,86,89,92,90,91,26,11,15,11,10,6,6,60,62,54,29,22,15,22,60,66,52,84,69,55,63,71,10,65,40,33,58,77,84,86,80,78,90,35,35,53,35,35,35,35,11,15,12,56,2715,,https://www.maddenratings.com/joey-porter-jr
Pittsburgh Steelers,D.K. Metcalf,WR,Wide Receiver,4,,85,28,"December 14, 1997",United States,Ole Miss,8,2019,64,Seattle Seahawks,94,93,79,82,88,94,94,88,96,34,19,18,13,10,10,10,87,92,87,82,83,84,87,69,85,80,81,86,86,71,82,29,33,10,10,38,34,19,15,29,30,15,49,42,48,31,27,23,18,27,18,13,40,2762,"Deep Out Elite Receivers with this ability catch more consistently while catching passes 20+ yards from the LoS, outside the numbers",https://www.maddenratings.com/dk-metcalf
Pittsburgh Steelers,Zach Frazier,C,Center,54,Agile,85,24,"August 29, 2001",United States,West Virginia,3,2024,51,Pittsburgh Steelers,64,69,88,56,89,71,88,91,97,22,15,7,6,5,5,6,30,11,13,10,9,5,12,30,9,30,54,17,22,10,10,5,31,15,12,23,27,32,8,9,33,8,88,87,86,86,89,86,87,92,22,14,10,2001,,https://www.maddenratings.com/zach-frazier
Pittsburgh Steelers,Rico Dowdle,HB,Halfback,13,Elusive Back,84,28,"June 14, 1998",United States,South Carolina,7,,,,89,90,75,86,85,87,84,84,84,39,22,36,30,26,30,15,68,54,44,63,57,56,55,93,87,83,88,89,74,81,91,28,36,20,20,28,40,20,15,20,20,20,49,49,51,39,37,39,35,38,25,23,78,2775,Tank Ballcarriers with this ability have an increased chance to break hit-stick tackle attempts made on them.,https://www.maddenratings.com/rico-dowdle
Pittsburgh Steelers,Jaylen Warren,HB,Halfback,30,Elusive Back,83,27,"November 1, 1998",United States,Oklahoma St.,5,,,,90,94,75,80,86,74,88,83,86,27,17,24,21,18,19,15,71,59,63,61,58,56,59,95,88,78,83,87,75,82,87,24,34,11,12,26,34,20,14,19,23,16,50,57,52,37,37,28,29,48,21,20,66,2677,,https://www.maddenratings.com/jaylen-warren
Pittsburgh Steelers,Michael Pittman Jr,WR,Wide Receiver,11,,83,28,"October 5, 1997",United States,USC,7,,,,88,86,71,84,95,94,89,91,92,48,29,39,33,28,39,28,89,93,87,83,81,78,87,71,78,68,83,83,75,71,77,31,55,10,10,41,40,16,14,20,42,20,55,43,56,35,29,35,30,42,22,15,76,2975,,https://www.maddenratings.com/michael-pittman-jr
Pittsburgh Steelers,Jaquan Brisker,SS,Strong Safety,3,Run Support,81,27,"April 20, 1999",United States,Penn State,5,2022,48,Chicago Bears,89,91,68,86,78,91,87,92,89,29,11,6,6,6,6,6,71,68,53,34,29,26,31,60,58,44,83,69,47,65,74,19,78,40,45,67,87,77,72,75,88,65,35,35,67,35,35,35,35,23,19,17,68,2770,,https://www.maddenratings.com/jaquan-brisker
Pittsburgh Steelers,DeShon Elliott,SS,Strong Safety,25,Run Support,80,29,"April 21, 1997",United States,Texas,9,2018,190,Baltimore Ravens,87,87,57,78,83,86,84,88,85,24,15,6,6,6,6,6,76,60,58,20,10,10,25,66,41,42,78,63,56,56,70,15,84,44,52,57,84,81,65,74,83,73,35,35,67,35,35,35,35,22,18,17,35,2616,,https://www.maddenratings.com/deshon-elliott
Pittsburgh Steelers,Patrick Queen,MIKE,Mike Backer,6,,80,26,"August 13, 1999",United States,LSU,7,2020,28,Baltimore Ravens,87,88,73,85,87,84,92,92,90,27,13,6,6,6,6,6,71,55,50,55,48,37,38,73,52,64,77,71,52,60,72,12,86,59,67,73,89,86,58,63,91,53,45,45,78,45,45,45,45,23,20,20,15,2886,,https://www.maddenratings.com/patrick-queen
Pittsburgh Steelers,Aaron Rodgers,QB,Quarterback,8,Field General,79,42,"December 2, 1983",United States,California,22,2005,24,Green Bay Packers,77,75,59,74,80,74,89,95,98,94,81,90,82,79,84,92,47,15,15,15,14,12,15,64,59,29,71,76,23,53,48,74,19,10,10,19,24,25,13,19,12,10,23,12,29,18,18,12,12,22,15,18,10,2303,,https://www.maddenratings.com/aaron-rodgers
Pittsburgh Steelers,Pat Freiermuth,TE,Tight End,88,Possession,79,27,"October 25, 1998",United States,Penn State,6,2021,55,Pittsburgh Steelers,83,82,78,76,79,88,92,89,86,30,13,50,15,10,12,6,88,84,85,73,68,65,73,78,67,83,71,75,74,61,65,19,58,49,44,55,59,41,32,41,58,26,61,63,72,60,57,63,60,58,72,62,30,3139,,https://www.maddenratings.com/pat-freiermuth
Pittsburgh Steelers,Nick Herbig,REDG,Right Edge,51,Power Rusher,78,24,"November 21, 2001",United States,Wisconsin,4,2023,132,Pittsburgh Steelers,84,90,74,77,81,82,92,78,87,25,13,10,8,6,8,7,43,41,35,22,16,11,21,42,30,40,76,45,33,45,50,17,80,84,77,75,83,78,48,62,81,37,40,35,67,40,40,35,35,35,20,17,10,2468,Quick Jump Players with this ability have a slightly reduced stamina cost and slightly longer perfect window for jumping snaps.,https://www.maddenratings.com/nick-herbig
Pittsburgh Steelers,Sebastian Joseph-Day,DT,Defensive Tackle,69,,78,31,"March 21, 1995",United States,Rutgers,9,2018,195,Los Angeles Rams,73,77,86,67,77,77,89,79,88,10,14,6,6,6,6,6,21,19,20,15,7,3,15,24,16,20,59,20,26,17,24,12,87,75,57,82,79,80,20,26,76,10,45,45,84,45,45,45,45,23,8,6,10,2078,,https://www.maddenratings.com/sebastian-joseph-day
Pittsburgh Steelers,Derrick Harmon,DT,Defensive Tackle,99,,77,23,"August 3, 2003",United States,Oregon,2,2025,21,Pittsburgh Steelers,74,76,93,76,79,77,94,85,95,27,12,15,10,7,21,15,27,18,18,16,13,10,20,35,27,41,66,29,38,24,25,18,74,79,68,80,78,80,14,18,81,16,45,45,87,45,45,45,45,25,33,18,25,2327,,https://www.maddenratings.com/derrick-harmon
Pittsburgh Steelers,Mason McCormick,LG,Left Guard,66,Power,77,26,"May 25, 2000",United States,S. Dakota St.,3,2024,119,Pittsburgh Steelers,70,79,90,61,74,85,91,90,87,28,12,9,7,6,6,8,26,15,15,10,7,5,11,20,10,33,61,24,36,25,30,12,37,30,20,35,32,24,10,10,35,10,80,80,84,81,79,82,77,79,19,19,10,2076,,https://www.maddenratings.com/mason-mccormick
Pittsburgh Steelers,Troy Fautanu,LT,Left Tackle,76,Power,77,25,"October 11, 2000",United States,Washington,3,2024,20,Pittsburgh Steelers,72,79,87,70,78,79,93,87,88,13,7,8,6,5,7,8,35,33,33,25,22,21,25,35,20,40,57,30,39,15,15,8,39,44,33,47,27,23,9,11,41,13,79,81,87,81,80,81,80,83,37,32,10,2258,,https://www.maddenratings.com/troy-fautanu
Pittsburgh Steelers,Asante Samuel Jr,CB,Cornerback,22,Zone,76,26,"October 3, 1999",United States,Florida State,6,,,,91,93,54,91,72,84,90,94,82,43,16,29,24,18,22,15,74,69,61,23,13,10,20,54,42,33,90,64,30,64,68,16,49,29,36,44,75,73,78,83,52,66,35,35,43,35,35,35,35,10,25,25,54,2601,,https://www.maddenratings.com/asante-samuel-jr
Pittsburgh Steelers,Darnell Washington,TE,Tight End,80,Blocking,76,24,"August 17, 2001",United States,Georgia,4,2023,93,Pittsburgh Steelers,84,86,81,86,69,88,91,85,87,32,15,15,10,6,10,6,78,80,78,63,56,52,62,72,68,72,79,79,72,61,67,19,55,30,34,51,51,15,18,23,56,26,75,64,74,71,74,63,61,72,15,21,15,2873,,https://www.maddenratings.com/darnell-washington
Pittsburgh Steelers,Keeanu Benton,DT,Defensive Tackle,95,Power Rusher,76,25,"June 17, 2001",United States,Wisconsin,4,2023,49,Pittsburgh Steelers,70,75,89,69,79,73,92,82,88,19,15,6,6,6,6,6,46,36,32,15,7,6,15,38,10,35,59,25,41,22,25,14,84,81,67,76,77,78,15,21,84,10,45,40,87,45,45,40,40,41,13,10,10,2216,,https://www.maddenratings.com/keeanu-benton
Pittsburgh Steelers,Brandin Echols,CB,Cornerback,26,Zone,75,28,"October 16, 1997",United States,Kentucky,6,2021,200,New York Jets,91,93,52,87,74,95,87,90,85,32,13,19,14,12,21,23,63,56,52,45,40,37,33,62,45,33,87,68,32,64,74,31,64,29,38,43,66,73,71,75,47,75,35,35,39,35,35,35,35,14,21,16,65,2656,,https://www.maddenratings.com/brandin-echols
Pittsburgh Steelers,Cole Holcomb,WILL,Weak Backer,55,Run Stopper,75,30,"June 30, 1996",United States,North Carolina,8,2019,173,Washington Commanders,87,88,72,86,70,80,85,92,85,27,12,6,6,6,6,6,65,47,45,30,25,21,30,60,45,32,74,50,23,26,33,12,88,54,46,72,86,69,66,70,77,50,45,45,73,45,45,45,45,20,18,35,10,2536,,https://www.maddenratings.com/cole-holcomb
Pittsburgh Steelers,Max Iheanachor,,,71,Power,75,22,"October 19, 2003",United States,Arizona St.,,2026,21,Pittsburgh Steelers,75,77,88,64,78,75,88,86,86,14,12,6,6,6,6,6,28,17,17,16,5,5,18,24,18,24,52,12,13,10,10,12,26,10,10,24,21,22,11,16,46,10,76,79,83,77,77,80,74,80,10,12,10,1908,,https://www.maddenratings.com/max-iheanachor
Pittsburgh Steelers,Payton Wilson,WILL,Weak Backer,41,Pass Coverage,75,26,"April 21, 2000",United States,N.C. State,3,2024,98,Pittsburgh Steelers,92,93,67,87,76,83,84,83,92,29,11,25,17,18,20,15,73,71,66,34,32,26,31,64,56,57,81,67,50,59,65,21,85,63,72,65,86,75,63,65,87,69,41,35,70,37,38,25,29,35,27,28,21,2861,,https://www.maddenratings.com/payton-wilson
Pittsburgh Steelers,Germie Bernard,WR,Wide Receiver,17,,74,22,"December 2, 2003",,Alabama,,,,,91,94,71,92,62,79,92,91,92,50,37,50,45,38,50,39,84,78,76,77,78,78,76,77,78,58,84,82,66,73,82,39,33,25,20,30,33,24,23,28,31,29,55,31,49,33,36,28,26,38,22,22,76,2951,,https://www.maddenratings.com/germie-bernard
Pittsburgh Steelers,Kaleb Johnson,HB,Halfback,20,Elusive Back,74,22,"August 14, 2003",United States,Iowa,2,2025,83,Pittsburgh Steelers,88,90,76,92,65,72,89,82,91,24,19,10,13,9,20,15,66,54,57,58,50,44,45,89,83,83,90,83,81,74,79,18,38,32,34,34,37,36,33,29,32,25,38,51,39,35,33,45,44,34,32,17,75,2682,,https://www.maddenratings.com/kaleb-johnson
Pittsburgh Steelers,Malik Harrison,MIKE,Mike Backer,39,,73,28,"March 5, 1998",United States,Ohio State,7,2020,98,Baltimore Ravens,85,85,75,83,75,86,87,82,79,47,36,34,27,22,45,21,58,48,42,26,21,16,20,55,36,50,72,44,48,47,55,40,83,71,61,74,83,74,56,65,83,55,45,45,79,45,45,45,45,14,55,46,33,2849,,https://www.maddenratings.com/malik-harrison
Pittsburgh Steelers,Cameron Johnston,P,Punter,19,Power,72,34,"February 24, 1992",Australia,Ohio State,9,,,,75,72,48,60,57,55,89,87,83,28,14,15,15,15,18,10,30,12,10,10,10,10,12,25,20,15,52,21,15,10,10,19,35,10,10,26,25,10,21,29,12,10,20,20,23,23,23,24,24,23,91,76,10,1567,,https://www.maddenratings.com/cameron-johnston
Pittsburgh Steelers,Darnell Savage,FS,Free Safety,31,Hybrid,72,29,"July 30, 1997",United States,Maryland,8,,,,91,90,59,84,75,93,92,90,84,20,10,15,10,10,15,15,74,68,60,34,22,17,22,70,54,38,83,73,40,71,77,15,59,35,54,52,71,72,74,71,79,65,35,35,59,35,35,35,35,14,25,15,63,2689,,https://www.maddenratings.com/darnell-savage
Pittsburgh Steelers,Daylen Everette,CB,Cornerback,23,Zone,72,22,"May 6, 2004",,Georgia,,,,,93,93,63,88,72,89,87,85,87,25,10,6,6,6,6,6,64,63,62,41,36,31,37,61,53,34,87,64,35,66,69,17,62,36,35,53,74,71,65,72,63,68,35,35,51,35,35,35,35,16,18,16,51,2603,,https://www.maddenratings.com/daylen-everette
Pittsburgh Steelers,Gennings Dunker,LG,Left Guard,73,Power,72,23,"May 8, 2003",,Iowa,,,,,66,67,89,65,75,79,89,86,86,14,11,6,6,6,6,6,25,29,17,15,5,5,13,25,10,25,60,13,18,10,10,13,37,10,10,24,26,28,10,12,27,10,75,77,80,74,72,77,75,82,16,25,10,1907,,https://www.maddenratings.com/gennings-dunker
Pittsburgh Steelers,Jack Sawyer,LEDG,Left Edge,33,Power Rusher,72,24,"May 6, 2002",United States,Ohio State,2,2025,123,Pittsburgh Steelers,80,86,77,71,76,82,92,83,90,17,12,11,10,8,15,10,49,44,37,15,10,5,12,50,33,33,63,38,35,30,33,12,80,74,65,77,84,74,37,48,83,33,45,45,80,45,45,45,45,28,32,25,33,2442,,https://www.maddenratings.com/jack-sawyer
Pittsburgh Steelers,Broderick Jones,LT,Left Tackle,77,,71,25,"May 16, 2001",United States,Georgia,4,2023,14,Pittsburgh Steelers,73,83,86,76,74,74,91,88,86,24,11,6,6,6,6,6,34,26,24,15,9,5,15,35,15,15,59,10,10,10,10,12,54,58,43,55,61,57,12,15,66,10,74,74,86,72,76,73,75,84,14,16,10,2185,,https://www.maddenratings.com/broderick-jones
Pittsburgh Steelers,Dean Lowry,DT,Defensive Tackle,98,,71,32,"June 9, 1994",United States,Northwestern,11,2016,137,Green Bay Packers,75,75,86,69,71,79,94,82,89,22,15,6,6,6,6,6,48,33,37,13,6,3,17,47,16,33,55,36,36,27,32,12,86,73,61,72,77,69,23,29,79,22,45,45,81,44,45,45,44,18,21,19,9,2245,,https://www.maddenratings.com/dean-lowry
Pittsburgh Steelers,Roman Wilson,WR,Wide Receiver,14,Deep Threat,71,25,"June 19, 2001",United States,Michigan,3,2024,84,Pittsburgh Steelers,93,94,56,86,63,89,85,82,81,26,17,20,15,10,15,6,82,82,80,74,71,73,71,74,71,34,92,81,41,69,74,21,27,10,10,26,32,15,12,17,25,17,47,32,46,25,31,20,17,31,19,15,70,2472,,https://www.maddenratings.com/roman-wilson
Pittsburgh Steelers,A.T. Perry,WR,Wide Receiver,27,Deep Threat,70,26,"October 26, 1999",United States,Wake Forest,4,2023,195,New Orleans Saints,90,93,68,85,67,86,91,86,90,23,19,15,10,6,10,6,82,84,82,75,73,71,71,74,74,60,81,79,53,67,74,22,38,10,10,31,42,23,24,32,34,31,53,34,51,28,21,20,20,33,53,49,44,2648,,https://www.maddenratings.com/at-perry
Pittsburgh Steelers,Ben Skowronek,WR,Wide Receiver,15,,70,29,"June 27, 1997",United States,Notre Dame,6,2021,249,Los Angeles Rams,85,88,68,79,74,88,86,82,83,30,25,15,10,10,10,25,88,83,82,74,73,69,73,73,73,55,77,73,59,66,72,32,47,16,22,41,52,23,23,30,51,22,51,39,49,29,25,33,27,29,15,19,55,2678,,https://www.maddenratings.com/ben-skowronek
Pittsburgh Steelers,Logan Lee,DT,Defensive Tackle,91,,70,26,"June 12, 2000",United States,Iowa,3,2024,178,Pittsburgh Steelers,71,73,83,78,70,77,90,84,88,23,10,6,6,6,6,6,40,23,24,12,7,3,13,38,20,32,69,26,30,14,19,12,81,73,68,75,79,68,17,26,81,21,45,45,81,45,45,45,45,18,16,10,10,2153,,https://www.maddenratings.com/logan-lee
Pittsburgh Steelers,Brock Hoffman,RG,Right Guard,67,Power,69,27,"July 2, 1999",United States,Virginia Tech,5,,,,60,71,81,60,74,70,92,75,77,22,5,7,6,5,6,5,21,12,10,10,5,5,12,35,5,15,57,10,10,10,10,13,32,35,25,29,34,31,9,9,34,10,73,75,81,71,75,77,72,82,14,10,10,1844,,https://www.maddenratings.com/brock-hoffman
Pittsburgh Steelers,Eli Heidenreich,HB,Halfback,29,Elusive Back,69,23,"July 28, 2003",,Navy,,,,,91,93,69,90,49,86,93,90,94,61,31,37,30,25,35,26,73,67,67,69,62,55,57,91,76,67,85,81,63,74,80,32,42,34,33,40,49,38,31,38,42,37,47,47,47,39,40,30,28,47,36,31,66,2941,,https://www.maddenratings.com/eli-heidenreich
Pittsburgh Steelers,Jamin Davis,WILL,Weak Backer,50,Run Stopper,69,27,"December 12, 1998",United States,Kentucky,6,2021,19,Washington Commanders,88,92,73,83,63,91,89,87,76,24,12,6,6,6,6,6,68,52,44,18,9,5,12,52,21,28,73,44,35,28,36,12,83,58,69,68,83,60,49,55,79,44,29,23,80,45,45,45,45,18,20,20,10,2373,,https://www.maddenratings.com/jamin-davis
Pittsburgh Steelers,Drew Allar,QB,Quarterback,16,Strong Arm,68,22,"March 8, 2004",,Penn State,,,,,80,85,67,77,70,79,83,92,90,90,74,85,79,75,70,80,53,30,30,37,27,28,17,64,73,65,71,81,49,57,61,78,26,31,23,23,24,68,21,23,24,19,20,15,20,10,10,15,15,22,36,35,34,2611,,https://www.maddenratings.com/drew-allar
Pittsburgh Steelers,Donte Kent,CB,Cornerback,34,Man to Man,68,24,"September 28, 2001",United States,Central Michigan,2,2025,229,Pittsburgh Steelers,93,93,56,79,61,91,89,92,91,20,30,24,7,17,21,28,65,60,49,30,28,27,30,53,49,30,81,75,36,67,75,18,62,23,30,47,72,62,69,69,49,68,26,35,37,25,35,25,35,20,20,15,79,2568,,https://www.maddenratings.com/donte-kent
Pittsburgh Steelers,Kaden Wetjen,WR,Wide Receiver,10,,68,24,"March 9, 2002",,Iowa,,,,,90,91,58,85,74,86,91,87,90,26,22,22,14,13,19,20,77,74,73,66,65,64,66,68,75,50,81,84,56,76,82,18,20,17,18,19,25,22,18,22,21,19,38,20,33,25,26,22,23,21,24,19,85,2500,,https://www.maddenratings.com/kaden-wetjen
Pittsburgh Steelers,Travis Homer,HB,Halfback,21,Elusive Back,68,28,"August 7, 1998",United States,Miami,8,2019,204,Seattle Seahawks,90,92,62,81,73,90,90,83,82,25,11,21,15,12,15,13,69,50,53,60,52,45,53,84,74,72,82,76,65,71,81,23,35,10,10,38,39,20,15,20,32,17,34,55,46,25,24,41,36,37,19,14,73,2505,,https://www.maddenratings.com/travis-homer
Pittsburgh Steelers,Yahya Black,DT,Defensive Tackle,94,,68,24,"April 21, 2002",United States,Iowa,2,2025,164,Pittsburgh Steelers,60,66,87,63,68,65,87,82,87,15,14,11,10,8,15,12,22,18,18,16,13,10,12,37,22,30,55,30,37,16,21,14,79,70,62,75,75,68,9,14,80,12,45,45,83,45,45,45,45,25,22,21,27,2113,,https://www.maddenratings.com/yahya-black
Pittsburgh Steelers,Gabe Rubio,DT,Defensive Tackle,96,,67,23,"July 9, 2003",,Notre Dame,,,,,64,65,86,64,65,66,86,75,86,24,10,6,6,6,6,6,48,31,41,15,13,2,20,39,17,28,52,29,36,32,26,12,81,71,63,75,76,62,23,26,79,17,45,45,85,45,45,45,45,25,13,17,10,2155,,https://www.maddenratings.com/gabe-rubio
Pittsburgh Steelers,Robert Tonyan,TE,Tight End,83,Vertical Threat,67,32,"April 30, 1994",United States,Indiana St.,9,,,,85,87,74,78,62,86,84,83,75,46,25,37,33,26,24,22,84,81,78,64,58,54,71,73,58,68,71,66,62,59,68,35,39,10,10,33,34,39,15,15,22,25,58,56,62,58,55,53,50,50,17,12,10,2700,,https://www.maddenratings.com/robert-tonyan
Pittsburgh Steelers,Spencer Anderson,RG,Right Guard,74,Power,67,26,"June 7, 2000",United States,Maryland,4,2023,251,Pittsburgh Steelers,67,70,88,63,73,75,91,81,83,26,14,8,7,6,8,6,21,22,20,12,5,5,12,24,21,26,50,22,22,10,14,12,35,27,10,24,15,26,12,12,37,10,68,74,82,65,71,77,71,71,15,14,10,1890,,https://www.maddenratings.com/spencer-anderson
Pittsburgh Steelers,Kevin Jobity Jr.,DT,Defensive Tackle,92,,66,22,"October 6, 2003",,Syracuse,,,,,71,81,82,65,63,78,87,74,80,21,10,6,6,6,6,6,34,26,27,15,6,3,13,35,18,45,59,22,36,25,25,12,79,69,61,73,73,62,15,17,76,15,45,45,84,45,45,45,45,27,16,14,10,2104,,https://www.maddenratings.com/kevin-jobity-jr
Pittsburgh Steelers,Mason Rudolph,QB,Quarterback,2,Field General,66,31,"July 17, 1995",United States,Oklahoma St.,9,2018,76,Pittsburgh Steelers,73,75,66,66,69,71,91,67,87,86,78,85,80,75,71,77,40,20,24,24,19,15,18,66,46,47,65,64,44,40,49,64,31,10,10,22,32,20,10,16,17,10,17,14,24,13,10,13,10,20,20,16,14,2211,,https://www.maddenratings.com/mason-rudolph
Pittsburgh Steelers,Esezi Otomewo,DT,Defensive Tackle,93,,65,27,"March 9, 1999",United States,Minnesota,5,,,,76,80,81,62,67,69,91,72,81,17,6,6,6,6,6,6,25,18,20,12,10,8,12,29,24,28,48,22,35,20,26,15,74,69,57,76,70,65,18,24,76,15,45,45,85,45,45,45,45,45,25,24,10,2087,,https://www.maddenratings.com/esezi-otomewo
Pittsburgh Steelers,Jack Driscoll,RT,Right Tackle,68,,65,29,"April 1, 1997",United States,Auburn,7,2020,145,Philadelphia Eagles,70,73,83,61,76,73,84,85,92,25,14,6,6,6,6,6,36,25,29,26,16,8,22,29,17,37,48,28,26,15,19,12,36,33,27,29,30,26,12,15,42,10,70,68,79,68,72,66,70,84,22,20,10,2048,,https://www.maddenratings.com/jack-driscoll
Pittsburgh Steelers,Jaheim Bell,TE,Tight End,82,Vertical Threat,65,25,"June 14, 2001",United States,Florida State,3,2024,231,New England Patriots,85,91,70,81,54,85,89,84,86,20,14,15,10,11,18,13,78,74,75,66,62,60,66,73,71,70,73,78,69,66,73,28,33,10,10,33,39,15,10,15,26,15,53,51,59,50,54,50,52,58,17,13,20,2591,,https://www.maddenratings.com/jaheim-bell
Pittsburgh Steelers,K.J. Henry,LEDG,Left Edge,57,Smaller Speed Rusher,65,27,"January 27, 1999",United States,Clemson,4,2023,137,Washington Commanders,85,89,68,68,64,77,88,75,89,22,10,9,7,6,6,8,39,32,25,14,7,5,7,45,21,43,69,32,35,42,48,17,76,70,66,63,81,58,32,40,82,33,40,35,67,40,40,35,35,26,14,12,10,2207,,https://www.maddenratings.com/kj-henry
Pittsburgh Steelers,Robert Spears-Jennings,FS,Free Safety,28,Hybrid,65,22,"January 25, 2004",,Oklahoma,,,,,93,92,62,79,63,84,88,91,97,22,12,6,6,6,6,6,65,60,61,48,45,38,44,62,59,54,80,61,54,59,65,17,62,37,46,57,74,61,63,67,71,66,35,35,55,35,35,35,35,26,21,25,48,2674,,https://www.maddenratings.com/robert-spears-jennings
Pittsburgh Steelers,Carson Bruener,MIKE,Mike Backer,44,Pass Coverage,64,25,"June 5, 2001",United States,Washington,2,2025,226,Pittsburgh Steelers,86,90,67,81,63,81,88,87,88,25,15,21,18,15,26,12,48,47,42,24,21,18,22,61,40,43,73,49,44,46,49,28,76,44,46,58,80,62,59,65,74,47,45,45,68,45,45,45,45,22,21,18,10,2538,,https://www.maddenratings.com/carson-bruener
Pittsburgh Steelers,Will Howard,QB,Quarterback,18,Field General,64,24,"September 24, 2001",United States,Ohio State,2,2025,185,Pittsburgh Steelers,81,83,68,78,64,72,90,86,92,86,76,82,77,78,81,80,42,19,20,20,18,16,26,63,53,38,76,66,31,46,50,60,41,42,39,39,47,37,21,21,42,16,25,27,30,35,33,37,34,29,21,23,32,2589,,https://www.maddenratings.com/will-howard
Pittsburgh Steelers,Dylan Cook,RT,Right Tackle,60,,63,28,"January 11, 1998",United States,Montana,5,,,,69,64,80,61,67,76,90,79,86,19,6,6,6,6,6,6,22,21,15,15,11,5,10,23,14,30,50,22,39,12,12,9,45,41,34,55,45,34,10,12,55,10,66,72,76,63,69,69,74,81,15,11,10,1984,,https://www.maddenratings.com/dylan-cook
Pittsburgh Steelers,D&#8217;Shawn Jamison,CB,Cornerback,38,Man to Man,63,27,"June 4, 1999",United States,Texas,4,,,,89,91,55,91,61,80,87,84,75,30,13,18,14,13,13,11,68,66,61,27,17,12,15,59,75,29,85,79,31,75,83,11,48,25,35,38,67,56,67,63,53,59,35,30,39,35,35,25,25,15,10,9,80,2467,,https://www.maddenratings.com/dshawn-jamison
Pittsburgh Steelers,Lew Nichols,HB,Halfback,35,Elusive Back,63,24,"August 16, 2001",,Central Michigan,4,,,,85,92,68,81,65,88,90,85,89,32,11,22,20,18,14,15,64,65,60,54,46,40,44,86,69,79,83,80,79,67,74,26,32,10,10,25,37,12,19,21,39,18,40,45,46,40,40,46,44,34,12,11,56,2528,,https://www.maddenratings.com/lew-nichols
Pittsburgh Steelers,Brandon Smith,WR,Wide Receiver,87,,62,27,"December 10, 1998",United States,Iowa,6,,,,83,90,70,74,52,92,90,84,81,33,19,27,22,19,28,17,74,82,74,62,61,57,76,73,78,62,71,77,56,65,74,22,35,10,10,33,41,22,16,24,37,20,51,44,59,33,27,29,30,40,17,11,50,2584,,https://www.maddenratings.com/brandon-smith
Pittsburgh Steelers,Christian Kuntz,LS,Long Snapper,46,Power,62,32,"April 13, 1994",United States,Duquesne,7,,,,79,85,76,78,50,78,90,77,85,25,10,15,6,6,6,6,61,42,46,29,24,22,16,44,40,45,75,50,46,45,49,12,76,58,53,62,76,51,39,49,80,45,45,45,65,45,45,45,45,25,20,20,15,2422,,https://www.maddenratings.com/christian-kuntz
Pittsburgh Steelers,Sebastian Castro,FS,Free Safety,49,Zone,62,25,"October 14, 2000",United States,Iowa,2,,,,86,90,59,80,60,78,88,88,87,34,26,25,22,19,25,19,64,59,55,27,18,19,27,64,53,47,81,63,46,56,64,27,63,31,34,48,71,58,64,68,75,63,35,35,54,35,35,35,35,25,19,18,54,2611,,https://www.maddenratings.com/sebastian-castro
Pittsburgh Steelers,Tamon Lynum,CB,Cornerback,42,Man to Man,62,24,"April 23, 2002",,Pittsburgh,,,,,89,89,55,74,61,77,86,85,83,21,10,6,6,6,6,6,67,62,60,21,18,15,33,61,58,36,84,57,36,68,68,16,50,32,38,47,68,57,66,64,60,65,35,35,67,35,35,35,35,15,16,14,48,2437,,https://www.maddenratings.com/tamon-lynum
Pittsburgh Steelers,Lake McRee,TE,Tight End,81,Possession,61,23,"September 4, 2002",,USC,,,,,79,80,76,75,52,77,88,87,85,32,35,26,26,11,29,40,81,77,76,64,58,53,64,68,66,60,62,66,63,63,69,30,39,28,30,42,45,35,24,35,42,23,57,56,59,56,57,55,56,54,33,28,45,2817,,https://www.maddenratings.com/lake-mcree
Pittsburgh Steelers,Riley Nowakowski,TE,Tight End,37,Possession,61,24,"June 30, 2002",,Indiana,,,,,84,80,72,72,59,82,85,84,89,24,24,20,15,10,20,25,80,73,76,60,54,50,62,70,61,62,66,64,63,58,64,26,56,36,40,58,56,41,45,49,50,33,58,57,61,57,58,56,56,53,27,25,50,2856,,https://www.maddenratings.com/riley-nowakowski
Pittsburgh Steelers,Greg Crippen,C,Center,61,Power,58,24,"February 17, 2002",,Michigan,,,,,58,75,82,55,58,70,86,84,82,10,10,6,6,6,6,6,32,14,16,11,5,5,12,30,14,28,57,19,16,10,10,11,40,28,21,33,29,28,9,12,37,10,68,71,74,68,70,70,69,71,14,12,10,1834,,https://www.maddenratings.com/greg-crippen
Pittsburgh Steelers,Ryan McCollum,C,Center,62,Agile,54,28,"March 4, 1998",United States,Texas AM,6,,,,61,59,80,60,60,73,86,82,79,12,13,6,6,6,6,6,30,15,15,15,5,5,15,29,16,33,53,17,23,10,11,11,37,10,10,25,30,11,11,11,33,10,65,64,72,63,67,62,66,67,16,13,10,1751,,https://www.maddenratings.com/ryan-mccollum
San Francisco 49ers,Christian McCaffrey,HB,Halfback,23,Receiving Back,97,30,"June 7, 1996",United States,Stanford,10,2017,8,Carolina Panthers,90,92,74,93,99,90,83,97,94,52,37,45,41,33,47,31,83,75,72,82,78,69,76,95,93,67,92,98,80,85,91,38,36,10,10,32,44,27,12,17,27,15,38,60,45,22,22,36,32,47,29,23,88,3044,"Ankle Breaker Truly devastating receiving threats are the ones that catch and can't be caught. When they enter the zone, they have increased fakeout rates on spin/juke/hurdle after the catch. Evasive Ballcarriers with this ability have steerable juke and spin animations. Route Technician Receivers with this ability have a high success rate when creating separation on the last cut of any route. Backfield Mismatch Running backs with this ability have slightly improved catch in traffic and route running when coming out of the backfield against linebackers and linemen.",https://www.maddenratings.com/christian-mccaffrey
San Francisco 49ers,Fred Warner,MIKE,Mike Backer,54,Field General,97,29,"November 19, 1996",United States,BYU,9,2018,70,San Francisco 49ers,87,91,80,82,99,94,95,97,93,14,10,6,6,6,6,6,78,60,60,15,5,5,20,63,21,46,81,56,34,53,59,12,91,52,62,79,99,99,77,86,85,58,45,45,81,45,45,45,45,23,13,10,10,2735,"Universal Coverage The most physical coverage defenders prevent catches from happening even when their target has hands on the ball. When they enter the zone, they are nearly guaranteed knockouts. Outmatched Defenders with this ability have a slightly improved chance to force catch knockouts against running backs Mid Zone KO Defenders with this ability have a slightly improved chance to force catch knockouts and react quicker in any mid-field zone coverage, less than 20 yards from the LoS inside the numbers and 10-20 outside. Enforcer Defenders with this ability allow fewer broken tackles when hit-sticking ballcarriers - regardless of the runner's size or power. Lurker Defenders with this ability can make spectacular interceptions while lurking in zones, and are more likely to attempt and succeed at diving swats/catches.",https://www.maddenratings.com/fred-warner
San Francisco 49ers,George Kittle,TE,Tight End,85,Possession,96,32,"October 9, 1993",United States,Iowa,10,2017,146,San Francisco 49ers,87,86,82,83,96,90,85,94,98,30,14,20,15,10,10,10,94,89,89,82,78,74,81,75,78,84,76,92,83,64,82,18,34,20,18,31,36,35,15,24,38,20,77,62,78,76,71,62,58,65,19,22,31,3041,"YAC 'Em Up The best physical receivers don't just come down with the ball, they carry it home. When they enter the zone, they are nearly guaranteed to break their first post-catch tackle. Short Out Elite Receivers with this ability catch more consistently while catching passes less than 10 yards from the LoS, outside the numbers Short In Elite Receivers with this ability catch more consistently while catching passes less than 10 yards from the LoS, inside the numbers",https://www.maddenratings.com/george-kittle
San Francisco 49ers,Trent Williams,LT,Left Tackle,71,Power,96,38,"July 19, 1988",United States,Oklahoma,17,2010,4,Washington Commanders,78,75,95,71,97,83,88,91,98,12,14,6,6,6,6,6,20,51,15,15,5,5,15,40,7,10,58,10,10,10,10,12,39,10,10,32,33,19,10,14,60,10,96,92,99,95,96,95,90,99,11,10,10,2155,Edge Protector Blockers with this ability reduce an edge pass rusher's chances of using a quick block shed move. All Day Blockers with this ability will allow less frequent shed attempts by their block target Nasty Streak Blockers with this ability will dominantly win impact blocks against linebackers and defensive backs when playing as a lineman or fullback. Post Up Blockers with this ability have a slightly increased chance to win any double team block they are engaged in.,https://www.maddenratings.com/trent-williams
San Francisco 49ers,Nick Bosa,LEDG,Left Edge,97,Power Rusher,94,28,"October 23, 1997",United States,Ohio State,8,2019,2,San Francisco 49ers,80,90,94,87,93,81,82,87,90,25,14,6,6,6,6,6,45,23,27,17,10,6,16,38,21,31,72,30,34,32,38,12,89,94,96,91,95,91,30,42,84,31,45,45,87,45,45,44,45,18,17,17,10,2466,"Relentless The most tenacious defenders beat their blocks by sheer force of will. When they enter the zone, their rush move attempts are free. Extra Credit Pass rushers with this ability pay a slightly reduced stamina cost for each move they attempt Max Effort Defenders with this ability will ignore one bar of blocker resistance when attempting pass rush moves with effort Edge Threat Defenders with this ability are slightly more likely to use faster, more dominant pass rush moves while rushing from the edge of the defense, and have more favorable disengage angles. Quick Jump Players with this ability have a slightly reduced stamina cost and slightly longer perfect window for jumping snaps.",https://www.maddenratings.com/nick-bosa
San Francisco 49ers,Mike Evans,WR,Wide Receiver,5,,91,32,"August 21, 1993",United States,Texas AM,13,2014,7,Tampa Bay Buccaneers,89,88,78,80,90,97,87,93,94,35,20,25,20,15,15,10,93,96,97,89,86,85,90,80,82,72,81,89,84,75,83,22,39,10,10,35,25,15,40,27,15,20,60,45,63,38,35,25,23,49,25,24,55,2918,"Double Me Aggressive receivers overpower defenders and attack the football. When they enter the zone, this ability increases their success rate on aggressive catches against single coverage. Deep Out Elite Receivers with this ability catch more consistently while catching passes 20+ yards from the LoS, outside the numbers Mid In Elite Receivers with this ability catch more consistently while catching passes less than 10-20 yards from the LoS, inside the numbers Red Zone Threat When in the red zone, receivers with this ability have a better chance to win contested catches against single coverage. Quick Jump Players with this ability have a slightly reduced stamina cost and slightly longer perfect window for jumping snaps.",https://www.maddenratings.com/mike-evans
San Francisco 49ers,Kyle Juszczyk,FB,Fullback,44,Utility,88,35,"April 23, 1991",United States,Harvard,14,2013,130,Baltimore Ravens,85,84,79,80,86,88,94,91,87,35,25,20,15,10,10,10,77,73,71,76,68,62,72,76,66,85,76,83,85,72,76,33,45,30,35,33,48,20,15,20,45,20,71,71,72,61,58,46,42,93,19,19,45,2958,"Mid Out Elite Receivers with this ability catch more consistently while catching passes less than 10-20 yards from the LoS, outside the numbers Matchup Nightmare Receivers with this ability make sharper cuts and frequently win contested catches when covered by linebackers and linemen.",https://www.maddenratings.com/kyle-juszczyk
San Francisco 49ers,Dre Greenlaw,WILL,Weak Backer,57,Pass Coverage,87,29,"May 25, 1997",United States,Arkansas,8,2019,148,San Francisco 49ers,85,86,72,80,93,80,86,89,84,20,15,6,6,6,6,6,71,55,35,33,25,20,28,55,37,46,73,53,30,47,51,12,92,55,61,71,94,92,73,77,90,47,45,45,77,45,45,45,45,27,18,12,10,2657,,https://www.maddenratings.com/dre-greenlaw
San Francisco 49ers,Dominick Puni,RG,Right Guard,77,Power,82,26,"February 24, 2000",United States,Kansas,3,2024,86,San Francisco 49ers,61,64,91,68,80,74,91,89,88,24,11,22,21,13,12,13,44,21,22,22,21,15,19,43,31,33,63,32,34,23,24,19,46,33,31,42,39,38,9,9,53,7,86,77,84,87,86,81,74,91,19,21,5,2306,,https://www.maddenratings.com/dominick-puni
San Francisco 49ers,Colton McKivitz,RT,Right Tackle,68,,81,29,"August 9, 1996",United States,West Virginia,7,2020,153,San Francisco 49ers,71,67,84,54,85,66,91,88,88,30,10,6,6,6,6,6,35,15,15,15,5,5,15,32,6,25,47,10,35,10,10,12,34,26,18,33,31,31,12,15,30,10,89,81,82,86,91,79,83,84,25,25,10,2031,,https://www.maddenratings.com/colton-mckivitz
San Francisco 49ers,Deommodore Lenoir,CB,Cornerback,2,Zone,81,26,"October 6, 1999",United States,Oregon,6,2021,172,San Francisco 49ers,90,93,59,83,85,83,91,93,87,25,10,6,6,6,6,6,73,56,53,35,32,30,41,59,49,42,80,69,41,67,74,10,67,34,38,44,76,84,76,82,77,78,35,37,53,35,35,37,37,28,22,17,64,2696,,https://www.maddenratings.com/deommodore-lenoir
San Francisco 49ers,Ricky Pearsall,WR,Wide Receiver,1,Slot,80,25,"September 9, 2000",United States,Florida,3,2024,31,San Francisco 49ers,92,91,61,92,79,94,85,86,90,52,36,47,47,39,40,31,90,87,89,79,78,76,73,74,72,42,91,81,51,70,76,30,24,11,11,24,30,17,16,20,15,16,45,31,42,17,24,21,19,25,23,22,79,2753,,https://www.maddenratings.com/ricky-pearsall
San Francisco 49ers,Christian Kirk,WR,Wide Receiver,3,,78,29,"November 18, 1996",United States,Texas AM,9,2018,47,Arizona Cardinals,90,92,65,87,79,85,87,89,91,47,24,39,30,34,34,16,89,86,83,80,78,77,77,73,72,46,85,85,74,79,88,23,30,10,10,23,33,20,15,19,24,17,44,34,43,32,28,30,26,22,18,14,84,2760,,https://www.maddenratings.com/christian-kirk
San Francisco 49ers,Brandon Aiyuk,WR,Wide Receiver,11,,77,28,"March 17, 1998",United States,Arizona St.,7,2020,25,San Francisco 49ers,90,91,65,89,69,93,87,81,87,33,23,25,20,15,24,10,90,87,86,76,75,76,82,72,80,62,88,89,69,82,85,28,49,29,34,50,58,38,48,53,50,43,45,36,45,25,29,19,14,29,19,13,79,2934,,https://www.maddenratings.com/brandon-aiyuk
San Francisco 49ers,Eddy Pineiro,K,Kicker,18,Power,77,30,"September 13, 1995",United States,Florida,9,,,,75,77,42,59,64,47,85,80,83,26,16,32,15,12,15,15,18,15,15,15,15,15,15,20,5,10,51,10,10,10,10,15,26,10,10,24,29,17,11,17,13,10,16,17,16,16,16,17,17,16,93,87,10,1480,,https://www.maddenratings.com/eddy-pineiro
San Francisco 49ers,Mykel Williams,REDG,Right Edge,98,,77,22,"June 29, 2004",United States,Georgia,2,2025,11,San Francisco 49ers,81,89,86,82,76,79,86,82,84,8,21,11,18,7,21,25,41,15,15,20,15,10,22,43,31,35,71,34,38,35,39,18,81,77,71,80,83,76,18,26,83,27,50,52,88,52,49,53,51,52,23,21,30,2481,,https://www.maddenratings.com/mykel-williams
San Francisco 49ers,Osa Odighizuwa,DT,Defensive Tackle,92,Power Rusher,77,27,"August 13, 1998",United States,UCLA,6,2021,75,Dallas Cowboys,76,81,85,67,79,77,92,84,89,12,13,6,6,6,6,6,26,20,14,10,6,3,13,29,24,27,61,21,32,22,25,12,87,80,73,76,82,77,19,26,78,17,45,45,86,45,45,45,45,21,20,18,10,2170,,https://www.maddenratings.com/osa-odighizuwa
San Francisco 49ers,Renardo Green,,,,Man to Man,77,25,"November 9, 2000",United States,Florida State,3,2024,64,San Francisco 49ers,90,92,59,88,73,89,92,85,85,25,21,25,22,21,34,18,59,60,50,34,30,21,33,57,62,35,85,65,40,67,71,35,68,32,37,42,74,73,79,76,58,82,35,30,48,21,24,20,21,16,21,18,50,2648,,https://www.maddenratings.com/renardo-green
San Francisco 49ers,Demarcus Robinson,WR,Wide Receiver,7,Slot,76,31,"September 21, 1994",United States,Florida,11,2016,126,Kansas City Chiefs,87,88,60,88,81,86,93,87,76,24,19,21,18,16,18,14,86,84,85,77,76,77,77,73,75,38,80,80,48,73,84,22,23,11,11,22,34,21,16,24,15,16,55,38,46,25,19,21,19,26,23,22,71,2569,,https://www.maddenratings.com/demarcus-robinson
San Francisco 49ers,Corliss Waitman,P,Punter,7,Power,76,31,"July 21, 1995",Belgium,South Alabama,7,,,,70,68,46,64,61,68,88,83,77,45,25,41,36,31,29,25,50,37,22,15,15,15,15,53,27,38,47,28,19,24,28,33,35,10,10,15,30,15,12,15,44,10,21,16,24,17,17,16,16,21,94,80,10,1851,,https://www.maddenratings.com/corliss-waitman
San Francisco 49ers,Jack Jones,CB,Cornerback,24,Zone,76,28,"December 20, 1997",United States,Arizona St.,5,2022,121,New England Patriots,94,93,53,87,73,84,87,88,73,26,10,15,10,10,15,15,77,71,57,35,31,29,26,60,55,34,89,64,32,66,73,15,61,23,28,50,73,75,72,78,54,65,25,25,40,25,25,25,25,10,37,33,60,2556,,https://www.maddenratings.com/jack-jones
San Francisco 49ers,Jake Brendel,C,Center,64,Agile,76,33,"September 10, 1992",United States,UCLA,11,,,,68,72,84,68,86,70,86,91,89,22,10,6,6,6,6,6,40,15,15,15,5,5,15,44,5,15,60,10,10,10,10,12,41,19,15,30,32,30,20,20,15,10,82,75,77,76,85,73,76,85,18,22,10,1973,,https://www.maddenratings.com/jake-brendel
San Francisco 49ers,Nate Hobbs,CB,Cornerback,22,Zone,76,27,"June 24, 1999",United States,Illinois,6,2021,167,Las Vegas Raiders,90,92,65,87,74,93,90,91,82,27,13,6,6,6,6,6,66,64,54,43,41,34,42,58,51,34,85,70,44,71,75,13,61,29,33,56,78,74,73,78,67,85,35,35,60,35,35,35,35,24,15,14,74,2710,,https://www.maddenratings.com/nate-hobbs
San Francisco 49ers,Mac Jones,QB,Quarterback,10,Field General,75,27,"September 5, 1998",United States,Alabama,6,2021,15,New England Patriots,84,81,60,80,78,75,90,82,91,86,82,88,87,78,79,83,28,15,15,15,14,12,15,65,36,50,74,73,34,43,52,54,18,10,10,20,20,16,10,14,13,10,32,14,19,20,23,14,14,32,41,29,10,2288,,https://www.maddenratings.com/mac-jones
San Francisco 49ers,Romello Height,LEDG,Left Edge,94,Smaller Speed Rusher,75,25,"April 13, 2001",,Texas Tech,,,,,84,89,81,79,74,90,80,80,82,17,15,14,27,11,24,13,39,15,15,17,15,10,15,45,40,35,71,45,42,44,42,17,83,72,75,78,79,72,39,45,82,47,45,45,80,45,45,45,45,23,24,20,16,2472,,https://www.maddenratings.com/romello-height
San Francisco 49ers,Upton Stout,CB,Cornerback,20,Man to Man,75,24,"January 9, 2002",United States,W. Kentucky,2,2025,100,San Francisco 49ers,91,92,57,87,72,89,87,87,85,18,10,10,6,6,6,10,76,72,64,31,27,25,23,67,54,31,85,74,40,68,75,22,68,31,47,47,73,70,75,75,58,74,35,35,47,25,35,25,35,25,27,27,75,2656,,https://www.maddenratings.com/upton-stout
San Francisco 49ers,De&#8217;Zhaun Stribling,WR,Wide Receiver,15,Deep Threat,74,23,"December 18, 2002",,Ole Miss,,,,,94,93,72,85,69,86,90,88,90,32,23,22,18,15,24,23,83,81,79,74,77,79,77,77,77,58,81,80,68,71,78,35,32,20,20,28,28,23,24,29,33,24,54,30,49,37,38,20,25,34,26,22,65,2760,,https://www.maddenratings.com/dezhaun-stribling
San Francisco 49ers,Ji&#8217;Ayir Brown,SS,Strong Safety,27,Run Support,74,26,"January 25, 2000",United States,Penn State,4,,,,86,91,64,85,72,85,93,88,87,30,16,15,10,10,15,15,80,70,71,30,20,15,20,63,62,55,84,75,52,66,72,15,70,51,61,62,76,73,72,75,87,71,35,35,63,35,35,35,35,17,20,15,59,2794,,https://www.maddenratings.com/jiayir-brown
San Francisco 49ers,Malik Mustapha,FS,Free Safety,6,Run Support,74,24,"June 25, 2002",United States,Wake Forest,3,2024,124,San Francisco 49ers,88,91,66,84,71,95,89,83,89,23,11,15,10,10,15,15,66,59,64,33,30,27,34,59,63,39,82,69,42,69,73,10,73,27,32,56,83,70,67,73,89,65,35,33,53,35,35,30,32,22,19,16,60,2679,,https://www.maddenratings.com/malik-mustapha
San Francisco 49ers,Kevin Givens,DT,Defensive Tackle,90,,73,29,"March 1, 1997",United States,Penn State,7,,,,73,66,88,63,80,76,86,76,88,25,10,6,6,6,6,6,32,12,10,10,3,2,12,27,17,35,58,16,24,13,17,12,82,74,68,75,78,77,19,29,76,10,45,45,82,45,45,45,45,32,20,20,10,2083,,https://www.maddenratings.com/kevin-givens
San Francisco 49ers,Ashtyn Davis,FS,Free Safety,29,Zone,73,29,"October 10, 1996",United States,California,7,2020,68,New York Jets,92,92,60,88,76,88,85,86,92,37,10,6,6,14,6,6,74,68,57,44,35,30,29,64,61,47,82,74,51,67,78,20,61,26,32,49,71,75,68,73,83,64,35,30,63,33,34,33,34,10,18,17,81,2715,,https://www.maddenratings.com/ashtyn-davis
San Francisco 49ers,Jordan James,HB,Halfback,29,Elusive Back,73,22,"March 29, 2004",United States,Oregon,2,2025,147,San Francisco 49ers,89,92,72,85,66,80,93,84,86,20,21,14,25,8,22,31,62,55,58,59,54,48,49,92,78,75,84,80,70,82,82,16,34,27,30,33,35,28,20,28,30,22,34,48,33,28,25,38,37,28,17,14,78,2599,,https://www.maddenratings.com/jordan-james
San Francisco 49ers,Keion White,REDG,Right Edge,56,Power Rusher,73,27,"January 20, 1999",United States,Georgia Tech,4,2023,46,New England Patriots,82,81,85,75,66,82,85,82,81,20,9,7,6,5,15,8,61,66,58,53,49,41,51,65,51,54,66,56,52,44,51,21,84,76,68,74,84,64,32,41,85,41,50,47,86,50,50,47,47,49,15,15,34,2767,,https://www.maddenratings.com/keion-white
San Francisco 49ers,Marques Sigle,SS,Strong Safety,36,Zone,73,24,"July 18, 2002",United States,Kansas State,2,2025,160,San Francisco 49ers,92,92,64,84,70,90,90,87,88,24,12,6,6,6,6,6,68,60,57,34,29,25,32,60,52,44,81,64,42,56,62,14,75,36,37,50,76,67,68,72,77,67,35,35,54,35,35,35,35,25,19,15,43,2594,,https://www.maddenratings.com/marques-sigle
San Francisco 49ers,Alfred Collins,DT,Defensive Tackle,95,,72,24,"October 8, 2001",United States,Texas,2,2025,43,San Francisco 49ers,73,79,92,69,73,75,91,77,91,24,13,15,10,7,10,12,42,36,35,15,13,10,16,45,27,33,52,27,30,17,22,17,78,74,59,72,78,73,11,15,78,10,45,45,89,45,45,45,45,26,20,21,23,2245,,https://www.maddenratings.com/alfred-collins
San Francisco 49ers,Eli Apple,CB,Cornerback,30,Man to Man,72,30,"August 9, 1995",United States,Ohio State,11,2016,10,New York Giants,88,90,60,83,76,85,90,92,84,27,11,6,6,6,6,6,71,62,44,26,16,11,27,63,50,26,83,66,37,64,72,10,53,24,25,49,73,74,73,69,47,75,15,10,51,33,34,33,34,11,18,17,65,2427,,https://www.maddenratings.com/eli-apple
San Francisco 49ers,Gracen Halton,DT,Defensive Tackle,93,,72,22,"January 27, 2004",,Oklahoma,,,,,78,80,84,55,71,87,89,75,86,20,10,6,6,6,6,6,38,39,39,36,32,26,35,48,17,47,54,29,46,29,29,12,81,74,71,78,79,72,31,22,80,20,45,45,83,45,45,45,45,22,15,26,10,2355,,https://www.maddenratings.com/gracen-halton
San Francisco 49ers,Isaac Guerendo,HB,Halfback,31,Elusive Back,72,26,"June 28, 2000",United States,Louisville,3,2024,129,San Francisco 49ers,92,92,71,84,72,91,81,82,79,23,12,20,15,10,14,10,68,49,49,66,62,60,55,88,74,72,83,81,76,74,79,23,40,10,10,39,47,27,29,36,40,35,33,55,33,19,26,35,38,26,20,18,79,2602,,https://www.maddenratings.com/isaac-guerendo
San Francisco 49ers,Jake Tonges,TE,Tight End,88,Vertical Threat,72,27,"July 8, 1999",United States,California,5,,,,86,88,73,81,77,86,92,77,75,36,32,37,33,29,35,34,83,79,77,69,65,61,67,75,50,65,72,71,55,64,68,40,35,15,17,29,38,26,15,20,38,15,59,58,56,54,58,57,55,61,20,22,40,2820,,https://www.maddenratings.com/jake-tonges
San Francisco 49ers,Kaelon Black,HB,Halfback,26,Power Back,72,24,"October 17, 2001",,Indiana,,,,,91,93,79,83,72,89,90,82,86,33,24,24,20,15,26,22,64,50,50,61,53,46,49,90,80,81,82,84,75,70,77,23,26,31,25,22,25,23,17,22,28,23,41,54,45,38,34,34,32,40,21,23,52,2620,,https://www.maddenratings.com/kaelon-black
San Francisco 49ers,Cameron Sample,REDG,Right Edge,96,,71,26,"September 20, 1999",United States,Tulane,6,2021,111,Cincinnati Bengals,77,80,78,69,70,86,88,80,82,27,10,6,6,6,6,6,35,24,24,14,6,3,13,36,15,25,64,25,28,27,35,12,84,75,67,76,82,73,38,47,80,36,45,45,83,45,45,45,45,18,30,30,6,2258,,https://www.maddenratings.com/cameron-sample
San Francisco 49ers,Darrick Forrest,FS,Free Safety,29,Run Support,71,27,"May 22, 1999",United States,Cincinnati,6,2021,163,Washington Commanders,90,92,67,85,66,92,85,90,78,24,10,14,12,10,6,6,73,68,57,36,34,32,47,55,49,37,78,65,45,65,69,11,73,37,44,56,79,65,66,70,86,67,35,35,62,35,35,35,35,27,18,17,66,2691,,https://www.maddenratings.com/darrick-forrest
San Francisco 49ers,Jacob Cowing,WR,Wide Receiver,19,,71,25,"February 4, 2001",United States,Arizona,3,2024,135,San Francisco 49ers,93,93,52,83,52,86,89,84,85,25,15,25,20,15,18,6,79,77,77,77,76,76,74,71,73,49,85,81,44,75,81,19,26,10,10,24,27,17,17,25,21,15,36,25,34,17,22,12,12,21,19,19,67,2431,,https://www.maddenratings.com/jacob-cowing
San Francisco 49ers,Nick Martin,WILL,Weak Backer,45,Run Stopper,71,23,"October 13, 2002",United States,Oklahoma St.,2,2025,75,San Francisco 49ers,88,93,74,79,73,90,87,87,88,22,12,6,6,6,6,6,60,54,52,29,26,23,27,68,43,47,82,57,51,55,61,22,78,55,61,70,82,71,58,63,76,48,45,45,73,45,45,45,45,29,23,21,10,2668,,https://www.maddenratings.com/nick-martin
San Francisco 49ers,Sincere McCormick,HB,Halfback,35,Power Back,71,25,"September 10, 2000",United States,UTSA,5,,,,86,87,75,79,78,81,89,84,87,37,22,30,24,18,29,18,70,55,56,59,53,48,48,92,79,81,77,80,80,67,80,27,34,10,10,32,38,19,12,12,30,15,36,52,41,33,28,33,27,39,28,23,15,2543,,https://www.maddenratings.com/sincere-mccormick
San Francisco 49ers,Ephesians Prysock,CB,Cornerback,35,Man to Man,70,23,"February 28, 2003",,Washington,,,,,91,92,63,89,67,92,88,88,84,28,10,6,6,6,6,6,67,61,59,42,39,36,43,60,54,34,89,67,35,64,68,14,58,34,37,47,73,68,69,68,61,68,35,35,47,35,35,35,35,18,16,14,56,2598,,https://www.maddenratings.com/ephesians-prysock
San Francisco 49ers,Robert Jones,RG,Right Guard,65,Power,70,27,"January 28, 1999",United States,Mid Tenn St.,6,,,,64,67,88,48,80,76,89,77,83,15,13,6,6,6,6,6,24,12,10,10,5,5,12,37,32,34,52,40,32,15,20,12,32,15,10,35,27,10,10,11,42,10,73,71,84,72,74,72,70,80,22,20,10,1932,,https://www.maddenratings.com/robert-jones
San Francisco 49ers,Tatum Bethune,MIKE,Mike Backer,48,Field General,70,25,"February 19, 2001",United States,Florida State,3,2024,251,San Francisco 49ers,81,87,67,83,73,75,92,82,85,20,13,31,23,21,22,11,67,60,55,15,10,10,23,55,40,50,76,58,50,58,64,24,81,54,64,67,82,73,63,69,80,63,42,30,68,35,35,25,25,34,16,14,45,2646,,https://www.maddenratings.com/tatum-bethune
San Francisco 49ers,CJ West,DT,Defensive Tackle,99,,69,24,"June 12, 2002",United States,Indiana,2,2025,113,San Francisco 49ers,74,77,84,64,67,80,88,81,88,25,14,15,10,8,17,12,19,18,18,17,15,12,17,40,23,29,53,22,34,20,20,19,75,75,62,79,76,66,13,16,76,12,45,45,83,45,45,45,45,24,24,16,28,2175,,https://www.maddenratings.com/cj-west
San Francisco 49ers,Darrell Luter Jr.,CB,Cornerback,28,Zone,69,26,"April 24, 2000",United States,South Alabama,4,2023,155,San Francisco 49ers,90,92,50,87,65,94,90,88,81,10,13,8,6,5,7,6,66,68,63,50,45,40,50,58,64,36,79,69,42,67,73,14,64,30,35,50,73,64,66,71,64,77,35,30,45,35,35,30,30,17,15,15,55,2612,,https://www.maddenratings.com/darrell-luter-jr
San Francisco 49ers,Jordan Watkins,WR,Wide Receiver,17,Deep Threat,69,24,"February 15, 2002",United States,Ole Miss,2,2025,138,San Francisco 49ers,93,93,66,82,68,86,92,84,91,29,33,25,22,15,16,16,84,75,77,70,71,73,67,75,70,45,83,77,37,69,71,31,42,28,29,36,40,35,60,32,33,25,39,20,36,18,20,26,17,25,30,22,76,2675,,https://www.maddenratings.com/jordan-watkins
San Francisco 49ers,Jon Weeks,LS,Long Snapper,46,Power,69,40,"February 17, 1986",United States,Baylor,17,,,,69,71,69,68,68,54,94,70,84,40,14,12,12,12,12,12,64,44,47,41,36,31,21,65,20,33,60,33,22,21,21,15,67,59,55,66,65,55,26,34,67,21,47,55,55,40,35,50,40,40,29,18,10,2269,,https://www.maddenratings.com/jon-weeks
San Francisco 49ers,Enrique Cruz Jr.,RT,Right Tackle,69,Power,68,23,"August 4, 2003",,Kansas,,,,,74,76,85,62,69,72,85,85,87,11,12,6,6,6,6,6,20,14,17,14,5,5,15,26,18,25,55,14,11,10,10,12,35,40,41,33,35,19,15,14,41,10,73,72,79,71,76,77,72,77,10,12,10,1931,,https://www.maddenratings.com/enrique-cruz-jr
San Francisco 49ers,Sam Okuayinonu,LEDG,Left Edge,91,Power Rusher,68,28,"May 1, 1998",Liberia,Maryland,5,,,,79,84,83,67,63,85,88,69,82,21,8,7,6,5,7,6,35,32,20,10,5,3,12,27,24,35,63,15,21,15,19,12,77,75,66,71,77,62,29,35,77,20,40,35,79,35,35,30,30,23,36,31,10,2081,,https://www.maddenratings.com/sam-okuayinonu
San Francisco 49ers,Brandon Parker,RT,Right Tackle,60,,67,30,"October 21, 1995",United States,N.C. AT,9,,,,60,62,84,54,78,71,88,86,93,22,15,6,6,6,6,6,22,15,15,12,5,5,12,21,10,30,40,15,14,10,12,12,31,18,13,30,30,16,13,15,30,10,75,67,82,72,78,66,70,84,17,12,10,1832,,https://www.maddenratings.com/brandon-parker
San Francisco 49ers,Carver Willis,LG,Left Guard,74,Agile,67,24,"April 20, 2002",,Washington,,,,,69,66,83,63,58,67,84,86,89,25,24,35,32,28,25,26,28,26,28,24,20,14,24,25,14,29,57,17,12,10,10,32,27,10,10,22,21,21,11,12,40,10,77,72,81,71,77,72,73,79,10,12,10,2048,,https://www.maddenratings.com/carver-willis
San Francisco 49ers,Connor Colby,LG,Left Guard,75,Power,67,23,"January 16, 2003",United States,Iowa,2,2025,249,San Francisco 49ers,69,73,83,66,72,71,89,87,87,17,10,6,6,6,6,6,32,13,11,15,6,6,15,28,10,26,61,11,12,10,26,11,28,10,10,20,25,30,10,10,34,10,74,68,79,74,74,69,67,77,16,19,10,1861,,https://www.maddenratings.com/connor-colby
San Francisco 49ers,Evan Anderson,DT,Defensive Tackle,58,,67,24,"February 14, 2002",United States,FAU,3,,,,62,73,87,47,68,74,88,74,83,21,10,6,6,6,6,6,31,34,28,15,7,3,15,32,21,46,48,34,38,27,33,12,78,74,62,75,74,66,26,32,79,16,45,45,88,45,45,45,45,31,16,11,15,2154,,https://www.maddenratings.com/evan-anderson
San Francisco 49ers,Jaden Dugger,MIKE,Mike Backer,53,Field General,67,22,"February 26, 2004",,UL Lafayette,,,,,86,89,71,83,67,83,86,87,87,11,10,6,6,6,6,6,61,64,58,45,43,41,33,56,33,43,72,51,45,48,46,16,79,55,61,66,82,66,65,60,78,47,48,62,73,67,54,43,45,27,17,18,12,2670,,https://www.maddenratings.com/jaden-dugger
San Francisco 49ers,Colton Dowell,WR,Wide Receiver,84,,66,27,"April 19, 1999",United States,Tenn-Martin,4,2023,228,Tennessee Titans,91,91,69,81,47,93,86,83,88,26,17,20,15,10,10,6,79,81,84,68,67,65,70,75,74,52,84,79,57,64,70,21,30,10,10,29,30,15,12,17,27,21,39,23,35,19,28,26,20,16,20,17,34,2401,,https://www.maddenratings.com/colton-dowell
San Francisco 49ers,Luke Gifford,WILL,Weak Backer,51,Run Stopper,66,30,"August 28, 1995",United States,Nebraska,8,,,,85,84,75,81,63,84,84,85,83,44,26,39,33,26,31,25,65,35,33,19,12,7,19,63,48,34,73,54,45,57,67,22,79,57,64,67,78,63,55,60,80,43,45,45,78,45,45,45,45,24,17,18,14,2668,,https://www.maddenratings.com/luke-gifford
San Francisco 49ers,Siran Neal,SS,Strong Safety,33,Hybrid,66,32,"August 4, 1994",United States,Jacksonville State,9,2018,154,Buffalo Bills,90,85,60,80,64,92,94,86,92,21,14,6,6,6,6,6,67,64,56,40,35,28,30,63,35,49,79,67,38,60,65,15,68,41,48,60,72,65,64,70,80,76,35,35,63,35,35,35,35,15,18,15,25,2589,,https://www.maddenratings.com/siran-neal
San Francisco 49ers,Vederian Lowe,LT,Left Tackle,76,Power,66,27,"April 17, 1999",United States,Illinois,5,2022,184,Minnesota Vikings,64,74,82,56,78,65,93,81,82,19,6,6,6,6,6,6,50,16,20,32,15,5,13,24,13,28,53,27,31,22,20,10,29,24,21,33,31,25,8,9,37,10,71,75,84,71,75,70,68,73,12,11,10,1956,,https://www.maddenratings.com/vederian-lowe
San Francisco 49ers,Austen Pleasants,LT,Left Tackle,62,Power,65,28,"August 22, 1997",United States,Ohio,5,,,,62,65,84,49,68,66,86,81,81,11,10,6,6,6,6,6,24,17,19,15,5,5,12,23,15,21,50,15,15,10,10,13,23,12,10,24,21,14,11,10,25,10,71,71,81,71,69,73,70,77,11,12,10,1738,,https://www.maddenratings.com/austen-pleasants
San Francisco 49ers,Jalen Graham,SAM,Sam Backer,41,Run Stopper,65,25,"January 11, 2001",United States,Purdue,4,2023,255,San Francisco 49ers,84,90,65,75,67,77,89,84,86,54,34,48,45,41,46,30,66,63,58,30,24,19,32,50,45,45,73,60,54,55,63,52,77,39,46,61,82,68,49,65,79,55,25,25,66,25,25,25,25,25,20,15,39,2740,,https://www.maddenratings.com/jalen-graham
San Francisco 49ers,Luke Farrell,TE,Tight End,89,Possession,64,28,"October 14, 1997",United States,Ohio State,6,2021,145,Jacksonville Jaguars,77,79,77,78,63,84,90,82,88,25,10,15,10,6,10,6,78,72,75,62,56,49,65,75,53,65,72,62,65,47,55,15,45,17,12,44,43,18,12,17,44,19,64,61,67,64,60,60,62,55,24,19,15,2588,,https://www.maddenratings.com/luke-farrell
San Francisco 49ers,Patrick McMorris,FS,Free Safety,25,Zone,64,24,"October 18, 2001",United States,California,3,2024,198,Miami Dolphins,87,90,63,81,64,76,93,84,80,41,25,32,27,22,20,13,71,67,64,54,45,44,35,74,59,61,82,73,59,67,72,18,63,42,37,58,74,63,63,67,83,68,35,35,60,35,35,30,30,32,15,15,44,2827,,https://www.maddenratings.com/patrick-mcmorris
San Francisco 49ers,Brayden Willis,TE,Tight End,9,Possession,63,26,"November 11, 1999",United States,Oklahoma,4,2023,247,San Francisco 49ers,84,85,76,79,47,83,90,83,83,58,43,60,56,50,58,52,77,76,77,58,53,48,58,70,69,68,74,75,64,57,62,62,46,37,27,40,40,30,12,20,40,15,67,61,71,66,64,61,58,60,47,30,19,3046,,https://www.maddenratings.com/brayden-willis
San Francisco 49ers,Kurtis Rourke,QB,Quarterback,14,Field General,63,25,"October 25, 2000",United States,Indiana,2,2025,227,San Francisco 49ers,76,78,67,75,67,70,82,87,81,90,71,80,75,71,74,75,49,18,17,18,18,17,27,59,57,45,72,69,35,51,52,61,35,28,30,30,24,48,20,21,30,17,23,24,30,33,33,35,34,28,25,30,23,2485,,https://www.maddenratings.com/kurtis-rourke
San Francisco 49ers,Nick Zakelj,LG,Left Guard,63,Agile,63,27,"June 22, 1999",United States,Fordham,5,2022,187,San Francisco 49ers,67,82,85,59,70,71,92,85,84,17,14,6,6,6,6,6,37,32,25,30,26,22,31,35,27,32,56,33,38,22,25,12,35,37,32,40,41,33,10,10,39,10,63,67,78,61,66,64,70,79,17,14,10,2115,,https://www.maddenratings.com/nick-zakelj
San Francisco 49ers,Brett Toth,C,Center,78,Agile,62,29,"September 1, 1996",United States,Army,8,,,,67,68,81,67,68,64,84,79,85,30,16,6,6,6,6,6,33,15,15,15,15,15,15,40,8,25,52,10,19,10,10,12,32,10,10,20,24,15,12,15,24,10,72,66,79,70,73,65,67,80,20,15,10,1837,,https://www.maddenratings.com/brett-toth
San Francisco 49ers,Garret Wallow,MIKE,Mike Backer,49,Field General,62,27,"January 25, 1999",United States,TCU,6,,,,83,84,69,79,68,79,91,82,84,24,10,6,6,6,6,6,47,39,36,20,10,6,25,53,29,33,64,45,34,35,41,12,78,52,56,63,76,67,60,58,75,48,44,42,69,45,45,43,42,15,30,26,25,2371,,https://www.maddenratings.com/garret-wallow
San Francisco 49ers,Patrick Taylor,HB,Halfback,32,Elusive Back,61,28,"April 29, 1998",United States,Memphis,6,,,,87,89,67,77,68,82,85,79,78,26,17,24,21,16,24,23,67,54,54,59,51,43,48,87,78,76,76,72,70,69,74,22,37,24,21,35,36,29,14,15,46,15,39,43,43,39,40,37,38,37,20,16,63,2550,,https://www.maddenratings.com/patrick-taylor
San Francisco 49ers,Hayden Rucci,TE,Tight End,48,Possession,61,25,"January 27, 2001",United States,Wisconsin,,,,,77,80,73,66,62,78,87,81,81,22,10,15,10,6,10,6,73,76,75,63,56,50,64,71,55,60,71,61,59,50,58,15,39,12,14,34,34,26,15,18,34,18,61,59,63,61,58,59,57,58,18,15,17,2491,,https://www.maddenratings.com/hayden-rucci
San Francisco 49ers,Adrian Martinez,QB,Quarterback,4,Scrambler,60,26,"January 7, 2000",United States,Kansas State,,,,,85,87,65,81,54,86,87,83,88,86,73,77,75,73,74,73,24,12,12,13,10,9,11,50,68,41,82,80,43,69,71,71,16,7,7,15,19,12,11,13,8,7,18,12,20,10,12,12,15,16,14,12,28,2197,,https://www.maddenratings.com/adrian-martinez
Seattle Seahawks,Jaxon Smith-Njigba,WR,Wide Receiver,11,Deep Threat,99,24,"February 14, 2002",United States,Ohio State,4,2023,20,Seattle Seahawks,93,95,63,96,98,89,87,94,82,29,16,15,10,6,10,6,97,98,93,97,99,97,98,72,81,45,94,93,61,76,86,18,24,10,10,25,27,17,16,14,20,10,50,31,48,27,24,24,22,31,16,11,70,2721,"Double Me Aggressive receivers overpower defenders and attack the football. When they enter the zone, this ability increases their success rate on aggressive catches against single coverage. Deep Out Elite Receivers with this ability catch more consistently while catching passes 20+ yards from the LoS, outside the numbers Mid Out Elite Receivers with this ability catch more consistently while catching passes less than 10-20 yards from the LoS, outside the numbers Quick Jump Players with this ability have a slightly reduced stamina cost and slightly longer perfect window for jumping snaps.",https://www.maddenratings.com/jaxon-smith-njigba
Seattle Seahawks,Devon Witherspoon,CB,Cornerback,21,,91,25,"December 11, 2000",United States,Illinois,4,2023,5,Seattle Seahawks,91,93,60,91,90,89,91,93,97,35,10,15,10,6,10,6,75,67,68,25,15,12,22,59,62,25,91,72,34,67,75,12,77,32,46,56,87,92,88,86,83,82,34,28,49,34,35,22,22,11,20,17,62,2731,Short Route KO Defenders with this ability have a slightly improved chance to succeed at catch tackle knockouts in man-to-man versus short routes less than 10 yards from the LoS Inside Shade Defenders with this ability have a slightly increased chance to react much faster to receiver cut moves when in man coverage and inside the numbers,https://www.maddenratings.com/devon-witherspoon
Seattle Seahawks,Leonard Williams,DT,Defensive Tackle,99,,88,32,"June 20, 1994",United States,USC,12,2015,6,New York Jets,77,75,90,70,97,73,94,86,85,35,14,6,6,6,6,6,42,25,29,15,8,4,15,58,15,49,58,38,50,34,44,12,87,86,73,88,85,95,25,33,82,20,45,45,90,45,45,45,45,18,18,17,10,2419,El Toro Defenders with this ability have a slightly improved chance to receive dominant bull rush wins when their stamina is full. This consumes a large amount of additional stamina. B.O.G.O. Defenders with this ability are granted a free pass rush move once per play after spending stamina to perform one,https://www.maddenratings.com/leonard-williams
Seattle Seahawks,DeMarcus Lawrence,,,,,87,34,"April 28, 1992",United States,Boise State,13,2014,34,Dallas Cowboys,84,82,87,77,92,83,84,84,95,25,14,6,6,6,6,6,33,25,24,15,8,4,20,42,33,45,66,54,42,32,42,12,86,77,80,87,88,94,39,50,84,44,45,45,88,45,45,45,45,13,19,19,10,2482,"No Outsiders Defenders with this ability have slightly improved run shed moves and disengage angles for a better chance at stopping outside zone plays. Instant Rebate Defenders with this ability are refunded stamina when they successfully shed blocks Edge Threat Defenders with this ability are slightly more likely to use faster, more dominant pass rush moves while rushing from the edge of the defense, and have more favorable disengage angles.",https://www.maddenratings.com/demarcus-lawrence
Seattle Seahawks,Sam Darnold,QB,Quarterback,14,Field General,87,29,"June 5, 1997",United States,USC,9,2018,3,New York Jets,82,81,60,80,82,67,90,86,91,91,90,92,91,96,90,85,37,44,16,14,13,11,12,57,58,44,76,81,46,52,66,72,36,10,10,31,39,20,24,35,28,20,25,19,22,15,10,14,19,19,18,14,10,2491,,https://www.maddenratings.com/sam-darnold
Seattle Seahawks,Nick Emmanwori,SS,Strong Safety,3,Run Support,86,22,"February 7, 2004",United States,South Carolina,2,2025,35,Seattle Seahawks,93,93,70,83,88,96,91,92,91,25,12,6,6,6,6,6,74,65,60,39,34,30,37,65,59,51,81,70,48,62,70,15,77,44,44,68,85,86,79,76,83,74,35,35,61,35,35,35,35,25,21,18,43,2818,,https://www.maddenratings.com/nick-emmanwori
Seattle Seahawks,Byron Murphy,DT,Defensive Tackle,91,,85,23,"September 8, 2002",United States,Texas,3,2024,16,Seattle Seahawks,77,81,91,67,89,80,91,83,88,25,10,6,6,6,6,6,46,25,22,29,23,20,28,42,38,53,64,53,48,41,45,12,89,84,79,82,87,88,25,34,82,29,45,45,87,45,45,45,45,26,20,18,10,2511,,https://www.maddenratings.com/byron-murphy-ii
Seattle Seahawks,Julian Love,SS,Strong Safety,20,Zone,85,28,"March 19, 1998",United States,Notre Dame,8,2019,108,New York Giants,89,87,62,88,89,86,92,94,85,29,12,6,6,6,6,6,77,63,58,38,30,22,37,65,60,32,85,73,32,68,77,14,75,29,33,56,84,89,75,83,71,73,35,35,48,35,35,35,35,17,19,14,70,2720,,https://www.maddenratings.com/julian-love
Seattle Seahawks,Michael Dickson,P,Punter,4,Accurate,85,30,"January 4, 1996",Australia,Texas,9,2018,149,Seattle Seahawks,77,75,47,65,71,31,90,86,72,36,20,29,24,18,22,18,26,15,15,15,15,15,15,38,12,12,54,19,10,16,24,15,30,10,10,28,38,17,11,16,17,10,16,17,16,16,16,17,17,16,96,96,10,1617,,https://www.maddenratings.com/michael-dickson
Seattle Seahawks,Jason Myers,K,Kicker,5,Accurate,84,35,"May 12, 1991",United States,Marist,12,,,,69,71,43,47,69,40,85,80,50,45,13,35,30,25,20,20,30,12,10,10,10,10,12,34,12,15,45,19,16,23,14,13,20,10,10,10,28,15,10,25,12,10,20,20,15,15,15,15,15,15,95,94,10,1506,,https://www.maddenratings.com/jason-myers
Seattle Seahawks,Ernest Jones,MIKE,Mike Backer,13,,84,26,"November 22, 1999",United States,South Carolina,6,2021,103,Los Angeles Rams,87,87,74,73,85,91,89,89,86,22,15,6,6,6,6,6,73,53,47,38,32,27,38,62,35,46,73,47,46,39,60,12,92,65,45,80,91,86,63,67,87,45,49,46,91,47,49,46,46,36,16,13,10,2726,,https://www.maddenratings.com/ernest-jones
Seattle Seahawks,Abraham Lucas,RT,Right Tackle,72,,83,27,"October 25, 1998",United States,Wash. St.,5,2022,72,Seattle Seahawks,74,80,87,75,88,72,88,92,79,11,10,5,5,5,5,5,38,36,33,34,27,22,31,44,27,32,59,35,27,17,23,12,32,22,19,30,31,32,10,10,26,10,86,84,82,83,87,82,85,78,16,14,10,2207,,https://www.maddenratings.com/abraham-lucas
Seattle Seahawks,Charles Cross,LT,Left Tackle,67,Pass Protector,83,25,"November 25, 2000",United States,Mississippi St.,5,2022,9,Seattle Seahawks,73,74,84,56,88,75,91,88,81,23,9,6,6,6,6,6,20,15,14,15,10,5,12,25,18,15,60,12,20,10,10,14,25,10,10,22,28,21,10,10,30,10,81,87,82,77,84,84,89,83,19,14,10,1933,,https://www.maddenratings.com/charles-cross
Seattle Seahawks,Cooper Kupp,WR,Wide Receiver,10,,83,33,"June 15, 1993",United States,Eastern Wash.,10,2017,69,Los Angeles Rams,87,90,66,90,85,82,89,95,88,60,29,42,36,31,41,37,92,86,87,84,85,81,85,76,80,55,89,95,78,86,88,22,31,10,10,28,31,22,15,26,26,10,63,46,56,32,28,39,34,34,22,20,84,2984,,https://www.maddenratings.com/cooper-kupp
Seattle Seahawks,Zach Charbonnet,HB,Halfback,26,Power Back,83,25,"January 8, 2001",United States,UCLA,4,2023,52,Seattle Seahawks,88,89,79,82,84,85,87,86,83,23,11,18,14,10,20,10,73,52,53,63,56,47,51,97,86,92,78,86,81,76,82,26,50,31,38,41,50,45,25,31,49,28,48,55,43,32,23,40,33,41,18,16,65,2770,,https://www.maddenratings.com/zach-charbonnet
Seattle Seahawks,Grey Zabel,LG,Left Guard,76,Agile,79,24,"March 30, 2002",United States,North Dakota St.,,2025,18,Seattle Seahawks,74,79,90,64,87,84,91,89,87,17,14,6,6,6,6,6,24,15,10,12,5,5,14,25,9,21,63,15,17,9,10,11,30,19,17,25,27,20,10,10,26,10,79,79,86,77,80,77,81,86,17,14,10,1951,,https://www.maddenratings.com/grey-zabel
Seattle Seahawks,Rashid Shaheed,WR,Wide Receiver,22,,79,27,"August 31, 1998",United States,Weber State,5,,,,95,95,61,90,75,87,85,86,76,28,11,22,15,10,21,10,85,79,77,74,78,85,72,70,77,41,91,86,35,76,87,22,25,15,14,23,32,17,25,30,19,15,36,33,31,14,9,16,15,16,19,17,89,2512,,https://www.maddenratings.com/rashid-shaheed
Seattle Seahawks,Jarran Reed,DT,Defensive Tackle,90,,78,33,"December 16, 1992",United States,Alabama,11,2016,49,Seattle Seahawks,71,66,89,61,87,76,92,83,87,23,15,6,6,6,6,6,30,16,14,13,5,3,15,33,10,29,53,18,25,17,16,12,88,66,77,78,81,84,18,26,78,13,45,44,86,46,45,44,45,34,17,17,9,2130,,https://www.maddenratings.com/jarran-reed
Seattle Seahawks,Derick Hall,REDG,Right Edge,58,Power Rusher,77,25,"March 19, 2001",United States,Auburn,4,2023,37,Seattle Seahawks,87,92,76,76,77,81,92,84,87,30,12,26,21,15,23,14,52,47,45,42,37,35,44,49,34,44,78,52,45,45,48,22,80,81,71,74,82,73,47,56,80,42,45,40,81,45,45,40,40,25,14,12,29,2714,,https://www.maddenratings.com/derick-hall
Seattle Seahawks,Josh Jobe,CB,Cornerback,29,Zone,77,28,"April 9, 1998",United States,Alabama,5,,,,89,89,63,80,83,84,88,86,85,29,10,6,6,6,15,6,58,57,53,21,14,11,25,58,49,33,79,62,32,65,71,13,73,29,37,50,74,82,76,79,66,75,35,31,53,35,35,31,31,22,21,14,40,2515,,https://www.maddenratings.com/josh-jobe
Seattle Seahawks,Uchenna Nwosu,REDG,Right Edge,7,Smaller Speed Rusher,76,29,"December 28, 1996",United States,USC,9,2018,48,Los Angeles Chargers,82,85,73,81,81,78,92,86,82,18,13,6,6,6,6,6,63,43,46,15,5,5,35,47,30,33,72,41,33,42,52,15,80,72,78,79,83,79,47,60,83,37,45,45,75,45,45,45,45,20,17,13,10,2481,,https://www.maddenratings.com/uchenna-nwosu
Seattle Seahawks,AJ Barner,TE,Tight End,88,Possession,75,24,"May 3, 2002",United States,Michigan,3,2024,121,Seattle Seahawks,78,85,78,83,77,83,86,93,88,23,17,20,15,10,10,10,87,82,82,69,63,62,69,73,62,67,71,69,62,57,63,20,34,10,10,34,36,16,12,14,40,12,62,60,63,63,58,60,57,59,18,12,25,2669,,https://www.maddenratings.com/aj-barner
Seattle Seahawks,Bud Clark,FS,Free Safety,9,Zone,75,24,"May 3, 2002",,TCU,,,,,91,91,65,86,75,88,84,95,87,40,37,43,40,37,33,34,64,63,65,42,39,32,38,55,59,52,87,62,44,55,71,45,69,39,49,53,79,72,70,72,73,67,35,35,61,35,35,35,35,24,21,22,64,2944,,https://www.maddenratings.com/bud-clark
Seattle Seahawks,Dante Fowler Jr,LEDG,Left Edge,56,Smaller Speed Rusher,75,32,"August 3, 1994",United States,Florida,12,,,,81,84,73,80,82,79,84,81,77,25,16,6,6,6,6,6,51,44,45,15,8,4,28,55,35,55,66,50,45,52,45,12,78,68,77,70,83,78,41,45,83,42,45,45,84,45,45,45,45,12,21,22,10,2486,,https://www.maddenratings.com/dante-fowler-jr
Seattle Seahawks,Drake Thomas,WILL,Weak Backer,32,Pass Coverage,75,26,"February 25, 2000",United States,N.C. State,4,,,,82,87,66,80,78,85,90,84,89,27,8,15,11,10,7,6,57,50,49,23,13,6,16,53,25,48,79,50,45,49,51,7,83,45,54,69,87,82,61,73,81,46,45,35,68,45,45,35,35,31,24,22,10,2522,,https://www.maddenratings.com/drake-thomas
Seattle Seahawks,Jadarian Price,,,8,Elusive Back,75,22,"October 9, 2003",United States,Notre Dame,,2026,32,Seattle Seahawks,89,90,72,88,76,84,88,83,88,35,18,24,19,17,24,22,66,48,47,55,48,40,42,88,77,70,84,83,64,77,83,23,22,18,12,26,26,28,21,23,26,20,41,52,44,28,23,27,29,41,24,25,80,2548,,https://www.maddenratings.com/jadarian-price
Seattle Seahawks,Tory Horton,WR,Wide Receiver,15,Deep Threat,75,23,"November 29, 2002",United States,Colorado St.,2,2025,166,Seattle Seahawks,93,94,68,87,73,88,82,85,84,31,26,27,19,12,16,28,85,79,78,77,76,76,75,71,74,53,88,79,61,73,76,19,39,26,27,31,33,32,50,37,31,24,50,28,48,21,21,21,14,31,24,23,85,2749,,https://www.maddenratings.com/tory-horton
Seattle Seahawks,Tyrice Knight,WILL,Weak Backer,48,Run Stopper,75,25,"December 20, 2000",United States,UTEP,3,2024,118,Seattle Seahawks,85,90,71,75,73,83,91,83,87,23,11,13,13,10,19,13,62,52,52,31,24,25,41,61,43,44,73,47,45,54,55,24,84,69,63,74,85,72,63,67,85,49,27,26,74,25,25,25,23,35,24,25,37,2630,,https://www.maddenratings.com/tyrice-knight
Seattle Seahawks,Ty Okada,FS,Free Safety,39,Zone,75,27,"June 4, 1999",United States,Montana State,4,,,,90,91,62,88,75,94,89,82,77,52,31,51,46,40,51,41,64,66,60,35,28,26,29,67,64,49,90,73,48,66,73,45,66,32,38,49,72,72,70,75,79,61,35,35,51,35,35,35,35,26,26,22,45,2937,,https://www.maddenratings.com/ty-okada
Seattle Seahawks,Emanuel Wilson,HB,Halfback,27,Elusive Back,73,27,"May 8, 1999",United States,Fort Valley State,4,,,,90,93,72,82,78,86,90,84,85,35,11,29,26,21,21,10,68,60,62,62,57,49,53,88,78,79,81,80,79,73,80,32,37,10,10,31,36,22,10,15,41,10,51,54,50,42,39,40,41,44,16,17,70,2680,,https://www.maddenratings.com/emanuel-wilson
Seattle Seahawks,Robbie Ouzts,FB,Fullback,40,Blocking,73,23,"September 6, 2002",United States,Alabama,2,2025,175,Seattle Seahawks,75,74,82,72,69,82,86,82,87,23,25,27,8,27,30,17,75,69,68,65,58,51,57,70,56,69,68,63,60,49,56,27,44,37,30,37,40,30,18,25,40,16,62,57,73,60,64,56,55,85,28,24,23,2731,,https://www.maddenratings.com/robbie-ouzts
Seattle Seahawks,Anthony Bradford,RG,Right Guard,75,Power,72,25,"April 28, 2001",United States,LSU,4,2023,108,Seattle Seahawks,70,84,92,56,74,74,87,88,85,12,7,10,7,6,6,5,24,14,16,11,9,7,11,31,9,14,52,11,10,10,10,12,30,10,10,25,22,21,11,12,20,10,77,69,86,79,74,72,65,70,15,16,10,1818,,https://www.maddenratings.com/anthony-bradford
Seattle Seahawks,Christian Haynes,LG,Left Guard,64,Power,71,26,"April 13, 2000",United States,Connecticut,3,2024,81,Seattle Seahawks,71,75,87,68,76,80,95,86,93,23,7,21,15,13,9,11,29,32,31,19,11,10,21,33,32,35,56,33,44,23,27,7,33,10,10,20,29,23,12,15,38,10,72,73,83,71,72,75,72,82,15,15,10,2113,,https://www.maddenratings.com/christian-haynes
Seattle Seahawks,Elijah Arroyo,TE,Tight End,18,Vertical Threat,71,23,"April 5, 2003",United States,Miami,2,2025,50,Seattle Seahawks,87,89,77,80,69,83,83,81,85,50,42,59,49,38,45,47,81,76,75,68,64,63,66,72,66,64,70,79,61,61,69,39,30,29,29,32,30,37,46,40,33,23,58,59,63,56,59,59,58,52,35,18,36,3020,,https://www.maddenratings.com/elijah-arroyo
Seattle Seahawks,Josh Jones,LT,Left Tackle,74,Power,71,29,"June 22, 1997",United States,Houston,7,2020,72,Arizona Cardinals,66,66,85,59,72,71,90,86,85,30,13,6,6,6,6,6,36,15,15,15,5,5,15,40,6,20,51,10,30,10,10,12,35,10,10,20,28,15,12,15,20,10,75,79,85,76,75,78,80,83,25,25,10,1914,,https://www.maddenratings.com/josh-jones
Seattle Seahawks,Julian Neal,CB,Cornerback,1,,71,23,"February 12, 2003",,Arkansas,,,,,89,90,64,84,73,93,88,86,84,29,10,6,6,6,6,6,67,64,59,42,39,35,41,61,57,35,85,68,57,64,67,18,64,34,38,50,76,73,70,71,63,76,35,35,46,35,35,35,35,14,16,14,57,2651,,https://www.maddenratings.com/julian-neal
Seattle Seahawks,Noah Igbinoghene,CB,Cornerback,17,Man to Man,71,26,"November 27, 1999",United States,Auburn,7,2020,30,Miami Dolphins,90,91,61,87,68,93,83,87,82,28,17,6,6,6,6,6,64,67,49,58,53,47,44,65,58,33,86,74,41,71,78,17,56,28,37,49,73,67,71,69,57,75,35,35,48,35,35,35,35,17,18,14,82,2693,,https://www.maddenratings.com/noah-igbinoghene
Seattle Seahawks,Beau Stephens,RG,Right Guard,60,Agile,70,23,"November 1, 2002",,Iowa,,,,,61,68,87,64,69,70,85,84,87,15,14,6,6,6,6,6,28,22,18,17,5,5,11,24,10,22,52,15,14,10,10,13,32,31,32,28,35,27,17,16,29,10,76,77,81,73,75,72,75,79,28,23,10,1936,,https://www.maddenratings.com/beau-stephens
Seattle Seahawks,Jalen Sundell,C,Center,61,Agile,69,26,"October 18, 1999",United States,North Dakota St.,3,,,,66,61,84,65,74,72,89,86,86,23,10,6,6,6,6,6,26,23,24,14,12,6,18,29,16,25,47,25,21,10,10,12,33,15,15,36,32,10,12,12,36,10,73,75,79,70,75,72,77,81,11,11,10,1909,,https://www.maddenratings.com/jalen-sundell
Seattle Seahawks,Jake Bobo,WR,Wide Receiver,19,,69,28,"August 4, 1998",United States,UCLA,4,,,,85,86,62,80,73,88,91,88,91,31,19,15,10,6,10,6,85,85,84,74,72,70,69,74,72,55,77,82,61,65,70,22,33,11,11,25,33,15,10,10,28,22,49,31,45,28,24,21,19,27,17,18,32,2467,,https://www.maddenratings.com/jake-bobo
Seattle Seahawks,Nehemiah Pritchett,CB,Cornerback,28,Zone,69,25,"February 11, 2001",United States,Auburn,3,2024,136,Seattle Seahawks,94,92,50,85,64,83,89,85,75,24,10,12,8,6,6,9,62,58,50,35,30,25,42,55,66,23,86,67,43,65,71,21,53,23,32,44,69,62,66,73,55,74,35,30,42,25,24,22,21,14,22,18,83,2478,,https://www.maddenratings.com/nehemiah-pritchett
Seattle Seahawks,Rodney Thomas II,SS,Strong Safety,24,Zone,69,28,"June 26, 1998",United States,Yale,5,2022,239,Indianapolis Colts,88,91,61,82,70,94,91,86,78,24,15,22,15,13,24,22,73,63,52,30,26,20,23,57,47,40,87,57,41,59,65,26,60,36,44,56,76,68,65,71,67,66,35,35,52,35,35,35,35,16,13,14,37,2593,,https://www.maddenratings.com/rodney-thomas-ii
Seattle Seahawks,Rylie Mills,DT,Defensive Tackle,98,,69,24,"August 20, 2001",United States,Notre Dame,2,2025,142,Seattle Seahawks,73,77,84,66,65,66,87,83,85,12,11,15,10,8,14,12,24,22,18,17,15,12,19,44,45,49,61,42,46,29,33,16,81,76,63,76,78,62,18,19,75,15,45,45,86,45,45,45,45,25,25,22,29,2280,,https://www.maddenratings.com/rylie-mills
Seattle Seahawks,Velus Jones,HB,Halfback,13,Receiving Back,68,29,"May 11, 1997",United States,Tennessee,4,,,,94,95,64,80,62,81,92,79,82,28,20,20,15,10,16,10,78,77,78,71,68,72,73,75,74,41,76,80,64,70,79,24,21,10,10,21,26,16,11,16,19,13,46,30,44,26,33,22,18,30,16,11,84,2471,,https://www.maddenratings.com/velus-jones
Seattle Seahawks,Pooh Paul Jr.,WILL,Weak Backer,49,Run Stopper,68,23,"November 4, 2002",United States,Ole Miss,2,2025,172,Los Angeles Rams,85,91,68,82,68,86,86,87,87,23,11,6,6,6,6,6,53,45,44,25,22,19,23,62,39,43,74,50,43,47,48,22,79,57,63,67,81,66,58,65,79,47,45,45,71,45,45,45,45,22,21,18,10,2537,,https://www.maddenratings.com/pooh-paul-jr
Seattle Seahawks,Mike Morris,DT,Defensive Tackle,94,,68,25,"April 22, 2001",United States,Michigan,4,2023,151,Seattle Seahawks,74,84,82,69,63,71,91,69,88,22,8,11,5,5,6,6,51,45,41,25,16,11,19,52,29,44,61,45,47,35,42,7,75,69,59,79,74,65,25,32,81,35,45,40,85,45,45,40,40,29,17,14,10,2328,,https://www.maddenratings.com/mike-morris
Seattle Seahawks,Andre Fuller,CB,Cornerback,35,Man to Man,67,24,"April 8, 2002",,Toledo,,,,,89,92,64,84,60,84,86,88,85,24,10,6,6,6,6,6,65,61,58,26,28,23,30,57,55,32,82,63,35,62,71,17,57,36,40,46,68,58,72,66,59,71,35,35,48,35,35,35,35,16,16,14,54,2492,,https://www.maddenratings.com/andre-fuller
Seattle Seahawks,D&#8217;Anthony Bell,FS,Free Safety,23,Hybrid,67,29,"October 17, 1996",United States,West Florida,5,,,,88,88,66,83,65,86,91,82,87,27,17,6,6,6,6,6,62,54,55,51,47,44,48,59,63,49,81,73,55,68,72,15,68,45,40,58,70,63,67,69,86,73,35,35,63,35,35,35,35,26,14,12,60,2730,,https://www.maddenratings.com/danthony-bell
Seattle Seahawks,Emmanuel Henderson Jr.,WR,Wide Receiver,84,,67,22,"October 21, 2003",,Kansas,,,,,91,92,63,85,57,84,90,84,87,36,25,25,20,18,19,21,76,77,78,67,68,69,69,70,75,52,83,81,63,72,79,24,35,21,23,36,38,32,28,34,41,34,50,30,42,29,33,26,16,36,30,29,80,2723,,https://www.maddenratings.com/emmanuel-henderson-jr
Seattle Seahawks,Eric Saubert,TE,Tight End,81,Possession,67,32,"May 9, 1994",United States,Drake,10,2017,174,Atlanta Falcons,82,82,75,72,69,85,89,80,83,20,10,15,10,6,10,6,78,80,75,64,58,54,63,75,68,68,62,73,70,69,68,13,30,20,19,32,36,20,12,15,39,10,63,61,66,60,63,61,60,51,26,22,10,2608,,https://www.maddenratings.com/eric-saubert
Seattle Seahawks,George Holani,HB,Halfback,36,Elusive Back,67,26,"December 16, 1999",United States,Boise State,3,,,,89,92,71,78,70,89,82,83,79,42,15,31,26,20,17,15,69,58,62,60,55,45,50,87,76,73,80,79,68,71,78,22,25,10,10,27,24,20,15,18,31,15,34,53,42,31,26,36,31,38,17,13,72,2520,,https://www.maddenratings.com/george-holani
Seattle Seahawks,Jamie Sheriff,LEDG,Left Edge,50,Power Rusher,67,25,"August 18, 2000",United States,South Alabama,3,,,,82,87,78,77,67,80,90,78,88,20,14,6,6,6,6,6,43,38,27,10,5,5,16,42,22,28,68,40,29,30,38,12,77,68,63,71,77,64,39,48,75,37,45,45,78,45,45,45,45,26,21,22,10,2290,,https://www.maddenratings.com/jamie-sheriff
Seattle Seahawks,Michael Dansby,CB,Cornerback,37,Zone,67,25,"March 15, 2001",,Arizona,,,,,90,93,57,90,60,89,89,89,83,23,10,6,6,6,6,6,64,63,64,28,27,31,27,57,54,31,84,63,36,64,69,19,55,37,38,47,68,59,69,70,58,70,35,35,49,35,35,35,35,15,14,12,54,2509,,https://www.maddenratings.com/michael-dansby
Seattle Seahawks,Ricky White III,WR,Wide Receiver,86,Deep Threat,67,24,"February 6, 2002",United States,UNLV,2,2025,238,Seattle Seahawks,89,91,65,79,70,86,89,87,87,20,21,14,21,26,9,23,78,81,80,71,69,69,72,72,72,50,77,80,50,72,75,30,46,26,30,34,42,42,55,53,35,28,50,24,47,18,18,21,13,33,25,21,77,2713,,https://www.maddenratings.com/ricky-white-iii
Seattle Seahawks,Bryce Cabeldue,LG,Left Guard,77,Power,66,24,"September 4, 2001",United States,Kansas,2,2025,192,Seattle Seahawks,74,77,90,61,67,71,86,87,87,19,11,6,6,6,6,6,30,16,13,12,5,5,13,41,5,18,61,18,22,10,10,12,41,31,29,34,27,20,11,11,44,10,70,68,80,71,69,69,66,78,13,13,10,1916,,https://www.maddenratings.com/bryce-cabeldue
Seattle Seahawks,Drew Lock,QB,Quarterback,2,Field General,66,29,"November 10, 1996",United States,Missouri,8,2019,42,Denver Broncos,82,84,68,79,68,76,87,77,91,89,74,84,78,73,75,75,42,37,28,29,23,17,12,56,52,46,79,71,33,31,40,68,22,10,10,20,26,15,14,16,19,10,24,13,23,18,14,14,13,14,18,12,20,2269,,https://www.maddenratings.com/drew-lock
Seattle Seahawks,Jalen Milroe,QB,Quarterback,6,,66,23,"December 13, 2002",United States,Alabama,2,2025,92,Seattle Seahawks,93,93,69,89,49,87,88,81,89,92,74,76,75,76,77,79,40,18,21,19,19,23,28,56,75,52,87,87,68,73,78,74,42,38,38,37,28,26,20,18,40,19,30,23,26,33,33,32,32,31,28,21,33,2733,,https://www.maddenratings.com/jalen-milroe
Seattle Seahawks,Olusegun Oluwatimi,C,Center,55,Power,66,27,"August 5, 1999",United States,Michigan,4,2023,154,Seattle Seahawks,60,71,84,60,65,72,92,87,90,27,10,6,6,6,6,6,27,26,22,10,8,5,12,25,5,15,53,10,10,10,10,14,28,31,21,21,26,26,12,10,39,10,72,71,84,75,69,74,66,78,21,20,10,1874,,https://www.maddenratings.com/olusegun-oluwatimi
Seattle Seahawks,Shemar Jean-Charles,CB,Cornerback,34,Man to Man,66,28,"June 20, 1998",United States,Appalach. St.,6,,,,87,86,61,83,69,84,90,86,69,23,15,6,6,6,6,6,56,62,54,29,24,21,28,54,37,31,84,60,29,65,73,12,53,31,32,39,69,71,70,65,42,67,35,35,39,35,35,35,35,18,13,11,55,2387,,https://www.maddenratings.com/shemar-jean-charles
Seattle Seahawks,Maxen Hook,FS,Free Safety,43,Hybrid,65,24,"August 19, 2001",United States,Toledo,2,,,,88,91,64,86,61,85,87,90,87,24,12,6,6,6,6,6,66,58,56,34,29,24,31,60,52,46,80,64,43,59,68,14,64,34,34,48,74,58,66,68,75,66,35,35,52,35,35,35,35,25,19,15,79,2576,,https://www.maddenratings.com/maxen-hook
Seattle Seahawks,Irvin Charles,WR,Wide Receiver,19,Physical,64,29,"April 13, 1997",United States,IUP,4,,,,87,91,66,83,57,82,88,83,84,27,16,25,21,19,15,15,79,81,81,67,66,63,69,75,73,59,78,79,63,68,75,26,36,11,11,27,28,19,23,29,42,26,50,37,49,30,23,24,25,24,15,12,51,2553,,https://www.maddenratings.com/irvin-charles
Seattle Seahawks,Bobby Hart,LT,Left Tackle,68,Power,64,31,"August 21, 1994",United States,Florida State,12,,,,49,50,84,50,77,68,91,78,80,35,11,6,6,6,6,6,39,15,15,15,5,5,15,45,5,25,40,10,10,10,10,12,40,10,10,40,39,10,12,12,20,10,71,71,75,70,73,72,70,72,25,21,15,1817,,https://www.maddenratings.com/bobby-hart
Seattle Seahawks,Cody White,WR,Wide Receiver,82,Slot,64,27,"November 28, 1998",United States,Michigan St.,7,,,,83,84,69,75,72,85,88,82,79,30,19,15,10,10,15,15,80,77,80,71,73,70,68,69,67,48,69,74,56,69,73,23,37,22,21,31,35,24,22,24,36,34,49,40,48,31,28,27,25,33,22,16,65,2568,,https://www.maddenratings.com/cody-white
Seattle Seahawks,Chazz Surratt,SAM,Sam Backer,44,Run Stopper,64,29,"February 16, 1997",United States,North Carolina,6,2021,78,Minnesota Vikings,85,86,75,81,64,77,88,79,84,67,48,63,59,52,59,51,58,35,33,15,5,5,20,66,41,44,72,61,52,55,62,60,74,52,57,61,83,60,54,63,84,40,45,45,67,45,45,45,45,13,21,20,10,2831,,https://www.maddenratings.com/chazz-surratt
Seattle Seahawks,Connor O&#8217;Toole,REDG,Right Edge,57,Smaller Speed Rusher,64,23,"August 27, 2002",United States,Utah,2,,,,84,87,81,82,48,85,86,79,85,22,13,6,6,6,6,6,34,42,39,18,7,5,14,69,35,36,71,42,34,35,40,11,78,65,66,66,77,51,43,49,77,35,45,45,73,45,45,45,45,20,16,13,10,2323,,https://www.maddenratings.com/connor-otoole
Seattle Seahawks,Deven Eastern,DT,Defensive Tackle,97,,64,23,"April 5, 2003",,Minnesota,,,,,67,75,85,56,60,69,85,75,87,17,10,6,6,6,6,6,34,29,29,19,17,2,25,42,15,43,54,29,43,29,29,12,75,73,66,75,76,58,23,24,77,21,45,45,88,45,45,45,45,28,17,27,10,2175,,https://www.maddenratings.com/deven-eastern
Seattle Seahawks,Kenny McIntosh,HB,Halfback,25,Elusive Back,64,26,"March 3, 2000",United States,Georgia,4,2023,237,Seattle Seahawks,87,89,66,83,64,83,82,82,78,53,38,45,39,35,49,27,72,45,45,64,57,52,50,86,80,70,82,73,77,71,78,36,39,11,12,33,41,21,25,35,30,27,47,53,41,33,26,24,32,38,19,20,77,2722,,https://www.maddenratings.com/kenny-mcintosh
Seattle Seahawks,AJ Finley,SS,Strong Safety,30,Hybrid,63,24,"September 14, 2001",United States,Ole Miss,3,,,,87,87,56,86,61,85,88,83,77,31,5,6,6,6,5,5,73,67,66,38,33,31,30,63,60,51,84,66,55,65,72,15,66,35,40,48,67,58,64,68,70,69,35,35,49,35,35,35,35,28,17,13,50,2595,,https://www.maddenratings.com/aj-finley
Seattle Seahawks,Mason Richman,RT,Right Tackle,78,Power,63,24,"May 7, 2002",United States,Iowa,,2025,234,Seattle Seahawks,60,72,84,65,65,71,86,85,86,26,11,6,6,6,6,6,26,17,18,26,25,23,29,33,13,30,51,12,22,27,24,13,28,37,33,40,29,31,11,12,33,10,68,69,81,70,69,71,70,76,12,12,31,2023,,https://www.maddenratings.com/mason-richman
Seattle Seahawks,Brandon Pili,DT,Defensive Tackle,95,,63,27,"April 2, 1999",United States,USC,4,,,,61,72,82,60,68,72,80,72,88,18,5,7,6,5,6,5,22,12,13,10,8,5,12,23,16,30,49,14,25,16,17,12,73,62,55,73,70,67,12,14,77,11,45,40,86,45,45,40,40,26,10,9,10,1901,,https://www.maddenratings.com/brandon-pili
Seattle Seahawks,Logan Brown,RT,Right Tackle,73,Power,63,25,"April 17, 2001",United States,Kansas,2,,,,66,75,86,60,61,78,84,81,80,17,13,6,6,6,6,6,22,14,14,12,5,5,13,25,9,25,64,12,15,10,10,12,32,20,14,31,29,16,11,12,32,10,70,68,80,69,69,69,68,79,15,13,10,1815,,https://www.maddenratings.com/logan-brown
Seattle Seahawks,Chris Stoll,LS,Long Snapper,41,Accurate,62,28,"August 3, 1998",United States,Penn State,4,,,,75,74,65,61,49,71,91,72,80,33,10,16,9,6,7,6,46,42,44,40,38,34,32,61,15,42,53,33,45,29,34,10,48,10,10,43,39,32,15,14,60,14,54,52,67,49,55,50,53,55,13,12,10,2078,,https://www.maddenratings.com/chris-stoll
Seattle Seahawks,Brady Russell,TE,Tight End,38,Vertical Threat,61,27,"August 31, 1998",United States,Colorado,3,,,,80,83,71,75,62,83,88,82,87,24,12,19,10,7,16,15,75,74,76,57,59,55,64,74,59,62,73,75,63,63,66,21,41,41,29,44,45,40,13,16,39,15,58,55,63,53,56,51,49,55,14,11,33,2651,,https://www.maddenratings.com/brady-russell
Seattle Seahawks,Federico Maranges,C,Center,62,Power,61,24,"October 5, 2001",United States,FAU,2,,,,66,75,86,58,60,76,85,83,84,22,15,6,6,6,6,6,33,12,10,10,5,5,12,29,12,30,57,25,31,18,24,12,32,32,25,37,33,20,13,15,42,10,71,68,79,70,67,69,67,79,20,24,10,1948,,https://www.maddenratings.com/federico-maranges
Seattle Seahawks,Ja&#8217;Markis Weston,MIKE,Mike Backer,46,Field General,61,25,"August 10, 2000",United States,Florida,2,,,,84,83,72,74,61,72,86,87,87,21,10,6,6,6,6,6,65,57,49,33,30,27,25,54,44,46,74,48,46,51,50,12,79,49,50,60,79,59,57,64,78,63,45,45,72,45,45,45,45,18,20,20,10,2526,,https://www.maddenratings.com/jamarkis-weston
Seattle Seahawks,Amari Kight,RT,Right Tackle,79,,60,25,"December 21, 2000",United States,UCF,2,,,,64,64,78,48,59,71,85,82,79,13,10,6,6,6,6,6,22,12,14,13,5,5,12,25,10,23,47,14,16,10,10,12,23,19,10,23,25,14,11,11,25,10,68,71,77,68,69,71,73,76,14,13,10,1714,,https://www.maddenratings.com/amari-kight
Seattle Seahawks,Nick Kallerup,TE,Tight End,89,Possession,60,25,"March 27, 2001",United States,Minnesota,2,,,,81,83,72,65,62,81,92,81,85,30,10,25,20,11,12,16,73,76,76,57,50,45,58,69,48,59,64,62,53,49,56,11,31,17,17,26,30,20,14,18,35,15,66,58,70,64,66,57,55,63,21,19,15,2509,,https://www.maddenratings.com/nick-kallerup
Seattle Seahawks,Jared Ivey,LEDG,Left Edge,51,,59,24,"December 5, 2001",United States,Ole Miss,2,,,,67,66,74,66,60,75,87,78,84,20,10,6,6,6,6,6,35,21,20,15,7,5,15,34,21,31,58,32,33,28,34,12,76,64,71,72,79,58,36,46,77,32,45,45,77,45,45,45,45,20,15,13,10,2134,,https://www.maddenratings.com/jared-ivey
Seattle Seahawks,Patrick O&#8217;Connell,MIKE,Mike Backer,52,,57,27,"December 31, 1998",United States,Montana,4,,,,82,87,62,83,59,89,90,80,75,31,8,21,15,11,11,12,60,52,48,15,10,5,20,53,42,48,78,55,47,51,55,12,76,55,65,56,79,60,46,51,78,45,45,45,63,45,45,45,45,24,15,15,25,2490,,https://www.maddenratings.com/patrick-oconnell
Tampa Bay Buccaneers,Tristan Wirfs,LT,Left Tackle,78,Pass Protector,95,27,"January 24, 1999",United States,Iowa,7,2020,13,Tampa Bay Buccaneers,76,77,94,65,96,87,95,93,93,11,10,6,6,6,6,6,48,18,18,35,29,20,32,37,20,36,57,22,34,13,16,12,38,10,10,25,30,17,12,13,38,10,92,94,95,87,91,94,96,93,15,12,10,2256,Tough Nut Blockers with this ability have an increased number of blocker resistance points. Threat Detector Players with this ability will highlight any user defenders. Pass Protector Blockers with this ability reduce a rusher's chances of using most quick pass block shed moves.,https://www.maddenratings.com/tristan-wirfs
Tampa Bay Buccaneers,Vita Vea,DT,Defensive Tackle,50,,94,31,"February 5, 1995",United States,Washington,9,2018,12,Tampa Bay Buccaneers,79,75,99,71,92,70,92,85,97,24,12,20,16,13,13,10,40,18,24,26,17,16,15,68,49,68,60,55,54,43,59,18,92,87,74,94,83,94,28,35,89,22,52,45,97,52,48,45,45,42,15,16,10,2663,"Fearmonger Some pass rushers intimidate quarterbacks with their sheer presence. When they enter the zone, they can apply significant pressure on quarterbacks even while engaged with blockers. El Toro Defenders with this ability have a slightly improved chance to receive dominant bull rush wins when their stamina is full. This consumes a large amount of additional stamina. Unpredictable Defenders with this ability are less likely to increase their blocker's resistance bars when performing shed wins Swim Club Defenders with this ability will ignore one bar of blocker resistance when attempting swim/club pass rush moves",https://www.maddenratings.com/vita-vea
Tampa Bay Buccaneers,Antoine Winfield Jr,FS,Free Safety,31,Run Support,93,27,"August 16, 1998",United States,Minnesota,7,,,,93,91,59,88,95,89,88,94,87,35,13,6,6,6,6,6,77,73,71,30,20,15,33,67,72,52,85,82,53,73,83,21,80,46,57,63,90,96,81,88,86,68,35,35,64,35,35,35,35,18,20,20,83,2939,"Shutdown Shutdown defenders have the talent to erase receivers from the game. When they enter the zone, their coverage is tighter and interceptions are more frequent on contested catches. Lurker Defenders with this ability can make spectacular interceptions while lurking in zones, and are more likely to attempt and succeed at diving swats/catches.",https://www.maddenratings.com/antoine-winfield-jr
Tampa Bay Buccaneers,Bucky Irving,HB,Halfback,7,Elusive Back,86,23,"August 19, 2002",United States,Oregon,3,2024,125,Tampa Bay Buccaneers,89,91,65,89,81,79,88,86,91,39,24,31,20,15,25,15,70,59,55,69,64,58,61,92,87,68,89,86,70,91,94,24,31,10,10,26,31,15,15,20,20,20,28,44,31,17,23,34,30,31,25,25,76,2627,"Juke Box Ballcarriers with this ability have steerable juke animations. Human Joystick Ballcarriers with this ability can quickly shift momentum, change direction, and turn the corner without sacrificing speed.",https://www.maddenratings.com/bucky-irving
Tampa Bay Buccaneers,Luke Goedeke,RT,Right Tackle,67,Pass Protector,84,27,"November 21, 1998",United States,Central Michigan,5,2022,57,Tampa Bay Buccaneers,66,66,88,64,89,76,89,89,85,30,6,6,6,6,6,6,47,41,40,43,38,29,33,48,34,37,57,41,35,24,26,10,35,32,27,29,34,33,10,12,30,10,86,86,89,83,88,89,85,88,23,25,10,2365,,https://www.maddenratings.com/luke-goedeke
Tampa Bay Buccaneers,Baker Mayfield,QB,Quarterback,6,Field General,83,31,"April 14, 1995",United States,Oklahoma,9,2018,1,Cleveland Browns,87,84,69,82,83,73,95,97,98,95,85,89,86,83,86,88,64,61,23,28,17,13,15,61,78,71,78,84,71,66,74,82,32,10,10,28,33,15,10,12,25,10,29,16,32,15,10,12,10,26,20,16,10,2647,Inside Deadeye Passers with this ability have elite accuracy on all unpressured throws inside the numbers (except on high throws). Fearless Passers with this ability have a reduced chance to be impacted by throw penalties caused by defensive pressure while on the run,https://www.maddenratings.com/baker-mayfield
Tampa Bay Buccaneers,Chris Godwin,WR,Wide Receiver,14,Slot,82,30,"February 27, 1996",United States,Penn State,10,2017,84,Tampa Bay Buccaneers,88,89,72,84,83,88,83,88,93,33,24,20,15,10,15,6,93,88,88,85,84,81,83,70,79,74,83,87,76,74,82,22,27,10,10,28,32,20,15,25,33,18,52,57,43,20,13,20,20,23,25,21,48,2700,,https://www.maddenratings.com/chris-godwin
Tampa Bay Buccaneers,Alex Anzalone,WILL,Weak Backer,34,Pass Coverage,81,31,"September 22, 1994",United States,Florida,10,2017,76,New Orleans Saints,88,86,74,81,83,75,84,90,77,25,16,6,6,6,6,6,61,35,33,22,12,7,19,47,12,34,72,35,41,22,31,12,88,65,57,72,88,82,68,76,84,43,45,45,87,45,45,45,45,24,28,18,14,2468,,https://www.maddenratings.com/alex-anzalone
Tampa Bay Buccaneers,Emeka Egbuka,WR,Wide Receiver,2,Deep Threat,81,23,"October 14, 2002",United States,Ohio State,2,2025,19,Tampa Bay Buccaneers,90,95,60,86,82,91,88,92,88,71,24,26,22,18,22,27,85,86,82,86,87,84,81,76,75,43,89,81,53,74,80,26,30,29,34,39,38,33,20,23,40,24,42,22,37,25,23,19,13,23,27,21,75,2807,,https://www.maddenratings.com/emeka-egbuka
Tampa Bay Buccaneers,Zyon McCollum,CB,Cornerback,27,Man to Man,81,27,"May 3, 1999",United States,Sam Houston,5,2022,157,Tampa Bay Buccaneers,93,95,60,96,79,93,93,89,75,26,13,15,10,8,21,15,72,64,54,28,24,19,25,63,48,40,93,62,38,62,71,22,67,30,40,53,73,78,79,78,64,68,33,29,45,33,33,29,29,15,20,20,45,2627,,https://www.maddenratings.com/zyon-mccollum
Tampa Bay Buccaneers,Rueben Bain Jr.,,,3,Power Rusher,80,21,"September 8, 2004",United States,Miami,,2026,15,Tampa Bay Buccaneers,84,90,84,81,78,82,91,86,91,26,10,20,15,10,10,10,36,27,26,17,15,10,12,44,28,36,73,43,35,34,37,13,81,83,74,82,82,82,25,32,89,25,45,45,88,45,45,45,45,25,25,20,20,2457,Quick Jump Players with this ability have a slightly reduced stamina cost and slightly longer perfect window for jumping snaps.,https://www.maddenratings.com/rueben-bain-jr
Tampa Bay Buccaneers,Jacob Parrish,CB,Cornerback,25,,79,22,"February 29, 2004",United States,Kansas State,2,2025,84,Tampa Bay Buccaneers,94,93,65,89,78,89,91,86,90,29,18,15,13,10,15,12,73,69,59,38,37,39,38,56,53,40,89,76,44,70,77,20,67,32,40,55,77,79,75,77,64,76,35,35,56,25,35,25,35,24,21,32,55,2785,,https://www.maddenratings.com/jacob-parrish
Tampa Bay Buccaneers,Kenneth Gainwell,HB,Halfback,1,Elusive Back,79,27,"March 14, 1999",United States,Memphis,6,2021,150,Philadelphia Eagles,89,86,70,87,84,84,91,84,85,47,32,41,33,23,42,30,71,57,58,71,65,58,57,89,80,71,86,84,75,82,87,34,30,10,10,25,37,15,12,16,23,15,32,56,33,19,26,35,30,29,47,45,80,2758,,https://www.maddenratings.com/kenneth-gainwell
Tampa Bay Buccaneers,YaYa Diaby,,,,Power Rusher,79,27,"May 30, 1999",United States,Louisville,4,2023,82,Tampa Bay Buccaneers,89,93,74,77,84,88,91,85,79,23,14,6,6,6,6,6,45,44,42,25,21,14,22,47,25,31,72,37,49,35,45,18,81,82,73,81,84,81,36,45,80,40,40,35,73,40,40,35,35,28,27,23,25,2483,Quick Jump Players with this ability have a slightly reduced stamina cost and slightly longer perfect window for jumping snaps.,https://www.maddenratings.com/yaya-diaby
Tampa Bay Buccaneers,Tykee Smith,SS,Strong Safety,23,Hybrid,79,25,"February 18, 2001",United States,Georgia,3,2024,89,Tampa Bay Buccaneers,90,92,58,83,79,86,87,85,91,33,23,34,32,25,35,30,75,61,63,20,10,10,12,60,67,33,80,71,35,67,72,31,75,47,53,54,78,78,78,78,85,66,35,30,56,30,29,25,24,15,12,10,65,2753,,https://www.maddenratings.com/tykee-smith
Tampa Bay Buccaneers,Chase McLaughlin,K,Kicker,4,Power,78,30,"April 9, 1996",United States,Illinois,8,,,,73,77,39,64,63,50,81,84,75,41,23,33,25,20,20,20,40,12,10,10,10,10,12,45,15,15,50,20,15,15,15,15,20,10,10,15,20,15,15,20,12,10,15,10,15,16,16,16,14,15,98,85,10,1554,,https://www.maddenratings.com/chase-mclaughlin
Tampa Bay Buccaneers,Cody Mauch,RG,Right Guard,69,Power,78,27,"January 15, 1999",United States,North Dakota St.,4,2023,48,Tampa Bay Buccaneers,70,77,87,73,80,72,91,85,95,46,41,45,43,41,43,35,50,48,49,42,37,33,49,55,39,41,62,44,47,35,41,53,45,51,34,44,51,44,10,11,51,10,77,80,86,79,75,82,76,84,15,15,10,2779,,https://www.maddenratings.com/cody-mauch
Tampa Bay Buccaneers,A&#8217;Shawn Robinson,DT,Defensive Tackle,91,,77,31,"March 21, 1995",United States,Alabama,11,,,,64,67,85,57,84,66,89,81,90,23,17,6,6,6,6,6,42,37,34,13,5,3,15,39,13,33,51,21,25,17,23,12,89,76,63,78,79,87,18,26,82,13,45,44,89,46,45,44,45,36,17,17,9,2184,,https://www.maddenratings.com/ashawn-robinson
Tampa Bay Buccaneers,Al-Quadin Muhammad,REDG,Right Edge,97,Power Rusher,76,31,"March 28, 1995",United States,Miami,10,,,,79,81,78,72,84,75,93,85,84,34,10,6,6,6,6,6,41,24,28,14,7,3,12,37,18,33,63,37,40,27,39,28,80,82,73,76,83,83,31,42,77,17,45,45,83,45,45,45,45,10,20,19,12,2314,,https://www.maddenratings.com/al-quadin-muhammad
Tampa Bay Buccaneers,Calijah Kancey,DT,Defensive Tackle,94,,76,25,"March 1, 2001",United States,Pittsburgh,4,2023,19,Tampa Bay Buccaneers,83,91,84,82,74,81,86,79,84,25,10,6,6,6,6,6,52,42,43,35,28,24,21,43,17,35,69,32,20,33,42,10,82,70,77,79,80,72,19,29,82,10,40,35,75,40,40,35,35,33,14,12,10,2324,,https://www.maddenratings.com/calijah-kancey
Tampa Bay Buccaneers,Graham Barton,C,Center,62,Agile,76,24,"June 1, 2002",United States,Duke,3,2024,26,Tampa Bay Buccaneers,74,82,87,73,83,72,90,95,88,21,8,9,6,5,11,6,32,15,13,16,11,5,18,28,10,32,62,28,25,10,14,7,37,24,22,33,39,30,12,11,44,12,79,75,84,79,80,74,76,85,25,24,10,2091,,https://www.maddenratings.com/graham-barton
Tampa Bay Buccaneers,Riley Dixon,P,Punter,9,Power,76,32,"August 24, 1993",United States,Syracuse,11,2016,228,Denver Broncos,76,81,56,67,64,70,88,89,79,43,13,37,33,22,29,22,38,20,15,10,10,10,15,50,34,41,51,50,37,30,51,24,34,10,10,24,62,25,13,22,58,10,20,10,22,16,16,10,10,16,92,81,10,1926,,https://www.maddenratings.com/riley-dixon
Tampa Bay Buccaneers,Cade Otton,TE,Tight End,88,Possession,75,27,"April 15, 1999",United States,Washington,5,2022,106,Tampa Bay Buccaneers,81,83,77,70,78,77,89,95,80,30,10,25,20,14,15,15,87,80,79,70,65,59,72,72,58,69,67,68,64,56,60,11,39,28,26,42,45,41,14,21,42,12,65,62,70,63,60,60,61,64,21,19,25,2776,,https://www.maddenratings.com/cade-otton
Tampa Bay Buccaneers,Benjamin Morrison,CB,Cornerback,21,Man to Man,75,22,"March 11, 2004",United States,Notre Dame,2,2025,53,Tampa Bay Buccaneers,92,94,57,91,68,92,82,85,82,15,10,9,7,8,6,6,77,75,69,24,21,19,23,67,58,37,89,78,42,69,78,22,52,25,33,44,69,66,76,72,53,77,35,35,43,25,35,25,35,24,24,22,81,2603,,https://www.maddenratings.com/benjamin-morrison
Tampa Bay Buccaneers,Josiah Trotter,MIKE,Mike Backer,45,,75,21,"April 15, 2005",,Missouri,,,,,88,90,76,82,75,86,84,85,88,12,10,6,6,6,6,6,62,25,30,27,22,17,16,54,38,46,76,30,47,52,55,19,84,62,65,73,85,75,58,57,84,49,48,68,81,69,52,43,42,28,22,17,12,2596,,https://www.maddenratings.com/josiah-trotter
Tampa Bay Buccaneers,Anthony Nelson,LEDG,Left Edge,98,Power Rusher,74,29,"March 4, 1997",United States,Iowa,8,2019,107,Tampa Bay Buccaneers,80,83,77,80,75,85,92,79,86,22,17,6,6,6,6,6,47,42,39,14,7,3,17,33,31,26,67,35,38,24,27,12,85,77,69,75,81,76,37,44,81,26,44,44,82,44,45,46,44,17,20,19,9,2333,,https://www.maddenratings.com/anthony-nelson
Tampa Bay Buccaneers,Ben Bredeson,LG,Left Guard,68,Pass Protector,74,28,"February 20, 1998",United States,Michigan,7,2020,143,Baltimore Ravens,70,59,86,52,78,65,84,83,89,17,12,6,6,6,6,6,12,10,15,10,5,5,10,20,14,10,49,10,10,10,10,12,20,10,10,15,19,10,10,11,12,10,72,81,81,72,72,83,77,76,19,16,10,1723,,https://www.maddenratings.com/ben-bredeson
Tampa Bay Buccaneers,Jalen McMillan,WR,Wide Receiver,11,,74,24,"December 7, 2001",United States,Washington,3,2024,92,Tampa Bay Buccaneers,90,92,60,85,78,88,83,82,86,24,17,20,15,10,15,10,82,78,76,78,77,75,71,75,76,50,85,83,49,73,80,19,29,10,10,27,31,12,10,17,22,14,41,30,39,23,30,26,22,29,15,19,71,2509,,https://www.maddenratings.com/jalen-mcmillan
Tampa Bay Buccaneers,Chris Braswell,REDG,Right Edge,43,Power Rusher,73,24,"October 25, 2001",United States,Alabama,3,2024,57,Tampa Bay Buccaneers,86,90,79,78,71,81,90,79,84,31,17,6,6,6,6,6,51,41,37,10,3,2,12,48,33,39,64,51,29,39,46,12,82,75,72,74,78,70,41,47,78,25,45,45,81,45,45,45,45,17,15,17,10,2385,,https://www.maddenratings.com/chris-braswell
Tampa Bay Buccaneers,Christian Rozeboom,WILL,Weak Backer,52,Pass Coverage,73,29,"January 30, 1997",United States,S. Dakota St.,7,,,,81,85,67,77,83,80,88,84,84,22,15,6,6,6,6,6,70,37,33,26,5,5,12,50,30,37,69,47,42,37,50,12,83,51,57,69,84,82,61,67,80,46,45,45,75,45,45,45,45,21,16,20,10,2450,,https://www.maddenratings.com/christian-rozeboom
Tampa Bay Buccaneers,Keionte Scott,CB,Cornerback,22,Man to Man,73,24,"August 11, 2001",,Miami,,,,,95,93,55,87,68,82,82,84,84,27,10,6,6,6,6,6,65,65,66,47,45,39,46,60,58,35,86,69,36,67,71,19,53,33,39,51,74,69,74,72,58,67,35,35,49,35,35,35,35,15,15,13,66,2629,,https://www.maddenratings.com/keionte-scott
Tampa Bay Buccaneers,Tez Johnson,WR,Wide Receiver,15,,73,24,"May 18, 2002",United States,Oregon,2,2025,235,Tampa Bay Buccaneers,91,91,58,93,65,88,88,85,78,63,39,49,43,44,47,29,83,76,77,75,74,75,66,75,71,29,90,81,36,78,83,32,19,18,17,22,19,37,21,28,18,21,48,22,43,14,12,22,15,29,27,22,77,2703,,https://www.maddenratings.com/tez-johnson
Tampa Bay Buccaneers,SirVocea Dennis,MIKE,Mike Backer,8,Field General,72,26,"March 9, 2000",United States,Pittsburgh,4,2023,153,Tampa Bay Buccaneers,85,89,66,81,76,93,90,85,84,48,33,46,44,42,53,45,63,61,55,15,11,9,25,61,55,44,75,64,52,56,63,53,84,64,74,72,82,76,55,65,77,65,45,45,67,45,45,45,45,36,14,12,30,2965,,https://www.maddenratings.com/sirvocea-dennis
Tampa Bay Buccaneers,Ted Hurst III,WR,Wide Receiver,17,Deep Threat,72,22,"July 2, 2004",,Georgia State,,,,,92,92,65,87,72,88,93,85,90,34,18,25,21,16,15,15,78,82,79,71,74,76,74,75,73,52,86,78,64,70,76,24,45,25,32,38,44,43,41,42,39,33,51,33,47,38,35,28,27,31,25,25,47,2809,,https://www.maddenratings.com/ted-hurst-iii
Tampa Bay Buccaneers,Sean Tucker,HB,Halfback,44,Elusive Back,71,24,"October 25, 2001",United States,Syracuse,4,,,,92,90,76,82,77,89,91,83,88,26,15,24,21,17,33,24,69,65,68,61,51,43,46,87,79,82,80,80,72,71,77,31,35,13,15,30,29,26,15,21,44,15,44,50,49,45,43,50,46,32,22,21,72,2707,,https://www.maddenratings.com/sean-tucker
Tampa Bay Buccaneers,Dan Feeney,RG,Right Guard,65,Power,70,32,"May 29, 1994",United States,Indiana,10,2017,71,Los Angeles Chargers,66,64,88,63,80,70,93,83,79,27,10,6,6,6,6,6,28,24,20,17,7,5,25,23,8,35,51,26,32,23,28,12,34,10,10,37,34,20,12,20,38,15,70,68,84,71,69,71,65,85,24,22,10,1986,,https://www.maddenratings.com/dan-feeney
Tampa Bay Buccaneers,Demonte Capehart,DT,Defensive Tackle,90,,70,24,"July 19, 2002",,Clemson,,,,,77,79,89,62,67,81,88,78,87,26,10,6,6,6,6,6,30,25,26,15,13,3,25,47,19,48,56,25,47,27,25,12,80,71,64,75,74,65,27,23,79,21,45,45,82,45,45,45,45,28,14,29,10,2229,,https://www.maddenratings.com/demonte-capehart
Tampa Bay Buccaneers,Elijah Roberts,DT,Defensive Tackle,95,,70,24,"December 24, 2001",United States,SMU,2,2025,157,Tampa Bay Buccaneers,80,83,83,76,69,77,89,77,92,22,15,13,12,21,9,18,28,18,18,15,8,7,15,40,26,26,57,32,36,29,31,23,79,76,72,75,74,68,29,37,76,24,45,45,84,45,45,45,45,28,27,25,31,2320,,https://www.maddenratings.com/elijah-roberts
Tampa Bay Buccaneers,Mohamed Kamara,LEDG,Left Edge,59,Smaller Speed Rusher,70,26,"June 9, 2000",United States,Colorado St.,3,2024,158,Miami Dolphins,87,91,73,72,70,83,90,78,83,25,13,10,8,6,8,7,25,25,20,10,6,5,16,30,30,40,64,45,33,45,50,17,76,69,71,73,77,69,41,46,76,37,40,35,79,40,40,35,35,30,20,17,10,2281,,https://www.maddenratings.com/mohamed-kamara
Tampa Bay Buccaneers,David Walker,REDG,Right Edge,51,Power Rusher,69,26,"June 3, 2000",United States,Central Arkansas,,2025,121,Tampa Bay Buccaneers,83,85,78,79,71,84,89,85,89,25,12,6,6,6,6,6,60,55,53,30,26,23,28,58,42,46,70,55,49,53,59,22,75,72,65,71,81,69,56,62,79,44,45,45,75,45,45,45,45,27,24,20,10,2639,,https://www.maddenratings.com/david-walker
Tampa Bay Buccaneers,Billy Schrauth,LG,Left Guard,75,Power,69,22,"September 9, 2003",,Notre Dame,,,,,64,69,87,61,68,71,83,81,85,17,12,6,6,6,6,6,25,25,13,13,5,5,12,22,10,28,52,11,19,10,10,10,35,36,37,27,42,28,15,15,28,10,75,73,82,73,72,74,73,77,21,23,10,1924,,https://www.maddenratings.com/billy-schrauth
Tampa Bay Buccaneers,David Sills V,WR,Wide Receiver,80,Deep Threat,69,30,"May 29, 1996",United States,West Virginia,9,,,,90,89,60,83,74,89,79,80,82,73,55,69,64,58,72,63,79,81,77,74,72,74,73,71,70,46,79,74,45,68,73,65,25,10,10,24,27,23,10,16,12,10,42,35,44,23,15,30,27,24,19,17,50,2794,,https://www.maddenratings.com/david-sills-v
Tampa Bay Buccaneers,Josh Hayes,CB,Cornerback,32,Man to Man,69,27,"April 4, 1999",United States,Kansas State,4,2023,181,Tampa Bay Buccaneers,91,91,58,81,69,78,87,88,86,27,16,6,6,6,6,6,67,64,57,21,11,10,39,55,60,40,77,66,35,62,67,10,53,31,36,45,74,73,71,69,79,67,35,35,44,35,35,35,35,21,21,15,50,2502,,https://www.maddenratings.com/josh-hayes
Tampa Bay Buccaneers,Rakeem Nunez-Roches,DT,Defensive Tackle,56,,69,33,"July 3, 1993",Belize,Southern Miss,12,2015,217,Kansas City Chiefs,72,71,81,57,72,82,86,78,76,16,10,6,6,6,6,6,30,15,15,15,8,4,15,40,10,15,52,10,10,10,10,12,84,72,58,74,76,75,20,29,77,20,45,45,80,45,45,45,45,18,15,25,10,2005,,https://www.maddenratings.com/rakeem-nunez-roches
Tampa Bay Buccaneers,Elijah Klein,C,Center,79,,68,26,"April 8, 2000",United States,UTEP,3,2024,220,Tampa Bay Buccaneers,62,64,83,59,75,67,92,78,82,26,8,19,15,12,10,10,31,23,24,21,13,11,19,42,22,31,57,21,32,17,19,11,33,10,10,10,15,18,12,12,25,10,73,77,82,71,73,77,74,81,29,24,10,1982,,https://www.maddenratings.com/elijah-klein
Tampa Bay Buccaneers,Jake Browning,QB,Quarterback,5,Field General,68,30,"April 11, 1996",United States,Washington,7,,,,78,81,57,76,72,72,93,79,90,87,77,85,81,72,76,74,39,33,27,24,13,10,14,66,41,33,72,62,32,41,56,61,19,10,10,22,30,15,10,13,15,10,11,11,15,10,10,10,10,12,59,47,10,2233,,https://www.maddenratings.com/jake-browning
Tampa Bay Buccaneers,Josh Williams,HB,Halfback,18,Elusive Back,68,25,"June 9, 2001",United States,LSU,2,,,,88,91,72,83,68,92,88,84,87,36,22,30,25,20,28,28,68,47,48,58,52,46,47,89,78,79,83,78,77,69,77,26,35,15,20,33,34,27,22,26,33,23,35,44,35,29,27,22,23,32,14,11,71,2575,,https://www.maddenratings.com/josh-williams
Tampa Bay Buccaneers,Elijah Simmons,DT,Defensive Tackle,92,,67,25,"July 26, 2001",United States,Tennessee,2,,,,63,69,89,67,63,78,87,84,88,20,10,6,6,6,6,6,38,18,18,16,7,5,15,36,16,30,55,21,31,18,18,12,80,72,63,73,75,61,20,25,79,15,45,45,88,45,45,45,45,26,16,12,10,2087,,https://www.maddenratings.com/elijah-simmons
Tampa Bay Buccaneers,Justin Skule,RT,Right Tackle,77,,67,29,"November 23, 1996",United States,Vanderbilt,8,2019,183,San Francisco 49ers,64,63,85,64,72,65,86,81,85,18,10,6,6,6,6,6,28,24,26,22,13,7,47,22,8,24,54,14,10,10,13,12,32,22,17,30,33,21,12,12,38,10,72,69,78,69,75,67,72,82,20,22,10,1920,,https://www.maddenratings.com/justin-skule
Tampa Bay Buccaneers,Miles Killebrew,SS,Strong Safety,29,Run Support,67,33,"May 10, 1993",United States,Southern Utah,11,2016,111,Detroit Lions,86,84,76,81,70,86,90,81,87,27,12,6,6,6,6,6,69,63,44,20,10,10,23,76,48,53,75,53,48,57,69,18,70,51,46,61,73,71,54,60,89,67,19,25,64,33,33,34,33,19,21,18,42,2529,,https://www.maddenratings.com/miles-killebrew
Tampa Bay Buccaneers,Chase Lucas,CB,Cornerback,26,Zone,66,29,"March 4, 1997",United States,Arizona St.,5,2022,237,Detroit Lions,89,93,54,90,61,92,89,87,77,25,9,16,13,11,14,6,62,60,55,37,30,24,25,66,66,35,88,74,44,68,77,19,46,24,30,42,61,59,67,71,49,67,34,34,39,34,34,34,34,15,12,12,45,2499,,https://www.maddenratings.com/chase-lucas
Tampa Bay Buccaneers,Damarion Williams,CB,Cornerback,28,Zone,65,28,"July 15, 1998",United States,Houston,5,2022,141,Baltimore Ravens,87,93,57,82,62,83,90,91,85,32,11,15,12,10,14,6,64,59,55,42,36,31,29,58,57,31,89,71,30,68,78,19,57,27,35,42,76,66,65,67,56,66,32,30,43,32,32,30,30,14,14,17,60,2538,,https://www.maddenratings.com/damarion-williams
Tampa Bay Buccaneers,Dennis Houston,WR,Wide Receiver,89,,65,27,"April 24, 1999",United States,W. Illinois,5,,,,89,92,65,79,64,91,90,84,86,35,12,25,20,15,23,9,80,77,79,68,70,66,64,75,70,56,79,80,65,77,73,26,31,10,10,31,37,26,17,21,29,15,48,42,46,26,22,12,12,28,15,14,69,2545,,https://www.maddenratings.com/dennis-houston
Tampa Bay Buccaneers,John Bullock,WILL,Weak Backer,30,Run Stopper,65,25,"April 22, 2001",United States,Nebraska,2,,,,85,85,69,79,64,78,88,87,86,21,12,6,6,6,6,6,58,49,40,25,23,21,25,56,39,45,70,45,43,43,50,24,81,51,53,62,80,61,60,66,80,48,45,45,69,45,45,45,45,21,15,15,10,2482,,https://www.maddenratings.com/john-bullock
Tampa Bay Buccaneers,Ko Kieft,TE,Tight End,41,Blocking,65,28,"January 20, 1998",United States,Minnesota,5,2022,218,Tampa Bay Buccaneers,72,69,75,79,66,76,89,82,92,24,11,22,15,11,19,15,74,71,72,64,58,51,66,72,52,66,64,58,66,52,59,12,34,10,10,35,37,25,10,10,35,10,65,63,73,63,64,59,63,63,15,12,10,2540,,https://www.maddenratings.com/ko-kieft
Tampa Bay Buccaneers,J.J. Roberts,SS,Strong Safety,36,Hybrid,64,24,"September 22, 2001",United States,Marshall,2,,,,91,93,62,85,57,94,87,88,88,24,12,6,6,6,6,6,62,58,57,25,20,15,22,62,54,51,85,64,46,61,64,14,66,33,32,49,71,55,63,67,75,58,35,35,59,35,35,35,35,25,18,14,78,2544,,https://www.maddenratings.com/j-j-roberts
Tampa Bay Buccaneers,Javin Wright,MIKE,Mike Backer,48,Pass Coverage,64,26,"March 19, 2000",,Nebraska,,,,,85,88,70,85,52,85,88,87,84,25,12,6,6,6,6,6,61,50,56,15,5,5,12,62,38,42,71,52,46,50,56,23,81,56,52,64,80,49,63,68,82,44,45,45,74,45,45,45,45,26,22,20,10,2496,,https://www.maddenratings.com/javin-wright
Tampa Bay Buccaneers,Kameron Johnson,WR,Wide Receiver,19,,64,24,"March 17, 2002",United States,Barton,3,,,,90,92,63,82,66,87,90,76,79,40,38,33,26,20,27,22,77,73,70,67,66,64,62,69,67,38,83,74,48,73,79,23,26,10,10,24,32,25,20,27,19,21,41,24,33,21,27,17,22,19,19,13,84,2498,,https://www.maddenratings.com/kameron-johnson
Tampa Bay Buccaneers,Luke Haggard,RG,Right Guard,72,Power,64,26,"January 3, 2000",United States,Indiana,4,,,,67,73,84,60,62,70,90,71,84,24,15,6,6,6,6,6,20,14,14,13,5,5,15,27,8,28,47,18,15,11,17,12,29,12,13,26,31,19,12,14,31,8,71,73,82,71,70,70,71,72,20,20,9,1823,,https://www.maddenratings.com/luke-haggard
Tampa Bay Buccaneers,Marcus Banks,FS,Free Safety,39,Hybrid,64,25,"October 8, 2000",,Mississippi St.,3,,,,91,91,63,87,62,87,90,78,84,26,8,16,13,10,16,7,65,58,59,25,21,16,16,62,56,46,87,68,43,65,72,19,64,35,42,46,64,54,63,63,52,63,34,34,47,34,34,34,34,21,20,15,35,2495,,https://www.maddenratings.com/marcus-banks
Tampa Bay Buccaneers,Payne Durham,TE,Tight End,87,Possession,64,26,"June 15, 2000",United States,Purdue,4,2023,171,Tampa Bay Buccaneers,77,84,73,80,59,83,91,87,89,20,10,25,20,14,26,20,78,75,79,61,55,49,62,72,65,65,67,71,62,64,66,11,44,10,10,39,37,18,14,21,42,17,61,59,67,61,58,59,56,56,21,19,18,2647,,https://www.maddenratings.com/payne-durham
Tampa Bay Buccaneers,Rashad Wisdom,FS,Free Safety,38,Run Support,64,25,"June 6, 2001",United States,UTSA,3,,,,87,92,57,87,61,88,84,83,85,25,24,23,12,10,24,26,68,64,60,28,18,10,27,63,66,66,88,78,55,65,74,29,67,33,39,56,73,66,52,63,77,64,23,20,56,23,21,20,20,24,13,13,60,2610,,https://www.maddenratings.com/rashad-wisdom
Tampa Bay Buccaneers,Bauer Sharp,TE,Tight End,84,Vertical Threat,63,23,"May 3, 2003",,LSU,,,,,85,83,71,82,57,84,92,88,91,57,35,40,34,31,36,36,77,79,75,63,57,53,65,66,68,59,75,69,62,65,71,37,25,20,20,25,28,29,19,21,25,18,56,55,58,55,56,54,55,53,27,26,58,2826,,https://www.maddenratings.com/bauer-sharp
Tampa Bay Buccaneers,Devin Culp,TE,Tight End,82,Vertical Threat,62,26,"February 2, 2000",United States,Washington,3,2024,246,Tampa Bay Buccaneers,89,92,68,74,69,85,90,81,84,30,10,15,10,6,10,6,76,72,73,58,51,47,64,71,67,65,77,71,64,62,68,14,33,17,17,29,28,22,14,21,27,17,51,50,57,50,53,49,51,51,18,15,18,2507,,https://www.maddenratings.com/devin-culp
Tampa Bay Buccaneers,Nick Jackson,MIKE,Mike Backer,53,Field General,61,25,"January 5, 2001",United States,Iowa,2,,,,81,85,64,80,61,83,87,87,86,27,13,6,6,6,6,6,54,45,45,25,20,15,15,55,34,43,72,44,41,46,54,12,79,49,54,64,79,59,56,62,79,57,45,45,72,45,45,45,45,23,20,20,15,2462,,https://www.maddenratings.com/nick-jackson
Tampa Bay Buccaneers,Paul Rubelt,RT,Right Tackle,76,Power,61,25,"April 28, 2001",,UCF,,,,,73,71,84,52,59,78,86,86,86,19,10,6,6,6,6,6,22,15,17,12,5,5,14,43,15,21,58,12,12,10,10,12,30,44,36,31,21,29,13,15,38,10,67,70,73,67,70,71,68,69,14,10,10,1873,,https://www.maddenratings.com/paul-rubelt
Tampa Bay Buccaneers,Benjamin Chukwuma,LT,Left Tackle,70,Power,60,25,"May 8, 2001",United States,Georgia State,2,,,,61,66,82,52,57,62,88,82,82,12,10,6,6,6,6,6,22,13,16,16,5,5,12,25,15,25,46,15,11,10,10,12,24,14,10,26,25,15,10,12,25,10,68,69,78,68,67,69,66,78,15,11,10,1712,,https://www.maddenratings.com/benjamin-chukwuma
Tampa Bay Buccaneers,Evan Deckers,LS,Long Snapper,86,Power,60,27,"February 23, 1999",United States,Duke,4,,,,67,62,62,56,55,70,93,79,82,35,10,6,6,6,6,6,67,60,62,43,38,24,33,65,20,46,63,39,40,35,45,10,39,10,10,41,24,34,14,23,12,32,44,50,54,39,34,55,45,43,29,18,10,2051,,https://www.maddenratings.com/evan-deckers
Tampa Bay Buccaneers,Kemon Hall,CB,Cornerback,37,Man to Man,60,29,"June 2, 1997",United States,North Texas,7,,,,86,87,58,78,58,84,88,87,68,25,10,6,6,6,6,6,71,67,63,10,10,10,24,53,59,26,75,75,30,72,80,15,55,31,33,44,69,62,64,66,44,68,35,35,45,35,35,35,35,15,11,10,50,2376,,https://www.maddenratings.com/kemon-hall
Tampa Bay Buccaneers,Jayson Jones,DT,Defensive Tackle,93,,59,24,"October 29, 2001",United States,Auburn,2,,,,62,62,78,51,60,60,86,84,87,20,10,6,6,6,6,6,35,20,21,15,7,5,15,38,15,32,49,24,30,17,20,12,78,68,58,72,67,58,16,21,80,17,45,45,88,45,45,45,45,26,17,13,10,2004,,https://www.maddenratings.com/jayson-jones
Tampa Bay Buccaneers,Scott Daly,LS,Long Snapper,71,Accurate,59,32,"February 7, 1994",United States,Notre Dame,7,,,,71,70,72,64,51,69,91,68,74,35,9,10,6,6,6,6,49,47,51,39,31,25,21,63,15,34,61,27,46,22,27,10,51,10,10,38,51,38,15,19,46,11,46,54,63,44,46,53,55,44,14,15,10,2009,,https://www.maddenratings.com/scott-daly
Tampa Bay Buccaneers,Ben Scott,C,Center,66,Agile,58,25,"January 9, 2001",United States,Nebraska,2,,,,68,70,84,62,57,68,87,81,83,13,13,6,6,6,6,6,23,15,15,15,5,5,15,23,9,29,58,14,17,10,10,13,24,15,10,22,22,14,11,12,23,10,69,68,77,67,68,66,67,77,14,12,10,1750,,https://www.maddenratings.com/ben-scott
Tampa Bay Buccaneers,Connor Bazelak,QB,Quarterback,16,Strong Arm,57,25,"September 22, 2000",United States,Bowling Green St.,2,,,,79,82,67,79,50,80,85,83,87,87,73,78,78,70,73,75,27,17,18,18,16,14,25,55,64,41,76,63,40,54,56,58,21,25,24,23,23,35,17,16,19,18,22,28,26,27,20,22,26,26,27,18,21,2352,,https://www.maddenratings.com/connor-bazelak
Tampa Bay Buccaneers,Nash Hutmacher,LG,Left Guard,64,Power,53,25,"May 15, 2001",,Nebraska,2,,,,66,71,84,66,58,73,88,84,87,20,10,6,6,6,6,6,36,20,21,15,7,5,15,36,15,33,55,23,30,17,21,12,78,70,62,74,69,56,16,22,79,16,60,58,84,60,57,59,56,62,17,15,10,2178,,https://www.maddenratings.com/nash-hutmacher
Tennessee Titans,Jeffery Simmons,DT,Defensive Tackle,98,Power Rusher,95,29,"July 28, 1997",United States,Mississippi St.,8,2019,19,Tennessee Titans,78,82,97,75,96,78,90,87,89,20,10,6,6,6,6,6,43,32,29,40,32,30,25,29,16,26,63,23,23,28,32,12,87,93,89,92,91,95,29,39,89,17,45,45,87,45,45,45,45,20,15,16,48,2492,"El Toro Defenders with this ability have a slightly improved chance to receive dominant bull rush wins when their stamina is full. This consumes a large amount of additional stamina. Run Stopper Defenders with this ability do not need to spend stamina on shed attempts during a run play Interior Threat Defenders with this ability are slightly more likely to use faster, more dominant pass rush moves while rushing from the interior of the defense, and have more favorable disengage angles.",https://www.maddenratings.com/jeffery-simmons
Tennessee Titans,Peter Skoronski,LG,Left Guard,77,Pass Protector,84,25,"July 31, 2001",United States,Northwestern,4,2023,11,Tennessee Titans,67,80,89,58,87,83,95,88,87,25,7,8,8,8,6,7,36,15,22,14,10,5,18,29,25,27,59,24,26,15,19,15,25,24,16,22,30,26,10,9,22,10,84,87,88,86,82,84,88,81,32,30,10,2108,,https://www.maddenratings.com/peter-skoronski
Tennessee Titans,Wan&#8217;Dale Robinson,WR,Wide Receiver,4,Slot,84,25,"January 5, 2001",United States,Kentucky,5,,,,91,93,61,92,86,83,87,95,82,27,19,19,14,10,18,16,93,81,81,87,85,83,70,78,76,52,90,83,51,76,83,24,34,10,10,32,37,31,24,30,29,23,40,29,43,18,23,12,16,24,21,17,76,2665,,https://www.maddenratings.com/wandale-robinson
Tennessee Titans,Tony Pollard,HB,Halfback,20,Elusive Back,83,29,"April 30, 1997",United States,Memphis,8,2019,128,Dallas Cowboys,90,93,69,84,85,85,89,85,84,25,12,21,15,12,14,10,74,61,62,67,63,62,64,90,81,73,85,89,71,80,90,26,38,12,15,30,42,29,40,36,30,24,32,62,34,24,29,31,32,30,14,10,87,2692,,https://www.maddenratings.com/tony-pollard
Tennessee Titans,Cordale Flott,CB,Cornerback,18,Zone,81,24,"August 24, 2001",United States,LSU,5,2022,81,New York Giants,91,93,50,86,83,82,88,87,78,25,10,15,10,6,10,6,61,62,49,36,33,30,21,48,48,21,92,60,23,65,73,12,65,21,29,42,69,86,76,83,45,68,27,22,47,27,27,22,22,11,18,14,40,2415,,https://www.maddenratings.com/cordale-flott
Tennessee Titans,Alontae Taylor,CB,Cornerback,24,Zone,79,27,"December 3, 1998",United States,Tennessee,5,2022,49,New Orleans Saints,95,94,60,82,80,92,91,92,78,44,32,42,35,30,40,38,72,64,59,43,40,36,42,63,57,38,84,72,34,67,76,46,62,36,45,43,70,78,73,78,74,73,35,35,54,35,35,35,35,15,21,21,45,2916,,https://www.maddenratings.com/alontae-taylor
Tennessee Titans,JC Latham,RT,Right Tackle,55,Power,79,23,"February 8, 2003",United States,Alabama,3,2024,7,Tennessee Titans,63,64,94,60,77,68,96,84,91,21,5,11,9,6,6,7,24,27,19,15,14,10,19,33,15,41,50,15,45,10,10,18,40,47,32,49,31,26,9,10,51,10,82,78,91,82,83,81,76,87,21,17,10,2140,,https://www.maddenratings.com/jc-latham
Tennessee Titans,Amani Hooker,SS,Strong Safety,37,Zone,78,28,"June 14, 1998",United States,Iowa,8,2019,116,Tennessee Titans,87,89,62,87,86,88,88,90,81,42,17,34,28,24,27,16,78,70,57,37,33,24,35,65,55,32,81,71,45,57,74,17,73,45,55,52,72,83,68,74,80,65,35,35,58,35,35,35,35,20,55,44,44,2875,,https://www.maddenratings.com/amani-hooker
Tennessee Titans,Calvin Ridley,,,,,78,31,"December 20, 1994",United States,Alabama,9,2018,26,Atlanta Falcons,92,93,59,91,76,85,84,86,80,32,22,28,23,18,24,13,82,86,80,76,78,75,80,75,74,30,89,86,64,79,88,29,29,10,10,24,33,17,17,25,20,24,49,30,44,28,34,15,22,23,19,16,68,2634,,https://www.maddenratings.com/calvin-ridley
Tennessee Titans,Cedric Gray,WILL,Weak Backer,33,Pass Coverage,78,23,"October 30, 2002",United States,North Carolina,3,2024,106,Tennessee Titans,84,91,69,77,77,85,95,87,90,14,15,17,19,14,24,16,70,65,62,21,21,15,18,60,54,52,74,57,53,56,64,23,88,59,67,74,87,76,69,74,82,66,28,25,70,23,27,24,23,34,15,14,45,2709,,https://www.maddenratings.com/cedric-gray
Tennessee Titans,Cody Barton,MIKE,Mike Backer,50,Field General,78,29,"November 13, 1996",United States,Utah,8,2019,88,Seattle Seahawks,85,85,78,82,83,79,93,92,88,22,15,6,6,6,6,6,74,50,50,29,24,18,31,49,38,39,76,43,50,47,55,12,85,61,55,70,86,80,60,72,78,50,45,45,78,45,45,45,45,21,16,20,10,2629,,https://www.maddenratings.com/cody-barton
Tennessee Titans,John Franklin-Myers,LEDG,Left Edge,91,,78,29,"September 26, 1996",United States,Stephen F. Austin,9,2018,135,Los Angeles Rams,77,79,90,71,85,80,91,80,85,20,17,9,9,9,9,9,38,15,18,15,8,4,15,26,24,32,63,30,34,21,31,12,82,74,81,81,79,82,25,33,84,25,45,45,88,45,45,45,45,18,16,12,10,2266,,https://www.maddenratings.com/john-franklin-myers
Tennessee Titans,Keldric Faulk,,,15,,78,21,"September 7, 2004",United States,Auburn,,2026,31,Tennessee Titans,83,82,84,76,73,84,92,80,89,35,25,20,18,10,18,26,37,42,42,17,15,10,18,51,45,41,66,44,45,42,46,20,85,77,72,84,85,75,21,25,88,41,45,45,87,45,45,45,45,24,27,20,25,2582,,https://www.maddenratings.com/keldric-faulk
Tennessee Titans,Tommy Townsend,P,Punter,3,Power,78,29,"November 12, 1996",United States,Florida,7,,,,81,83,43,64,64,58,82,88,58,58,16,49,41,33,20,20,20,15,15,15,15,15,15,40,12,10,56,10,10,10,10,19,35,10,10,32,23,28,16,24,12,10,14,11,14,14,14,11,11,14,95,83,10,1636,,https://www.maddenratings.com/tommy-townsend
Tennessee Titans,Carnell Tate,,,14,Deep Threat,77,21,"January 19, 2005",United States,Ohio State,,2026,4,Tennessee Titans,91,90,68,89,80,89,88,87,86,31,27,25,20,15,23,26,85,83,83,78,80,78,78,74,75,53,87,83,64,74,80,28,25,15,18,22,24,22,24,23,21,17,47,23,46,35,38,23,20,28,29,25,55,2698,,https://www.maddenratings.com/carnell-tate
Tennessee Titans,Elic Ayomanor,WR,Wide Receiver,5,Deep Threat,77,23,"June 3, 2003",United States,Stanford,2,2025,136,Tennessee Titans,91,92,68,84,79,91,84,84,80,13,24,27,19,10,21,28,83,84,84,78,79,80,78,74,73,49,82,78,56,67,71,31,27,30,35,39,43,34,28,32,42,25,52,23,52,27,29,24,18,36,31,16,73,2758,,https://www.maddenratings.com/elic-ayomanor
Tennessee Titans,Jermaine Johnson,REDG,Right Edge,11,Power Rusher,77,27,"January 7, 1999",United States,Florida State,5,,,,85,88,82,81,75,81,93,79,90,21,10,6,6,6,6,6,48,27,28,19,12,9,23,44,28,42,70,40,43,37,43,12,81,77,72,78,85,77,32,43,84,26,45,45,87,46,45,44,45,18,17,15,10,2412,,https://www.maddenratings.com/jermaine-johnson
Tennessee Titans,Tyjae Spears,HB,Halfback,2,Elusive Back,77,25,"June 15, 2001",United States,Tulane,4,2023,81,Tennessee Titans,88,91,71,88,71,89,86,85,86,29,12,20,15,10,14,16,74,57,54,66,58,50,52,95,83,65,87,82,74,76,86,25,30,10,10,25,35,16,12,15,22,16,45,60,37,22,27,26,22,34,21,18,62,2520,,https://www.maddenratings.com/tyjae-spears
Tennessee Titans,Jacob Martin,REDG,Right Edge,57,Smaller Speed Rusher,76,30,"December 11, 1995",United States,Temple,9,2018,186,Seattle Seahawks,86,84,77,79,82,83,89,82,84,23,10,6,6,6,6,6,48,28,30,15,5,5,25,50,22,34,71,34,34,27,37,12,78,66,78,75,79,79,38,43,78,31,45,45,69,45,45,45,45,17,17,11,10,2325,,https://www.maddenratings.com/jacob-martin
Tennessee Titans,Joey Slye,K,Kicker,6,Power,76,30,"April 10, 1996",United States,Virginia Tech,8,,,,71,72,66,61,58,61,87,85,58,29,16,31,30,24,11,10,35,12,10,10,10,10,12,40,15,15,49,16,11,25,21,15,31,10,10,24,29,10,12,12,11,10,19,16,10,10,10,10,10,10,98,83,10,1521,,https://www.maddenratings.com/joey-slye
Tennessee Titans,Cameron Ward,QB,Quarterback,1,,75,24,"May 25, 2002",United States,Miami,2,2025,1,Tennessee Titans,82,85,66,83,70,80,93,92,94,91,80,86,80,78,87,82,49,33,28,35,17,19,25,65,63,41,81,73,41,64,62,90,35,38,39,40,24,32,33,35,34,33,32,26,30,33,33,36,33,32,24,28,28,2793,,https://www.maddenratings.com/cameron-ward
Tennessee Titans,Joshua Williams,CB,Cornerback,25,Zone,75,26,"October 17, 1999",United States,Fayetteville State,5,2022,135,Kansas City Chiefs,92,93,59,86,76,88,89,87,84,30,13,6,6,6,11,6,71,66,61,40,37,35,43,64,62,42,82,70,41,65,72,21,60,32,38,46,70,73,70,75,66,76,35,34,55,35,35,34,33,23,14,13,55,2676,,https://www.maddenratings.com/joshua-williams
Tennessee Titans,Tony Adams,SS,Strong Safety,38,Hybrid,75,27,"January 24, 1999",United States,Illinois,5,,,,89,93,62,83,74,95,86,86,75,25,10,15,10,10,22,15,68,54,52,43,42,39,41,59,51,42,86,63,42,65,72,21,65,25,33,48,73,72,77,74,77,67,35,35,54,35,35,35,35,21,15,11,50,2662,,https://www.maddenratings.com/tony-adams
Tennessee Titans,Chimere Dike,WR,Wide Receiver,17,Deep Threat,74,24,"December 14, 2001",United States,Florida,2,2025,103,Tennessee Titans,94,94,65,88,77,91,85,86,81,11,35,21,10,14,8,21,85,77,77,74,74,76,69,73,69,37,86,75,45,70,73,29,49,31,31,38,43,39,53,47,40,26,51,26,50,27,26,24,15,34,20,18,89,2747,,https://www.maddenratings.com/chimere-dike
Tennessee Titans,Dan Moore Jr,LT,Left Tackle,75,,73,27,"September 28, 1998",United States,Texas AM,6,,,,64,64,88,64,83,75,92,90,78,13,10,6,6,6,6,6,27,15,11,13,5,5,12,36,8,35,54,15,20,10,10,12,36,21,16,29,25,31,12,13,31,10,77,74,83,76,78,72,76,82,19,12,10,1922,,https://www.maddenratings.com/dan-moore-jr
Tennessee Titans,Kevin Winston Jr.,FS,Free Safety,23,Run Support,73,22,"December 2, 2003",United States,Penn State,2,2025,82,Tennessee Titans,89,94,64,84,69,86,87,84,89,24,12,6,6,6,6,6,66,59,52,24,14,12,21,62,56,52,81,71,51,64,65,14,75,38,40,58,82,68,62,71,82,70,35,35,55,35,35,35,35,25,20,17,79,2628,,https://www.maddenratings.com/kevin-winston-jr
Tennessee Titans,Oluwafemi Oladejo,REDG,Right Edge,7,Smaller Speed Rusher,73,22,"September 20, 2003",United States,UCLA,2,2025,52,Tennessee Titans,85,87,81,83,72,86,89,83,90,26,15,20,15,10,10,6,55,47,47,17,10,5,16,51,32,32,74,40,38,31,37,13,80,73,72,75,80,72,49,57,81,41,45,45,81,45,45,45,45,23,27,24,28,2536,,https://www.maddenratings.com/oluwafemi-oladejo
Tennessee Titans,Anthony Hill Jr.,MIKE,Mike Backer,53,Field General,72,21,"February 14, 2005",,Texas,,,,,89,91,73,82,73,88,85,87,87,32,10,6,6,6,6,6,65,61,41,25,20,15,15,57,36,46,75,54,46,34,50,15,82,58,57,70,82,73,59,63,82,47,45,50,72,54,54,48,42,25,14,13,15,2587,,https://www.maddenratings.com/anthony-hill-jr
Tennessee Titans,Cordell Volson,RG,Right Guard,73,Power,72,28,"July 20, 1998",United States,North Dakota St.,5,2022,136,Cincinnati Bengals,63,69,85,55,78,78,93,87,78,25,10,10,8,6,6,6,37,35,33,34,31,28,33,44,30,40,52,44,44,30,33,14,42,38,37,42,42,39,15,20,40,10,78,70,79,78,77,73,66,84,40,37,10,2336,,https://www.maddenratings.com/cordell-volson
Tennessee Titans,Solomon Thomas,DT,Defensive Tackle,90,,72,30,"August 26, 1995",United States,Stanford,10,2017,3,San Francisco 49ers,82,82,87,77,65,84,91,79,88,18,17,6,6,6,6,6,32,25,25,25,18,14,20,40,10,30,58,18,27,23,32,12,82,61,74,73,78,66,29,43,81,34,45,45,87,45,45,45,45,14,16,11,10,2238,,https://www.maddenratings.com/solomon-thomas
Tennessee Titans,Gunnar Helm,TE,Tight End,84,Possession,71,23,"September 6, 2002",United States,Texas,2,2025,120,Tennessee Titans,78,80,74,79,79,80,91,88,90,21,30,13,7,15,29,18,81,76,79,67,62,60,67,71,65,65,73,71,65,59,65,32,41,40,34,44,45,21,24,24,34,10,60,59,62,61,58,60,58,56,25,20,26,2792,,https://www.maddenratings.com/gunnar-helm
Tennessee Titans,K.J. Osborn,WR,Wide Receiver,85,Deep Threat,71,29,"June 10, 1997",United States,Miami,7,2020,176,Minnesota Vikings,88,89,64,82,76,87,90,88,80,29,16,15,10,6,16,6,86,83,78,76,76,73,74,75,73,50,77,81,53,74,79,25,39,10,10,39,41,14,12,17,35,16,44,37,45,32,25,20,16,30,18,12,78,2565,,https://www.maddenratings.com/kj-osborn
Tennessee Titans,Michael Carter,HB,Halfback,35,Elusive Back,71,27,"May 7, 1999",United States,North Carolina,6,2021,107,New York Jets,86,84,66,88,67,82,88,87,84,39,21,36,31,27,32,21,69,54,53,65,58,49,45,89,79,80,89,80,79,78,85,31,27,10,10,24,32,17,10,16,22,16,33,52,34,18,24,34,38,31,20,16,80,2586,,https://www.maddenratings.com/michael-carter
Tennessee Titans,Marcus Harris,CB,Cornerback,26,Man to Man,71,25,"March 6, 2001",United States,California,2,2025,183,Tennessee Titans,93,92,59,79,63,87,90,92,90,13,27,16,12,7,19,21,74,67,61,31,30,29,31,60,44,25,86,73,33,60,67,26,71,27,26,48,73,62,73,69,57,68,33,35,50,25,35,25,35,21,23,23,81,2617,,https://www.maddenratings.com/marcus-harris-15311
Tennessee Titans,Daniel Bellinger,TE,Tight End,82,Possession,70,25,"September 22, 2000",United States,San Diego St.,5,2022,112,New York Giants,84,88,79,78,72,84,91,88,88,25,10,15,10,6,10,6,84,77,77,67,59,54,66,74,56,64,69,69,62,57,63,15,44,34,31,49,55,39,23,31,40,24,62,61,65,61,59,57,61,61,16,16,30,2766,,https://www.maddenratings.com/daniel-bellinger
Tennessee Titans,Fernando Carmona,LG,Left Guard,66,Power,70,24,"July 8, 2002",,Arkansas,,,,,65,65,86,67,69,72,90,87,87,16,11,6,6,6,6,6,37,38,33,34,28,22,25,24,10,27,56,14,17,10,10,11,31,10,10,15,24,23,14,16,29,10,74,74,84,75,72,74,71,79,21,25,10,1982,,https://www.maddenratings.com/fernando-carmona
Tennessee Titans,Jordan Elliott,DT,Defensive Tackle,95,,70,28,"November 23, 1997",United States,Missouri,7,2020,88,Cleveland Browns,71,77,82,61,74,69,93,81,87,23,14,6,6,6,6,6,32,19,20,12,6,4,14,28,14,26,54,21,24,16,19,12,82,71,63,73,78,75,16,23,77,10,45,45,83,45,45,45,45,23,13,10,10,2060,,https://www.maddenratings.com/jordan-elliott
Tennessee Titans,Mohamoud Diabate,WILL,Weak Backer,44,Run Stopper,70,25,"May 18, 2001",United States,Utah,4,,,,87,86,69,79,72,82,90,83,84,26,12,6,6,6,6,6,49,45,45,15,9,7,23,47,34,45,76,42,35,48,55,12,81,62,69,69,82,70,53,60,88,41,45,35,68,45,45,35,35,28,15,16,10,2439,,https://www.maddenratings.com/mohamoud-diabate
Tennessee Titans,Kalel Mullings,HB,Halfback,31,Power Back,69,23,"October 4, 2002",United States,Michigan,2,2025,188,Tennessee Titans,87,91,79,79,64,75,87,82,90,42,25,37,32,25,29,25,61,48,48,51,44,35,41,93,76,83,77,80,79,72,76,30,62,46,40,63,70,23,55,62,62,53,45,50,50,32,36,49,43,44,26,30,75,2959,,https://www.maddenratings.com/kalel-mullings
Tennessee Titans,Kylen Granson,TE,Tight End,86,Vertical Threat,69,28,"March 27, 1998",United States,SMU,6,2021,127,Indianapolis Colts,84,87,69,81,69,87,92,84,83,27,10,15,10,5,10,7,79,78,77,64,59,58,67,74,65,71,74,76,70,64,71,20,38,10,10,37,41,20,11,19,29,16,59,60,63,55,59,59,56,54,20,17,33,2653,,https://www.maddenratings.com/kylen-granson
Tennessee Titans,Nick Singleton,HB,Halfback,32,Elusive Back,69,22,"January 6, 2004",,Penn State,,,,,93,94,78,87,65,86,87,85,86,28,26,22,18,15,29,23,70,62,62,64,56,49,50,89,76,73,81,75,73,71,76,25,24,15,16,25,23,27,16,24,23,25,44,50,46,33,25,33,27,42,26,23,83,2624,,https://www.maddenratings.com/nick-singleton
Tennessee Titans,Xavier Restrepo,WR,Wide Receiver,87,Slot,69,24,"April 12, 2002",United States,Miami,2,,,,84,85,61,89,70,83,88,85,86,47,30,33,29,23,36,29,82,79,78,76,73,70,67,70,71,49,84,80,46,71,76,30,36,29,30,37,40,34,38,43,37,27,46,25,44,21,25,27,18,31,28,24,80,2780,,https://www.maddenratings.com/xavier-restrepo
Tennessee Titans,Austin Schlottmann,C,Center,51,Agile,68,30,"September 18, 1995",United States,TCU,9,,,,69,74,86,57,76,74,86,80,85,17,10,6,6,6,6,6,36,20,20,16,10,8,32,29,5,15,46,15,10,10,10,12,35,10,10,25,31,10,12,12,15,10,70,73,78,66,73,71,75,80,20,21,10,1845,,https://www.maddenratings.com/austin-schlottmann
Tennessee Titans,Jackie Marshall,DT,Defensive Tackle,96,,68,23,"April 26, 2003",,Baylor,,,,,76,81,87,62,66,72,88,73,85,12,10,6,6,6,6,6,34,29,30,18,16,3,25,35,14,46,58,33,34,32,32,12,77,72,64,74,75,64,25,24,79,29,45,45,85,45,45,45,45,25,11,22,10,2199,,https://www.maddenratings.com/jackie-marshall
Tennessee Titans,Jalyn Holmes,LEDG,Left Edge,97,Power Rusher,68,30,"January 25, 1996",United States,Ohio State,9,,,,77,78,87,61,66,78,87,73,82,23,14,6,6,6,6,6,56,36,33,45,40,36,50,59,27,58,56,52,46,36,41,12,79,71,64,73,80,68,24,29,82,21,45,45,87,45,45,45,45,34,10,10,10,2451,,https://www.maddenratings.com/jalyn-holmes
Tennessee Titans,Will Levis,QB,Quarterback,8,Strong Arm,68,27,"June 27, 1999",United States,Kentucky,4,2023,33,Tennessee Titans,80,85,69,83,58,89,86,80,93,94,76,81,79,77,80,78,47,16,13,16,13,11,14,62,72,68,79,82,53,73,66,68,25,10,10,18,22,12,10,15,20,10,20,13,26,12,16,10,10,19,27,16,10,2372,,https://www.maddenratings.com/will-levis
Tennessee Titans,Jackson Slater,LG,Left Guard,64,Power,67,23,"May 30, 2003",United States,Sacramento State,,2025,167,Tennessee Titans,72,72,89,61,68,79,87,86,87,24,9,5,5,5,5,5,25,24,25,13,5,5,15,29,8,26,52,13,15,10,11,11,35,35,33,36,31,24,12,14,22,10,71,70,81,71,70,71,69,79,17,12,10,1919,,https://www.maddenratings.com/jackson-slater
Tennessee Titans,Andre James,C,Center,61,,67,29,"May 2, 1997",United States,UCLA,8,,,,66,67,83,56,70,72,91,88,83,25,10,6,6,6,6,6,29,15,25,15,5,5,16,37,7,20,50,10,19,10,10,12,32,25,15,39,29,20,13,15,20,10,72,77,83,70,73,75,78,79,22,21,10,1904,,https://www.maddenratings.com/andre-james
Tennessee Titans,James Williams,MIKE,Mike Backer,52,Pass Coverage,67,23,"February 15, 2003",United States,Miami,3,2024,242,Tennessee Titans,84,89,71,79,67,74,89,81,87,35,14,34,27,24,29,15,69,71,65,33,28,23,42,65,62,65,73,67,68,63,66,39,71,54,47,57,78,65,69,71,88,81,35,35,67,35,35,35,35,34,15,14,50,2869,,https://www.maddenratings.com/james-williams
Tennessee Titans,Julius Chestnut,HB,Halfback,36,Power Back,67,25,"October 26, 2000",United States,Sacred Heart,5,,,,88,90,76,82,67,82,86,80,85,25,11,25,20,10,10,10,68,59,63,60,50,45,52,87,80,80,78,78,78,69,78,21,35,10,10,38,42,16,10,12,40,10,45,55,45,42,46,48,51,42,21,17,75,2603,,https://www.maddenratings.com/julius-chestnut
Tennessee Titans,Micah Robinson,CB,Cornerback,21,Zone,67,24,"February 5, 2002",United States,Tulane,2,2025,237,Green Bay Packers,92,94,58,79,64,84,88,86,87,22,20,15,13,10,7,17,75,70,62,20,20,17,26,65,45,27,78,58,36,67,74,26,64,25,23,48,74,63,65,67,49,65,35,35,40,25,35,25,35,23,21,29,80,2528,,https://www.maddenratings.com/micah-robinson
Tennessee Titans,Erick Hallett II,SS,Strong Safety,41,Zone,66,26,"April 24, 2000",United States,Pittsburgh,4,,,,89,91,55,89,63,89,93,88,76,22,16,6,6,6,6,6,70,63,58,41,35,33,28,59,60,34,91,62,40,67,75,10,69,35,40,47,64,68,60,68,71,60,35,30,45,35,35,30,30,18,21,14,65,2567,,https://www.maddenratings.com/erick-hallett-ii
Tennessee Titans,Jaylen Harrell,LEDG,Left Edge,92,Smaller Speed Rusher,66,24,"May 1, 2002",United States,Michigan,3,2024,252,Tennessee Titans,83,88,75,67,65,88,91,79,80,27,13,6,6,6,6,6,44,20,20,15,5,5,25,32,15,27,67,26,28,28,33,12,74,66,70,66,79,64,39,43,70,31,45,45,77,45,45,45,45,11,25,24,10,2207,,https://www.maddenratings.com/jaylen-harrell
Tennessee Titans,Morgan Cox,LS,Long Snapper,46,Power,66,40,"April 26, 1986",United States,Tennessee,18,,,,70,61,73,61,73,68,92,71,82,22,13,10,10,10,10,10,58,42,44,47,40,35,25,67,26,33,57,22,25,10,14,12,63,56,55,63,63,29,15,20,59,15,50,56,57,40,35,50,40,41,29,18,10,2157,,https://www.maddenratings.com/morgan-cox
Tennessee Titans,Sanoussi Kane,SS,Strong Safety,42,Run Support,66,24,"October 6, 2001",United States,Purdue,3,2024,250,Baltimore Ravens,88,91,58,81,61,87,90,83,89,31,23,35,23,22,32,24,57,52,49,15,11,10,12,56,63,55,81,65,45,63,67,31,71,47,42,66,81,60,64,62,81,66,35,33,64,35,35,33,31,32,53,47,55,2743,,https://www.maddenratings.com/sanoussi-kane
Tennessee Titans,Bryce Oliver,WR,Wide Receiver,80,,65,26,"May 19, 2000",United States,Youngstown St.,3,,,,87,86,60,80,68,78,91,85,88,30,19,15,10,6,25,28,79,78,77,70,69,68,64,70,75,57,81,78,53,73,77,25,29,10,10,27,28,14,10,10,26,10,48,31,44,31,27,28,24,22,17,15,43,2454,,https://www.maddenratings.com/bryce-oliver
Tennessee Titans,Jerrick Reed II,FS,Free Safety,28,Hybrid,65,26,"August 7, 2000",United States,New Mexico,4,2023,198,Seattle Seahawks,91,93,59,78,62,90,90,85,79,21,12,15,10,8,19,11,71,67,63,44,39,41,39,63,61,26,81,72,30,63,70,17,66,26,33,50,64,64,67,62,83,61,35,30,55,35,35,30,30,25,16,17,52,2606,,https://www.maddenratings.com/jerrick-reed-ii
Tennessee Titans,Mitchell Trubisky,QB,Quarterback,10,,65,31,"August 20, 1994",United States,North Carolina,10,2017,2,Chicago Bears,83,84,71,86,52,69,90,80,86,89,75,81,76,74,78,79,44,29,33,38,28,18,31,63,69,53,81,83,57,70,68,74,35,10,10,24,43,18,15,17,32,13,21,18,31,19,19,21,21,21,31,23,10,2544,,https://www.maddenratings.com/mitchell-trubisky
Tennessee Titans,Pat Coogan,C,Center,79,Power,65,23,"November 18, 2002",,Indiana,,,,,66,63,82,57,67,72,84,87,89,17,6,6,6,6,6,6,36,14,17,10,5,5,12,33,10,36,50,16,27,10,17,12,36,23,22,43,32,37,16,13,37,10,74,74,79,73,74,73,69,78,18,18,10,1939,,https://www.maddenratings.com/pat-coogan
Tennessee Titans,Timmy Horne,DT,Defensive Tackle,94,,65,28,"October 25, 1997",United States,Kansas State,5,,,,64,62,85,65,62,84,87,72,87,20,15,6,6,6,6,6,24,15,15,15,7,3,15,29,20,27,53,10,25,12,14,12,79,66,54,75,72,65,11,12,73,10,45,45,85,45,45,45,45,35,15,16,10,1977,,https://www.maddenratings.com/timmy-horne
Tennessee Titans,Truman Jones,REDG,Right Edge,56,Power Rusher,65,26,"May 13, 2000",United States,Harvard,4,,,,83,89,71,82,65,88,90,74,80,20,11,6,6,6,6,6,32,27,26,10,7,5,13,32,17,27,72,27,26,29,35,17,73,69,63,72,78,62,32,38,84,37,40,35,74,40,40,35,35,25,27,23,10,2177,,https://www.maddenratings.com/truman-jones
Tennessee Titans,Austin Deculus,LT,Left Tackle,76,Power,64,27,"March 12, 1999",United States,LSU,5,2022,205,Houston Texans,69,76,84,50,73,71,93,81,90,18,8,6,6,6,6,6,19,17,15,20,16,8,13,24,7,26,47,16,28,14,16,12,27,10,10,29,21,20,8,9,35,10,70,64,81,73,67,66,62,73,19,16,10,1821,,https://www.maddenratings.com/austin-deculus
Tennessee Titans,Hendon Hooker,QB,Quarterback,16,,64,28,"January 13, 1998",United States,Tennessee,4,2023,68,Detroit Lions,86,90,67,86,35,80,81,82,84,89,75,80,77,73,74,80,44,18,16,28,20,16,21,53,72,52,83,88,60,76,75,83,21,10,10,21,25,16,9,14,19,10,23,15,28,18,14,17,12,20,18,14,10,2388,,https://www.maddenratings.com/hendon-hooker
Tennessee Titans,Garrett Dellinger,RG,Right Guard,71,Agile,64,24,"February 18, 2002",United States,LSU,2,2025,243,Baltimore Ravens,67,77,88,63,65,78,82,85,82,22,11,6,6,6,6,6,26,32,11,12,5,5,12,24,13,24,59,12,19,11,10,12,18,10,10,25,25,22,10,11,24,10,68,67,78,68,71,67,69,76,18,15,10,1809,,https://www.maddenratings.com/garrett-dellinger
Tennessee Titans,Earnest Brown IV,LEDG,Left Edge,99,,63,27,"January 8, 1999",United States,Northwestern,6,2021,174,Los Angeles Rams,72,74,83,76,64,76,88,71,80,11,16,6,6,6,6,6,36,22,20,10,3,2,15,33,18,28,65,29,39,26,32,12,72,64,58,74,72,68,27,40,77,20,45,45,85,45,45,45,45,17,14,22,10,2121,,https://www.maddenratings.com/earnest-brown-iv
Tennessee Titans,Kendell Brooks,FS,Free Safety,30,Hybrid,63,26,"March 3, 2000",United States,Michigan St.,4,,,,91,92,63,77,57,85,82,84,83,31,5,6,6,6,5,5,58,56,52,25,21,13,23,55,60,51,81,66,55,65,72,15,65,35,40,54,78,58,62,67,74,66,35,35,53,35,35,35,35,28,17,13,50,2516,,https://www.maddenratings.com/kendell-brooks
Tennessee Titans,Malik Herring,LEDG,Left Edge,93,Power Rusher,63,27,"November 9, 1998",United States,Georgia,6,,,,74,78,78,68,59,74,85,72,78,12,10,6,6,6,6,6,34,34,27,24,21,17,26,42,34,33,53,42,42,34,41,12,78,72,65,71,73,56,15,21,83,19,45,45,86,45,45,45,45,24,14,10,10,2201,,https://www.maddenratings.com/malik-herring
Tennessee Titans,Mason Kinsey,WR,Wide Receiver,12,,63,27,"August 29, 1998",United States,Berry College,7,,,,85,84,60,77,55,87,87,83,79,26,17,15,10,6,10,6,81,80,77,72,71,72,63,73,69,31,77,78,41,70,77,21,31,10,10,30,33,23,20,28,28,22,35,26,37,15,12,10,10,21,17,15,78,2351,,https://www.maddenratings.com/mason-kinsey
Tennessee Titans,David Martin-Robinson,TE,Tight End,88,Vertical Threat,62,26,"December 26, 1999",United States,Temple,3,,,,85,87,70,81,52,84,87,80,84,20,10,25,20,14,26,20,78,75,74,60,54,52,64,72,65,65,81,74,64,58,68,11,39,10,10,39,37,18,14,21,30,17,60,60,68,56,61,56,60,57,21,19,18,2631,,https://www.maddenratings.com/david-martin-robinson
Tennessee Titans,Dorian Mausi Jr.,WILL,Weak Backer,54,Run Stopper,62,24,"March 5, 2002",United States,Auburn,2,,,,83,83,68,77,61,80,86,85,85,21,12,6,6,6,6,6,53,52,44,24,19,14,18,57,35,47,76,44,41,43,55,23,78,48,51,63,79,58,54,60,77,45,45,45,70,45,45,45,45,25,27,21,10,2452,,https://www.maddenratings.com/dorian-mausi-jr
Tennessee Titans,Drew Moss,LG,Left Guard,67,Agile,62,23,"May 21, 2003",United States,Colorado St.,2,,,,72,80,84,63,57,79,89,85,87,12,10,6,6,6,6,6,21,14,14,13,5,5,15,27,9,22,61,14,15,10,11,12,24,10,10,28,29,15,11,12,23,10,69,68,77,67,70,66,69,78,13,14,10,1789,,https://www.maddenratings.com/drew-moss
Tennessee Titans,Brandon Crenshaw-Dickson,RT,Right Tackle,78,,61,25,"February 22, 2001",United States,Florida,2,,,,61,63,86,60,59,63,88,82,83,12,14,8,6,6,6,6,19,18,16,17,5,5,12,25,12,25,54,27,13,10,10,28,25,13,10,24,23,14,11,15,25,10,67,69,78,67,69,68,70,79,16,11,10,1773,,https://www.maddenratings.com/brandon-crenshaw-dickson
Tennessee Titans,Jaren Kanak,TE,Tight End,81,Vertical Threat,60,22,"February 10, 2004",,Oklahoma,,,,,88,88,76,77,56,86,92,82,90,54,36,39,34,30,41,35,79,75,74,58,51,46,60,68,63,63,78,65,64,59,65,35,66,47,43,55,62,61,56,62,66,52,55,55,57,56,53,55,52,52,25,30,59,3126,,https://www.maddenratings.com/jaren-kanak
Washington Commanders,Laremy Tunsil,LT,Left Tackle,78,Pass Protector,94,32,"August 2, 1994",United States,Ole Miss,11,2016,13,Miami Dolphins,71,67,92,66,95,71,92,90,89,22,14,6,6,6,6,6,26,20,22,19,9,6,22,31,12,32,53,18,26,13,17,12,35,18,14,27,29,18,11,13,26,9,82,94,94,82,83,95,93,85,20,17,9,2091,Screen Protector Blockers with this ability will dominantly win impact blocks on screen plays Secure Protector Blockers with this ability reduce a rusher's chances of using a quick block shed move.,https://www.maddenratings.com/laremy-tunsil
Washington Commanders,Terry McLaurin,WR,Wide Receiver,17,Deep Threat,91,30,"September 15, 1995",United States,Ohio State,8,2019,76,Washington Commanders,95,91,67,86,94,88,93,93,95,32,18,15,10,6,10,6,95,93,91,88,88,90,91,76,82,50,87,88,56,78,88,22,41,11,11,41,53,19,16,24,34,16,47,37,45,20,15,15,11,22,16,14,40,2710,"Double Me Aggressive receivers overpower defenders and attack the football. When they enter the zone, this ability increases their success rate on aggressive catches against single coverage. Deep In Elite Receivers with this ability catch more consistently while catching passes less than 20+ yards from the LoS, inside the numbers Acrobat Players with this ability are more likely to succeed at catching tipped passes Quick Jump Players with this ability have a slightly reduced stamina cost and slightly longer perfect window for jumping snaps.",https://www.maddenratings.com/terry-mclaurin
Washington Commanders,Sam Cosmi,RG,Right Guard,76,Agile,87,27,"February 16, 1999",United States,Texas,6,,,,76,80,87,71,88,74,88,89,84,22,15,6,6,6,6,6,54,50,55,38,12,10,39,52,9,22,56,19,18,12,11,12,35,20,19,21,31,25,11,14,33,10,90,82,84,86,93,80,84,95,18,19,9,2232,,https://www.maddenratings.com/sam-cosmi
Washington Commanders,Da&#8217;Ron Payne,DT,Defensive Tackle,94,,84,29,"May 27, 1997",United States,Alabama,9,,,,77,80,95,63,86,71,97,83,92,26,17,6,6,6,6,6,46,20,23,15,7,3,25,46,32,43,55,37,39,23,27,12,81,80,75,85,82,88,23,29,77,13,45,45,90,45,45,45,45,34,17,14,10,2338,,https://www.maddenratings.com/daron-payne
Washington Commanders,Leo Chenal,WILL,Weak Backer,54,Run Stopper,84,25,"October 26, 2000",United States,Wisconsin,5,2022,103,Kansas City Chiefs,87,92,82,81,83,94,91,85,90,25,18,21,18,15,21,15,52,45,44,28,24,19,32,68,67,55,75,72,63,54,62,25,86,63,54,82,88,81,63,69,89,53,45,45,90,45,45,45,45,34,24,21,25,2895,,https://www.maddenratings.com/leo-chenal
Washington Commanders,Rasul Douglas,CB,Cornerback,26,Zone,82,30,"August 29, 1995",United States,West Virginia,9,2017,99,Philadelphia Eagles,89,90,73,82,87,83,89,92,79,14,13,6,6,6,6,6,81,67,68,29,19,12,24,72,53,42,81,69,46,66,71,13,65,30,39,45,72,86,81,86,74,84,35,35,59,35,35,35,35,19,14,16,52,2666,,https://www.maddenratings.com/rasul-douglas
Washington Commanders,Nick Cross,SS,Strong Safety,25,Zone,81,24,"September 10, 2001",United States,Maryland,5,2022,96,Indianapolis Colts,92,96,67,87,79,88,91,95,83,26,9,22,14,12,15,8,73,67,59,20,18,16,25,54,52,48,82,65,45,59,67,17,81,32,38,54,80,77,72,77,85,71,35,35,50,35,35,35,35,22,25,23,40,2688,,https://www.maddenratings.com/nick-cross
Washington Commanders,Jayden Daniels,QB,Quarterback,5,,80,25,"December 18, 2000",United States,LSU,3,2024,2,Washington Commanders,90,91,59,91,70,86,90,91,93,92,82,86,88,81,86,76,37,23,19,16,13,11,14,62,75,28,88,92,32,74,82,88,19,10,10,16,29,21,15,14,12,10,16,10,15,12,12,10,10,18,10,19,10,2404,Fearless Passers with this ability have a reduced chance to be impacted by throw penalties caused by defensive pressure while on the run Sideline Deadeye Passers with this ability have elite accuracy on all unpressured throws outside the numbers (except on high throws).,https://www.maddenratings.com/jayden-daniels
Washington Commanders,Odafe Oweh,LEDG,Left Edge,98,Power Rusher,80,27,"December 15, 1998",United States,Penn State,6,2021,31,Baltimore Ravens,88,89,80,86,75,93,89,79,79,22,13,10,6,6,6,6,54,42,41,29,26,19,32,48,35,35,75,46,37,39,44,17,86,81,70,76,84,73,45,53,83,28,45,45,85,45,45,45,45,27,29,26,10,2572,,https://www.maddenratings.com/odafe-oweh
Washington Commanders,Dorance Armstrong,LEDG,Left Edge,92,,79,29,"June 10, 1997",United States,Kansas,9,,,,78,79,82,79,85,80,87,84,93,20,14,6,6,6,6,6,34,20,23,15,10,5,12,28,15,27,66,23,26,23,31,12,83,72,82,80,84,87,27,41,76,32,45,45,81,45,45,45,45,18,16,12,10,2252,,https://www.maddenratings.com/dorance-armstrong
Washington Commanders,Jacory Croskey-Merritt,HB,Halfback,22,Elusive Back,79,25,"April 12, 2001",United States,Arizona,2,2025,245,Washington Commanders,92,95,67,81,83,90,89,83,91,24,24,9,21,13,13,33,62,53,55,50,43,33,41,90,83,77,84,84,76,76,84,31,32,27,30,31,36,26,20,25,26,21,36,50,36,31,28,41,40,33,26,27,67,2619,,https://www.maddenratings.com/jacory-croskey-merritt
Washington Commanders,Frankie Luvu,WILL,Weak Backer,4,Run Stopper,79,29,"September 19, 1996",American Samoa,Wash. St.,9,,,,85,86,83,80,85,73,90,95,85,34,15,6,6,6,6,6,55,49,22,15,5,5,20,48,25,55,71,45,33,39,52,12,82,67,76,75,85,86,57,65,86,55,45,45,85,45,45,45,45,13,16,12,10,2532,,https://www.maddenratings.com/frankie-luvu
Washington Commanders,Sonny Styles,,,52,Field General,78,21,"November 24, 2004",United States,Ohio State,,2026,7,Washington Commanders,90,92,74,81,78,93,87,90,86,24,10,6,6,6,6,6,68,65,59,27,22,17,15,62,34,45,77,65,41,38,52,16,84,56,58,66,89,78,67,72,82,54,46,64,77,60,55,43,40,24,16,16,17,2702,,https://www.maddenratings.com/sonny-styles
Washington Commanders,Rachaad White,HB,Halfback,1,Elusive Back,78,27,"January 12, 1999",United States,Arizona St.,5,2022,91,Tampa Bay Buccaneers,89,91,74,85,79,87,91,83,85,26,14,20,15,10,18,15,76,59,60,71,64,57,62,89,83,76,86,84,75,76,86,21,30,10,10,26,34,16,12,17,23,15,37,58,37,29,36,24,29,39,21,18,75,2603,,https://www.maddenratings.com/rachaad-white
Washington Commanders,Ahkello Witherspoon,CB,Cornerback,24,Man to Man,77,31,"March 21, 1995",United States,Colorado,10,2017,66,San Francisco 49ers,89,91,56,85,82,92,82,88,69,35,11,6,6,6,6,6,75,63,53,27,17,10,24,59,44,25,83,61,31,66,73,10,41,26,33,52,70,81,80,76,44,73,35,35,43,35,35,35,35,13,20,20,55,2468,,https://www.maddenratings.com/ahkello-witherspoon
Washington Commanders,Amik Robertson,CB,Cornerback,2,Zone,77,28,"July 6, 1998",United States,LA. Tech,7,2020,139,Las Vegas Raiders,90,90,56,90,82,86,83,88,90,39,30,33,27,24,38,18,75,69,63,36,33,29,30,64,56,31,88,68,46,73,78,29,48,37,45,48,74,80,77,82,62,66,29,16,48,15,15,23,23,12,11,10,50,2703,,https://www.maddenratings.com/amik-robertson
Washington Commanders,Jartavius Quan Martin,FS,Free Safety,20,Hybrid,77,26,"April 17, 2000",United States,Illinois,4,2023,47,Washington Commanders,90,97,61,87,76,97,90,89,80,25,18,8,7,6,6,6,75,65,61,24,14,12,18,62,67,40,85,72,46,70,76,14,71,37,43,53,68,73,75,72,78,68,35,35,50,35,35,35,35,23,20,20,62,2667,,https://www.maddenratings.com/jartavius-martin
Washington Commanders,Mike Sainristil,,,,,77,25,"October 3, 2000",,Michigan,3,2024,50,Washington Commanders,90,94,51,94,72,93,92,89,93,27,13,20,16,14,22,12,78,74,70,55,52,57,42,64,71,32,94,74,33,71,77,21,67,32,42,47,80,74,74,75,65,67,34,33,38,23,21,22,21,15,18,17,63,2785,,https://www.maddenratings.com/mike-sainristil
Washington Commanders,Tress Way,P,Punter,10,Power,77,36,"April 18, 1990",United States,Oklahoma,14,,,,72,72,44,61,68,67,92,82,65,54,34,54,50,47,28,30,45,12,10,10,10,10,12,51,10,10,49,10,10,10,10,17,29,10,10,10,25,19,13,27,12,10,14,11,14,14,14,11,11,14,92,75,10,1651,,https://www.maddenratings.com/tress-way
Washington Commanders,Trey Amos,CB,Cornerback,23,Zone,77,24,"March 3, 2002",United States,Ole Miss,2,2025,61,Washington Commanders,91,92,64,83,78,85,89,89,87,49,42,49,45,42,50,42,72,67,60,37,34,32,36,61,56,39,82,76,50,68,74,47,64,30,27,51,75,77,76,78,50,78,35,35,55,25,35,25,35,24,26,26,45,2940,,https://www.maddenratings.com/trey-amos
Washington Commanders,Charles Omenihu,DT,Defensive Tackle,90,,76,28,"August 20, 1997",United States,Texas,10,2019,161,Houston Texans,73,77,83,77,87,87,89,78,84,28,13,6,6,6,6,6,46,41,44,21,14,10,26,41,23,42,65,33,41,20,28,12,78,76,70,78,83,84,37,45,78,28,45,45,82,45,45,45,45,17,15,15,10,2379,,https://www.maddenratings.com/charles-omenihu
Washington Commanders,Chigoziem Okonkwo,TE,Tight End,85,Vertical Threat,76,26,"September 8, 1999",United States,Maryland,5,2022,143,Tennessee Titans,88,91,67,77,74,85,85,88,78,20,6,15,10,6,9,6,85,78,79,70,66,61,70,73,72,72,71,81,73,66,74,12,30,10,10,29,33,23,12,15,35,15,61,61,58,57,62,55,60,53,21,18,35,2661,,https://www.maddenratings.com/chigoziem-okonkwo
Washington Commanders,Deatrich Wise Jr,DT,Defensive Tackle,91,,76,32,"July 26, 1994",United States,Arkansas,10,,,,74,76,85,68,79,80,90,82,84,11,16,6,6,6,6,6,36,33,35,17,17,17,15,32,18,24,56,31,35,16,32,12,83,75,64,78,85,77,24,33,81,16,45,45,91,45,45,45,45,17,14,22,10,2241,,https://www.maddenratings.com/deatrich-wise-jr
Washington Commanders,Jer&#8217;Zhan Newton,DT,Defensive Tackle,95,,76,23,"August 31, 2002",United States,Illinois,3,2024,36,Washington Commanders,78,82,85,73,74,80,90,86,90,29,10,5,5,5,5,5,35,12,10,10,10,10,12,40,21,10,67,10,10,10,10,21,84,74,78,78,79,76,12,22,82,10,45,45,85,45,45,45,45,20,26,18,12,2126,,https://www.maddenratings.com/jerzhan-newton
Washington Commanders,Andrew Wylie,RG,Right Guard,71,Power,75,31,"August 19, 1994",United States,Eastern Michigan,10,,,,68,70,85,65,71,82,91,87,80,25,10,5,5,5,5,5,35,30,30,25,15,7,20,27,20,32,52,25,20,20,20,12,35,40,30,32,33,18,11,11,40,10,78,77,87,80,76,81,73,83,19,15,10,2088,,https://www.maddenratings.com/andrew-wylie
Washington Commanders,Jaylin Lane,WR,Wide Receiver,83,,75,24,"May 1, 2002",United States,Virginia Tech,2,2025,128,Washington Commanders,94,93,58,91,78,90,86,88,81,60,32,44,41,33,39,33,83,78,77,76,73,76,71,72,76,57,90,80,60,70,79,28,34,27,28,36,31,28,34,37,32,25,43,22,38,19,20,20,11,24,24,20,86,2826,,https://www.maddenratings.com/jaylin-lane
Washington Commanders,K&#8217;Lavon Chaisson,REDG,Right Edge,45,Smaller Speed Rusher,75,27,"July 25, 1999",United States,LSU,7,,,,86,87,78,85,71,82,87,76,78,26,13,6,6,6,6,6,51,33,31,12,7,5,15,47,19,30,72,32,37,34,41,15,77,65,78,75,80,70,49,54,85,29,45,45,82,45,45,45,45,15,20,17,10,2356,,https://www.maddenratings.com/klavon-chaisson
Washington Commanders,Chris Paul,LG,Left Guard,75,Pass Protector,74,27,"November 19, 1998",United States,Tulsa,5,2022,230,Washington Commanders,75,82,82,59,70,68,90,80,72,25,10,6,6,6,6,6,29,15,10,12,6,5,12,25,14,25,52,21,25,10,10,10,31,19,15,23,33,30,8,9,26,10,73,81,81,73,73,84,79,73,27,23,10,1905,,https://www.maddenratings.com/chris-paul
Washington Commanders,Dyami Brown,WR,Wide Receiver,6,Deep Threat,74,26,"November 1, 1999",United States,North Carolina,6,2021,82,Washington Commanders,92,91,63,87,74,85,89,84,84,51,31,43,32,30,38,23,85,81,81,75,76,78,72,72,76,58,83,82,51,75,80,28,37,12,17,39,41,25,22,29,30,24,43,25,42,26,31,13,15,26,17,13,60,2737,,https://www.maddenratings.com/dyami-brown
Washington Commanders,Jerome Ford,HB,Halfback,34,Elusive Back,74,26,"September 12, 1999",United States,Cincinnati,5,2022,156,Cleveland Browns,91,91,73,84,71,79,88,83,83,25,11,30,25,15,10,10,68,54,55,59,53,46,54,93,78,78,85,81,76,74,83,25,39,32,23,36,43,25,16,24,38,16,41,57,41,28,35,40,35,42,19,15,79,2655,,https://www.maddenratings.com/jerome-ford
Washington Commanders,Antonio Williams,WR,Wide Receiver,14,,73,22,"July 14, 2004",,Clemson,,,,,92,92,61,91,53,93,86,86,82,66,52,57,57,59,63,44,82,80,78,76,77,74,73,75,76,48,91,83,59,76,82,43,37,28,27,34,42,36,36,40,34,33,51,33,45,27,30,30,29,33,30,29,88,3079,,https://www.maddenratings.com/antonio-williams
Washington Commanders,Drake Jackson,REDG,Right Edge,93,Smaller Speed Rusher,73,25,"April 12, 2001",United States,USC,5,2022,61,San Francisco 49ers,83,90,75,82,68,87,86,76,73,26,10,6,6,6,6,6,50,34,33,14,7,5,17,47,35,35,72,42,44,42,47,19,76,62,76,68,83,68,36,47,77,24,45,45,75,45,45,45,45,25,12,13,10,2351,,https://www.maddenratings.com/drake-jackson
Washington Commanders,Jeremy Reaves,SS,Strong Safety,39,Run Support,73,29,"August 29, 1996",United States,South Alabama,9,,,,85,84,61,75,77,76,86,88,87,28,16,6,6,6,6,6,59,62,48,15,13,10,15,64,49,41,73,66,37,70,74,10,74,33,41,52,81,77,68,72,85,71,35,35,55,35,35,35,35,11,16,13,35,2493,,https://www.maddenratings.com/jeremy-reaves
Washington Commanders,Treylon Burks,WR,Wide Receiver,13,,73,26,"March 23, 2000",United States,Arkansas,5,2022,18,Tennessee Titans,89,91,74,89,69,85,83,83,84,53,31,39,33,23,30,23,81,86,82,73,72,70,65,77,78,75,86,86,76,74,82,35,46,12,17,42,46,33,26,34,40,24,46,34,50,29,31,30,27,32,19,16,77,2888,,https://www.maddenratings.com/treylon-burks
Washington Commanders,Van Jefferson,WR,Wide Receiver,12,Slot,73,30,"July 26, 1996",United States,Florida,7,2020,57,Los Angeles Rams,88,92,59,84,79,85,89,87,85,36,25,32,27,22,28,21,81,83,82,77,75,73,75,77,68,34,79,78,57,72,75,24,34,10,10,34,38,15,16,23,23,14,33,41,43,28,22,28,22,20,18,14,73,2608,,https://www.maddenratings.com/van-jefferson
Washington Commanders,Antonio Hamilton,CB,Cornerback,34,Man to Man,72,33,"January 24, 1993",United States,S.C. State,10,,,,90,88,59,81,76,88,91,86,79,27,10,6,6,6,6,6,65,60,43,32,22,15,31,68,63,43,80,72,44,73,78,13,61,22,33,45,74,74,77,73,59,66,19,13,45,35,35,35,35,15,23,19,80,2545,,https://www.maddenratings.com/antonio-hamilton
Washington Commanders,Jeremy McNichols,HB,Halfback,26,Elusive Back,72,30,"December 26, 1995",United States,Boise State,11,,,,87,89,72,81,79,83,88,83,81,30,11,33,28,24,26,18,70,52,55,64,58,50,46,94,77,75,77,80,73,75,82,18,25,10,10,25,36,12,13,12,20,20,41,54,42,25,25,29,24,44,11,21,78,2536,,https://www.maddenratings.com/jeremy-mcnichols
Washington Commanders,Javon Kinlaw,DT,Defensive Tackle,99,,72,28,"October 3, 1997",,South Carolina,7,2020,14,San Francisco 49ers,72,76,86,72,75,76,75,78,86,24,17,6,6,6,6,6,31,17,16,15,7,3,17,34,16,32,61,24,31,24,29,12,81,76,71,74,78,72,17,25,80,16,45,45,85,45,45,45,45,33,19,12,10,2155,,https://www.maddenratings.com/javon-kinlaw
Washington Commanders,Josh Conerly Jr.,RT,Right Tackle,72,,72,22,"November 5, 2003",United States,Oregon,2,2025,29,Washington Commanders,71,80,82,70,73,83,89,87,88,21,30,6,6,6,11,6,30,17,18,16,11,10,17,31,15,26,59,24,27,10,10,11,26,24,26,35,28,22,13,15,28,24,77,76,82,76,79,74,77,84,26,17,10,2060,,https://www.maddenratings.com/josh-conerly-jr
Washington Commanders,Joshua Josephs,REDG,Right Edge,48,Smaller Speed Rusher,72,22,"December 8, 2003",,Tennessee,,,,,82,86,82,78,67,91,90,77,86,23,16,20,18,10,14,16,39,45,45,18,15,10,19,49,34,34,68,35,34,45,45,20,80,74,76,76,81,64,35,42,80,42,45,45,78,45,45,45,45,35,27,20,28,2519,,https://www.maddenratings.com/joshua-josephs
Washington Commanders,Marcus Mariota,QB,Quarterback,8,,72,32,"October 30, 1993",United States,Oregon,12,2015,2,Tennessee Titans,86,87,60,85,73,84,79,74,90,86,79,86,84,74,81,81,62,31,26,39,29,19,23,64,73,41,81,86,62,72,73,78,28,10,10,25,35,30,10,24,25,10,28,20,43,20,20,15,15,29,37,35,10,2627,,https://www.maddenratings.com/marcus-mariota
Washington Commanders,Luke McCaffrey,WR,Wide Receiver,11,Slot,72,25,"April 2, 2001",United States,Rice,3,2024,100,Washington Commanders,90,91,55,92,62,86,89,86,83,58,51,53,45,43,46,47,83,78,84,76,75,71,65,76,72,55,90,80,46,71,77,50,32,10,10,30,37,16,13,19,30,10,38,28,40,20,26,20,18,29,21,16,78,2767,,https://www.maddenratings.com/luke-mccaffrey
Washington Commanders,Nick Allegretti,C,Center,67,Agile,72,30,"April 21, 1996",United States,Illinois,8,2019,216,Kansas City Chiefs,67,68,83,64,85,73,92,82,86,23,12,6,6,6,6,6,42,12,10,19,5,5,12,40,6,25,55,14,38,11,12,12,41,22,17,31,35,27,12,12,35,10,76,76,82,73,79,78,74,80,22,17,14,1996,,https://www.maddenratings.com/nick-allegretti
Washington Commanders,Tim Settle,DT,Defensive Tackle,97,,72,29,"July 11, 1997",United States,Virginia Tech,9,2018,163,Washington Commanders,69,65,88,55,74,65,92,80,89,16,15,6,6,6,6,6,26,15,15,15,7,3,15,27,16,39,50,23,33,14,25,12,83,78,72,76,78,77,18,27,79,14,45,45,89,45,45,45,45,33,15,15,10,2107,,https://www.maddenratings.com/tim-settle
Washington Commanders,Will Harris,FS,Free Safety,3,Zone,72,30,"December 19, 1995",United States,Boston College,8,2019,81,Detroit Lions,88,90,65,83,74,87,89,85,86,23,14,15,10,10,15,15,68,65,52,37,32,28,39,68,56,35,82,64,35,64,72,14,69,27,33,52,73,72,65,72,77,65,35,35,56,35,35,35,35,15,15,11,45,2617,,https://www.maddenratings.com/will-harris
Washington Commanders,DJ Johnson,REDG,Right Edge,53,Power Rusher,71,27,"October 21, 1998",United States,Oregon,4,2023,80,Carolina Panthers,89,93,82,73,66,78,86,83,88,35,14,25,22,21,23,15,68,67,69,51,48,42,57,71,48,59,66,62,55,55,61,24,77,71,57,74,84,67,45,52,87,48,54,52,83,49,56,50,54,57,20,20,35,2988,,https://www.maddenratings.com/dj-johnson
Washington Commanders,Kaytron Allen,HB,Halfback,31,Power Back,71,23,"January 8, 2003",,Penn State,,,,,89,91,79,81,68,84,93,89,93,38,25,31,26,22,29,24,66,49,47,57,48,41,50,91,80,83,80,82,77,69,76,38,30,23,18,25,21,23,20,22,31,23,47,56,48,34,30,35,31,43,34,32,62,2684,,https://www.maddenratings.com/kaytron-allen
Washington Commanders,Shy Tuttle,DT,Defensive Tackle,79,,71,30,"October 20, 1995",United States,Tennessee,8,,,,74,73,82,70,68,70,89,78,85,16,10,6,6,6,6,6,44,33,29,15,7,3,15,30,10,34,58,17,53,30,25,12,84,60,68,75,80,70,22,26,79,20,45,45,82,45,45,45,45,27,15,12,10,2160,,https://www.maddenratings.com/shy-tuttle
Washington Commanders,Brandon Coleman,LT,Left Tackle,74,Power,70,25,"October 12, 2000",United States,TCU,3,2024,67,Washington Commanders,73,77,85,71,72,82,91,84,82,23,7,11,10,7,5,5,26,26,22,12,11,7,19,27,28,35,60,34,37,15,20,12,27,35,31,35,41,21,10,10,42,9,74,75,85,71,75,78,72,82,17,11,10,2087,,https://www.maddenratings.com/brandon-coleman
Washington Commanders,Percy Butler,FS,Free Safety,35,Hybrid,70,26,"May 29, 2000",United States,UL Lafayette,5,2022,113,Washington Commanders,91,95,57,83,72,84,87,88,73,26,8,16,13,10,16,7,60,57,53,35,31,26,26,59,46,36,83,58,33,65,72,19,58,30,37,51,73,72,72,69,77,60,34,34,48,34,34,34,34,21,20,15,35,2527,,https://www.maddenratings.com/percy-butler
Washington Commanders,Tre Hawkins III,CB,Cornerback,46,Man to Man,70,26,"August 1, 2000",United States,Old Dominion,4,2023,209,New York Giants,92,94,63,91,66,89,91,86,80,30,13,6,6,6,11,6,70,66,59,40,37,35,43,55,62,44,87,67,52,66,73,21,60,32,43,55,73,65,67,66,67,72,35,34,47,35,35,34,34,23,24,22,55,2685,,https://www.maddenratings.com/tre-hawkins-iii
Washington Commanders,Ben Sinnott,TE,Tight End,82,Vertical Threat,69,24,"June 14, 2002",United States,Kansas State,3,2024,53,Washington Commanders,83,89,70,88,64,90,90,82,86,26,15,15,10,5,10,10,79,77,76,68,62,55,67,74,70,72,78,76,68,67,70,23,55,54,45,50,55,40,33,46,58,31,59,57,62,52,58,52,57,56,23,18,28,2904,,https://www.maddenratings.com/ben-sinnott
Washington Commanders,Darius Rush,CB,Cornerback,29,Man to Man,69,26,"February 22, 2000",United States,South Carolina,4,2023,138,Indianapolis Colts,93,93,53,85,60,84,91,89,80,50,31,43,41,38,52,41,72,71,67,52,49,46,55,63,66,48,81,71,45,66,72,41,49,40,45,46,69,60,70,69,68,77,35,25,51,35,35,25,25,25,20,15,72,2945,,https://www.maddenratings.com/darius-rush
Washington Commanders,Jake Moody,K,Kicker,16,Power,68,26,"November 23, 1999",United States,Michigan,4,2023,99,San Francisco 49ers,65,64,51,59,51,66,91,85,60,35,17,34,32,26,19,16,33,15,12,10,8,7,12,40,15,15,51,16,11,25,21,17,29,10,10,21,32,10,12,15,30,10,15,15,16,10,10,10,10,10,94,73,10,1531,,https://www.maddenratings.com/jake-moody
Washington Commanders,Nick Bellore,MIKE,Mike Backer,57,Field General,68,37,"May 12, 1989",United States,Central Michigan,16,,,,84,79,80,78,71,79,87,78,80,25,10,6,6,6,6,6,61,40,47,52,40,33,41,68,28,60,75,50,55,48,56,12,83,64,50,67,76,68,58,70,73,50,63,66,67,57,53,43,38,77,20,16,10,2716,,https://www.maddenratings.com/nick-bellore
Washington Commanders,D.J. Davidson,DT,Defensive Tackle,77,,67,28,"September 19, 1997",United States,Arizona St.,5,2022,147,New York Giants,64,68,83,64,70,71,88,72,86,22,12,20,16,13,13,10,34,18,16,13,11,10,15,35,22,30,54,23,24,17,19,14,80,71,60,72,77,72,12,13,77,16,50,45,81,50,50,45,45,40,15,16,10,2124,,https://www.maddenratings.com/dj-davidson
Washington Commanders,Jordan Magee,MIKE,Mike Backer,58,Pass Coverage,67,25,"March 24, 2001",United States,Temple,3,2024,139,Washington Commanders,87,91,64,87,65,85,91,83,88,54,32,50,46,42,44,37,56,53,47,10,6,5,20,66,55,57,82,66,48,65,67,47,79,54,65,67,80,63,61,66,77,45,45,35,66,40,40,35,30,25,18,14,10,2811,,https://www.maddenratings.com/jordan-magee
Washington Commanders,Nick Nash,WR,Wide Receiver,19,Slot,67,27,"July 8, 1999",United States,San Jose St.,2,,,,87,90,65,81,71,82,89,84,86,65,50,53,51,48,52,32,81,78,79,72,71,63,65,66,70,46,79,78,43,66,72,41,32,20,23,30,36,32,22,30,38,24,44,27,37,22,26,27,19,28,27,25,72,2797,,https://www.maddenratings.com/nick-nash
Washington Commanders,Javontae Jean-Baptiste,LEDG,Left Edge,41,,66,26,"May 16, 2000",United States,Notre Dame,3,2024,222,Washington Commanders,84,85,77,67,67,83,89,74,80,18,5,9,6,5,6,6,52,29,45,43,38,34,42,30,33,49,58,42,46,35,41,15,75,64,63,72,78,69,31,30,74,22,40,48,80,40,40,49,48,20,34,29,10,2409,,https://www.maddenratings.com/javontae-jean-baptiste
Washington Commanders,John Bates,TE,Tight End,87,Possession,66,28,"November 6, 1997",United States,Boise State,6,2021,124,Washington Commanders,77,78,75,83,66,78,92,87,83,25,10,15,10,6,10,6,77,75,75,64,59,52,62,75,52,63,72,67,67,65,66,13,47,10,10,45,50,31,21,26,44,24,64,63,70,63,60,60,63,57,23,19,15,2670,,https://www.maddenratings.com/john-bates
Washington Commanders,Kain Medrano,WILL,Weak Backer,56,Run Stopper,66,25,"February 16, 2001",United States,UCLA,2,2025,205,Washington Commanders,90,92,71,85,66,89,89,87,88,22,18,24,21,18,29,15,50,49,43,24,21,18,22,61,39,42,80,47,42,44,47,31,77,49,52,62,79,64,55,61,77,45,40,40,70,40,40,40,40,22,21,18,10,2566,,https://www.maddenratings.com/kain-medrano
Washington Commanders,Tyler Ott,LS,Long Snapper,69,Accurate,66,34,"February 28, 1992",United States,Harvard,12,,,,74,76,72,64,55,75,92,76,83,39,10,10,10,10,10,10,69,59,54,48,43,38,44,68,20,34,60,48,42,41,48,18,52,19,24,43,57,25,15,25,53,25,49,54,56,40,35,50,40,41,25,24,10,2262,,https://www.maddenratings.com/tyler-ott
Washington Commanders,Jacoby Jones,WR,Wide Receiver,84,Slot,65,25,"July 18, 2001",United States,UCF,,,,,86,91,64,82,63,77,86,86,85,30,18,22,16,10,15,16,80,79,78,73,72,70,68,72,70,55,77,73,43,67,72,23,22,10,10,26,31,23,18,24,23,22,44,28,43,24,25,23,17,28,18,19,66,2463,,https://www.maddenratings.com/jacoby-jones
Washington Commanders,Andre Carter II,LEDG,Left Edge,55,Smaller Speed Rusher,65,26,"March 28, 2000",United States,Army,4,,,,75,85,67,84,57,74,87,74,88,22,6,6,6,6,15,6,58,61,59,52,46,35,49,57,49,55,74,59,57,51,57,21,78,62,70,64,79,55,31,43,84,40,45,40,68,45,45,40,40,36,14,16,34,2627,,https://www.maddenratings.com/andre-carter-ii
Washington Commanders,Ale Kaho,MIKE,Mike Backer,51,Pass Coverage,65,26,"April 7, 2000",United States,UCLA,2,,,,86,89,66,82,62,80,88,86,87,22,15,6,6,6,6,6,52,45,44,23,22,21,24,56,41,45,74,42,43,44,49,18,81,49,50,63,80,60,57,66,78,46,45,45,70,44,45,45,45,25,18,16,10,2474,,https://www.maddenratings.com/ale-kaho
Washington Commanders,Tyler Owens,SS,Strong Safety,18,Zone,65,25,"May 12, 2001",United States,Texas Tech,3,,,,93,94,63,79,62,93,89,83,84,22,10,6,6,6,6,6,65,62,59,20,16,12,15,64,54,35,76,68,38,61,71,16,62,27,36,54,72,58,63,68,59,64,35,35,50,35,35,35,35,14,19,17,39,2446,,https://www.maddenratings.com/tyler-owens
Washington Commanders,Anthony Firkser,TE,Tight End,46,Possession,64,31,"February 19, 1995",United States,Harvard,9,,,,79,77,73,78,56,77,90,85,78,22,10,6,6,6,6,6,81,79,79,67,61,59,68,73,62,64,71,60,63,54,63,10,38,10,10,35,35,22,25,24,23,15,59,57,64,58,56,57,53,47,13,13,10,2493,,https://www.maddenratings.com/anthony-firkser
Washington Commanders,Matt Gulbin,C,Center,66,Agile,64,23,"October 27, 2002",,Michigan St.,,,,,64,71,79,60,66,70,92,85,85,17,6,6,6,6,6,6,28,19,18,10,5,5,11,32,10,37,49,18,25,10,15,12,37,39,32,41,37,36,19,19,43,10,77,77,80,70,75,69,70,77,14,15,10,1976,,https://www.maddenratings.com/matt-gulbin
Washington Commanders,Tyler Cooper,RG,Right Guard,63,Power,64,25,"April 20, 2001",United States,Minnesota,2,,,,67,68,84,59,60,74,84,80,82,16,14,6,6,6,6,6,24,15,15,15,5,5,15,20,9,25,53,11,17,10,10,14,25,15,10,21,22,15,11,12,29,10,70,72,83,70,68,70,67,80,15,11,10,1767,,https://www.maddenratings.com/tyler-cooper
Washington Commanders,Athan Kaliakmanis,QB,Quarterback,16,,62,22,"August 20, 2003",,Rutgers,,,,,75,76,65,83,61,73,97,95,96,87,75,79,75,74,83,75,52,25,21,32,25,29,19,71,63,48,78,63,44,50,59,70,17,17,22,23,26,14,10,13,26,14,21,15,19,15,10,15,15,20,20,23,31,2404,,https://www.maddenratings.com/athan-kaliakmanis
Washington Commanders,Colson Yankoff,TE,Tight End,80,Vertical Threat,61,26,"March 1, 2000",United States,UCLA,2,,,,85,88,71,83,69,81,88,80,80,59,51,53,45,42,53,55,73,70,72,58,53,50,62,71,56,63,79,66,62,56,62,53,41,16,21,40,34,17,12,21,38,18,56,54,58,52,56,53,55,51,16,17,10,2825,,https://www.maddenratings.com/colson-yankoff
Washington Commanders,Trent Scott,RT,Right Tackle,73,Power,60,32,"January 25, 1994",United States,Grambling St.,9,,,,67,57,80,53,65,66,90,83,88,22,11,6,6,6,6,6,27,15,15,14,5,5,16,32,7,20,43,12,15,12,11,12,28,26,20,28,29,19,11,14,24,10,67,67,78,70,62,68,67,76,18,19,9,1783,,https://www.maddenratings.com/trent-scott
Washington Commanders,Sam Hartman,QB,Quarterback,15,,58,27,"July 29, 1999",United States,Notre Dame,3,,,,79,84,58,77,46,73,93,92,93,86,75,80,75,73,75,76,28,18,14,20,15,10,20,63,59,37,80,70,34,50,60,63,29,10,10,26,28,14,10,15,24,10,25,25,25,19,19,16,12,25,30,26,18,2292,,https://www.maddenratings.com/sam-hartman
Washington Commanders,Foster Sarell,LT,Left Tackle,79,Power,55,27,"August 28, 1998",United States,Stanford,6,,,,53,59,86,53,65,68,91,78,76,22,14,6,6,6,6,6,23,21,14,16,12,10,13,31,11,25,47,10,15,10,10,12,35,10,10,25,28,15,10,10,20,10,64,59,70,67,62,57,61,72,17,12,10,1699,,https://www.maddenratings.com/foster-sarell
